k,statistic,draw,value
3,median,0,0.0
3,median,1,0.0
3,median,2,0.0
3,median,3,0.0
3,median,4,0.0
3,median,5,0.0
3,median,6,0.0
3,median,7,0.0
3,median,8,0.0
3,median,9,0.0
3,median,10,0.0
3,median,11,0.0
3,median,12,0.0
3,median,13,0.0
3,median,14,0.0
3,median,15,0.0
3,median,16,0.0
3,median,17,0.0
3,median,18,0.0
3,median,19,0.0
3,median,20,0.0
3,median,21,0.0
3,median,22,0.0
3,median,23,0.0
3,median,24,0.0
3,median,25,0.0
3,median,26,0.0
3,median,27,0.0
3,median,28,0.0
3,median,29,0.0
3,median,30,0.0
3,median,31,0.0
3,median,32,0.0
3,median,33,0.0
3,median,34,0.0
3,median,35,0.0
3,median,36,0.0
3,median,37,0.0
3,median,38,0.0
3,median,39,0.0
3,median,40,0.0
3,median,41,0.0
3,median,42,0.0
3,median,43,0.0
3,median,44,0.0
3,median,45,0.0
3,median,46,0.0
3,median,47,0.0
3,median,48,0.0
3,median,49,0.0
3,median,50,0.0
3,median,51,0.0
3,median,52,0.0
3,median,53,0.0
3,median,54,0.0
3,median,55,0.0
3,median,56,0.0
3,median,57,0.0
3,median,58,0.0
3,median,59,0.0
3,median,60,0.0
3,median,61,0.0
3,median,62,0.0
3,median,63,0.0
3,median,64,0.0
3,median,65,0.0
3,median,66,0.0
3,median,67,0.0
3,median,68,0.0
3,median,69,0.0
3,median,70,0.0
3,median,71,0.0
3,median,72,0.0
3,median,73,0.0
3,median,74,0.0
3,median,75,0.0
3,median,76,0.0
3,median,77,0.0
3,median,78,0.0
3,median,79,0.0
3,median,80,0.0
3,median,81,0.0
3,median,82,0.0
3,median,83,0.0
3,median,84,0.0
3,median,85,0.0
3,median,86,0.0
3,median,87,0.0
3,median,88,0.0
3,median,89,0.0
3,median,90,0.0
3,median,91,0.0
3,median,92,0.0
3,median,93,0.0
3,median,94,0.0
3,median,95,0.0
3,median,96,0.0
3,median,97,0.0
3,median,98,0.0
3,median,99,0.0
3,median,100,0.0
3,median,101,0.0
3,median,102,0.0
3,median,103,0.0
3,median,104,0.0
3,median,105,0.0
3,median,106,0.0
3,median,107,0.0
3,median,108,0.0
3,median,109,0.0
3,median,110,0.0
3,median,111,0.0
3,median,112,0.0
3,median,113,0.0
3,median,114,0.0
3,median,115,0.0
3,median,116,0.0
3,median,117,0.0
3,median,118,0.0
3,median,119,0.0
3,median,120,0.0
3,median,121,0.0
3,median,122,0.0
3,median,123,0.0
3,median,124,0.0
3,median,125,0.0
3,median,126,0.0
3,median,127,0.0
3,median,128,0.0
3,median,129,0.0
3,median,130,0.0
3,median,131,0.0
3,median,132,0.0
3,median,133,0.0
3,median,134,0.0
3,median,135,0.0
3,median,136,0.0
3,median,137,0.0
3,median,138,0.0
3,median,139,0.0
3,median,140,0.0
3,median,141,0.0
3,median,142,0.0
3,median,143,0.0
3,median,144,0.0
3,median,145,0.0
3,median,146,0.0
3,median,147,0.0
3,median,148,0.0
3,median,149,0.0
3,median,150,0.0
3,median,151,0.0
3,median,152,0.0
3,median,153,0.0
3,median,154,0.0
3,median,155,0.0
3,median,156,0.0
3,median,157,0.0
3,median,158,0.0
3,median,159,0.0
3,median,160,0.0
3,median,161,0.0
3,median,162,0.0
3,median,163,0.0
3,median,164,0.0
3,median,165,0.0
3,median,166,0.0
3,median,167,0.0
3,median,168,0.0
3,median,169,0.0
3,median,170,0.0
3,median,171,0.0
3,median,172,0.0
3,median,173,0.0
3,median,174,0.0
3,median,175,0.0
3,median,176,0.0
3,median,177,0.0
3,median,178,0.0
3,median,179,0.0
3,median,180,0.0
3,median,181,0.0
3,median,182,0.0
3,median,183,0.0
3,median,184,0.0
3,median,185,0.0
3,median,186,0.0
3,median,187,0.0
3,median,188,0.0
3,median,189,0.0
3,median,190,0.0
3,median,191,0.0
3,median,192,0.0
3,median,193,0.0
3,median,194,0.0
3,median,195,0.0
3,median,196,0.0
3,median,197,0.0
3,median,198,0.0
3,median,199,0.0
3,median,200,0.0
3,median,201,0.0
3,median,202,0.0
3,median,203,0.0
3,median,204,0.0
3,median,205,0.0
3,median,206,0.0
3,median,207,0.0
3,median,208,0.0
3,median,209,0.0
3,median,210,0.0
3,median,211,0.0
3,median,212,0.0
3,median,213,0.0
3,median,214,0.0
3,median,215,0.0
3,median,216,0.0
3,median,217,0.0
3,median,218,0.0
3,median,219,0.0
3,median,220,0.0
3,median,221,0.0
3,median,222,0.0
3,median,223,0.0
3,median,224,0.0
3,median,225,0.0
3,median,226,0.0
3,median,227,0.0
3,median,228,0.0
3,median,229,0.0
3,median,230,0.0
3,median,231,0.0
3,median,232,0.0
3,median,233,0.0
3,median,234,0.0
3,median,235,0.0
3,median,236,0.0
3,median,237,0.0
3,median,238,0.0
3,median,239,0.0
3,median,240,0.0
3,median,241,0.0
3,median,242,0.0
3,median,243,0.0
3,median,244,0.0
3,median,245,0.0
3,median,246,0.0
3,median,247,0.0
3,median,248,0.0
3,median,249,0.0
3,median,250,0.0
3,median,251,0.0
3,median,252,0.0
3,median,253,0.0
3,median,254,0.0
3,median,255,0.0
3,median,256,0.0
3,median,257,0.0
3,median,258,0.0
3,median,259,0.0
3,median,260,0.0
3,median,261,0.0
3,median,262,0.0
3,median,263,0.0
3,median,264,0.0
3,median,265,0.0
3,median,266,0.0
3,median,267,0.0
3,median,268,0.0
3,median,269,0.0
3,median,270,0.0
3,median,271,0.0
3,median,272,0.0
3,median,273,0.0
3,median,274,0.0
3,median,275,0.0
3,median,276,0.0
3,median,277,0.0
3,median,278,0.0
3,median,279,0.0
3,median,280,0.0
3,median,281,0.0
3,median,282,0.0
3,median,283,0.0
3,median,284,0.0
3,median,285,0.0
3,median,286,0.0
3,median,287,0.0
3,median,288,0.0
3,median,289,0.0
3,median,290,0.0
3,median,291,0.0
3,median,292,0.0
3,median,293,0.0
3,median,294,0.0
3,median,295,0.0
3,median,296,0.0
3,median,297,0.0
3,median,298,0.0
3,median,299,0.0
3,median,300,0.0
3,median,301,0.0
3,median,302,0.0
3,median,303,0.0
3,median,304,0.0
3,median,305,0.0
3,median,306,0.0
3,median,307,0.0
3,median,308,0.0
3,median,309,0.0
3,median,310,0.0
3,median,311,0.0
3,median,312,0.0
3,median,313,0.0
3,median,314,0.0
3,median,315,0.0
3,median,316,0.0
3,median,317,0.0
3,median,318,0.0
3,median,319,0.0
3,median,320,0.0
3,median,321,0.0
3,median,322,0.0
3,median,323,0.0
3,median,324,0.0
3,median,325,0.0
3,median,326,0.0
3,median,327,0.0
3,median,328,0.0
3,median,329,0.0
3,median,330,0.0
3,median,331,0.0
3,median,332,0.0
3,median,333,0.0
3,median,334,0.0
3,median,335,0.0
3,median,336,0.0
3,median,337,0.0
3,median,338,0.0
3,median,339,0.0
3,median,340,0.0
3,median,341,0.0
3,median,342,0.0
3,median,343,0.0
3,median,344,0.0
3,median,345,0.0
3,median,346,0.0
3,median,347,0.0
3,median,348,0.0
3,median,349,0.0
3,median,350,0.0
3,median,351,0.0
3,median,352,0.0
3,median,353,0.0
3,median,354,0.0
3,median,355,0.0
3,median,356,0.0
3,median,357,0.0
3,median,358,0.0
3,median,359,0.0
3,median,360,0.0
3,median,361,0.0
3,median,362,0.0
3,median,363,0.0
3,median,364,0.0
3,median,365,0.0
3,median,366,0.0
3,median,367,0.0
3,median,368,0.0
3,median,369,0.0
3,median,370,0.0
3,median,371,0.0
3,median,372,0.0
3,median,373,0.0
3,median,374,0.0
3,median,375,0.0
3,median,376,0.0
3,median,377,0.0
3,median,378,0.0
3,median,379,0.0
3,median,380,0.0
3,median,381,0.0
3,median,382,0.0
3,median,383,0.0
3,median,384,0.0
3,median,385,0.0
3,median,386,0.0
3,median,387,0.0
3,median,388,0.0
3,median,389,0.0
3,median,390,0.0
3,median,391,0.0
3,median,392,0.0
3,median,393,0.0
3,median,394,0.0
3,median,395,0.0
3,median,396,0.0
3,median,397,0.0
3,median,398,0.0
3,median,399,0.0
3,median,400,0.0
3,median,401,0.0
3,median,402,0.0
3,median,403,0.0
3,median,404,0.0
3,median,405,0.0
3,median,406,0.0
3,median,407,0.0
3,median,408,0.0
3,median,409,0.0
3,median,410,0.0
3,median,411,0.0
3,median,412,0.0
3,median,413,0.0
3,median,414,0.0
3,median,415,0.0
3,median,416,0.0
3,median,417,0.0
3,median,418,0.0
3,median,419,0.0
3,median,420,0.0
3,median,421,0.0
3,median,422,0.0
3,median,423,0.0
3,median,424,0.0
3,median,425,0.0
3,median,426,0.0
3,median,427,0.0
3,median,428,0.0
3,median,429,0.0
3,median,430,0.0
3,median,431,0.0
3,median,432,0.0
3,median,433,0.0
3,median,434,0.0
3,median,435,0.0
3,median,436,0.0
3,median,437,0.0
3,median,438,0.0
3,median,439,0.0
3,median,440,0.0
3,median,441,0.0
3,median,442,0.0
3,median,443,0.0
3,median,444,0.0
3,median,445,0.0
3,median,446,0.0
3,median,447,0.0
3,median,448,0.0
3,median,449,0.0
3,median,450,0.0
3,median,451,0.0
3,median,452,0.0
3,median,453,0.0
3,median,454,0.0
3,median,455,0.0
3,median,456,0.0
3,median,457,0.0
3,median,458,0.0
3,median,459,0.0
3,median,460,0.0
3,median,461,0.0
3,median,462,0.0
3,median,463,0.0
3,median,464,0.0
3,median,465,0.0
3,median,466,0.0
3,median,467,0.0
3,median,468,0.0
3,median,469,0.0
3,median,470,0.0
3,median,471,0.0
3,median,472,0.0
3,median,473,0.0
3,median,474,0.0
3,median,475,0.0
3,median,476,0.0
3,median,477,0.0
3,median,478,0.0
3,median,479,0.0
3,median,480,0.0
3,median,481,0.0
3,median,482,0.0
3,median,483,0.0
3,median,484,0.0
3,median,485,0.0
3,median,486,0.0
3,median,487,0.0
3,median,488,0.0
3,median,489,0.0
3,median,490,0.0
3,median,491,0.0
3,median,492,0.0
3,median,493,0.0
3,median,494,0.0
3,median,495,0.0
3,median,496,0.0
3,median,497,0.0
3,median,498,0.0
3,median,499,0.0
3,median,500,0.0
3,median,501,0.0
3,median,502,0.0
3,median,503,0.0
3,median,504,0.0
3,median,505,0.0
3,median,506,0.0
3,median,507,0.0
3,median,508,0.0
3,median,509,0.0
3,median,510,0.0
3,median,511,0.0
3,median,512,0.0
3,median,513,0.0
3,median,514,0.0
3,median,515,0.0
3,median,516,0.0
3,median,517,0.0
3,median,518,0.0
3,median,519,0.0
3,median,520,0.0
3,median,521,0.0
3,median,522,0.0
3,median,523,0.0
3,median,524,0.0
3,median,525,0.0
3,median,526,0.0
3,median,527,0.0
3,median,528,0.0
3,median,529,0.0
3,median,530,0.0
3,median,531,0.0
3,median,532,0.0
3,median,533,0.0
3,median,534,0.0
3,median,535,0.0
3,median,536,0.0
3,median,537,0.0
3,median,538,0.0
3,median,539,0.0
3,median,540,0.0
3,median,541,0.0
3,median,542,0.0
3,median,543,0.0
3,median,544,0.0
3,median,545,0.0
3,median,546,0.0
3,median,547,0.0
3,median,548,0.0
3,median,549,0.0
3,median,550,0.0
3,median,551,0.0
3,median,552,0.0
3,median,553,0.0
3,median,554,0.0
3,median,555,0.0
3,median,556,0.0
3,median,557,0.0
3,median,558,0.0
3,median,559,0.0
3,median,560,0.0
3,median,561,0.0
3,median,562,0.0
3,median,563,0.0
3,median,564,0.0
3,median,565,0.0
3,median,566,0.0
3,median,567,0.0
3,median,568,0.0
3,median,569,0.0
3,median,570,0.0
3,median,571,0.0
3,median,572,0.0
3,median,573,0.0
3,median,574,0.0
3,median,575,0.0
3,median,576,0.0
3,median,577,0.0
3,median,578,0.0
3,median,579,0.0
3,median,580,0.0
3,median,581,0.0
3,median,582,0.0
3,median,583,0.0
3,median,584,0.0
3,median,585,0.0
3,median,586,0.0
3,median,587,0.0
3,median,588,0.0
3,median,589,0.0
3,median,590,0.0
3,median,591,0.0
3,median,592,0.0
3,median,593,0.0
3,median,594,0.0
3,median,595,0.0
3,median,596,0.0
3,median,597,0.0
3,median,598,0.0
3,median,599,0.0
3,median,600,0.0
3,median,601,0.0
3,median,602,0.0
3,median,603,0.0
3,median,604,0.0
3,median,605,0.0
3,median,606,0.0
3,median,607,0.0
3,median,608,0.0
3,median,609,0.0
3,median,610,0.0
3,median,611,0.0
3,median,612,0.0
3,median,613,0.0
3,median,614,0.0
3,median,615,0.0
3,median,616,0.0
3,median,617,0.0
3,median,618,0.0
3,median,619,0.0
3,median,620,0.0
3,median,621,0.0
3,median,622,0.0
3,median,623,0.0
3,median,624,0.0
3,median,625,0.0
3,median,626,0.0
3,median,627,0.0
3,median,628,0.0
3,median,629,0.0
3,median,630,0.0
3,median,631,0.0
3,median,632,0.0
3,median,633,0.0
3,median,634,0.0
3,median,635,0.0
3,median,636,0.0
3,median,637,0.0
3,median,638,0.0
3,median,639,0.0
3,median,640,0.0
3,median,641,0.0
3,median,642,0.0
3,median,643,0.0
3,median,644,0.0
3,median,645,0.0
3,median,646,0.0
3,median,647,0.0
3,median,648,0.0
3,median,649,0.0
3,median,650,0.0
3,median,651,0.0
3,median,652,0.0
3,median,653,0.0
3,median,654,0.0
3,median,655,0.0
3,median,656,0.0
3,median,657,0.0
3,median,658,0.0
3,median,659,0.0
3,median,660,0.0
3,median,661,0.0
3,median,662,0.0
3,median,663,0.0
3,median,664,0.0
3,median,665,0.0
3,median,666,0.0
3,median,667,0.0
3,median,668,0.0
3,median,669,0.0
3,median,670,0.0
3,median,671,0.0
3,median,672,0.0
3,median,673,0.0
3,median,674,0.0
3,median,675,0.0
3,median,676,0.0
3,median,677,0.0
3,median,678,0.0
3,median,679,0.0
3,median,680,0.0
3,median,681,0.0
3,median,682,0.0
3,median,683,0.0
3,median,684,0.0
3,median,685,0.0
3,median,686,0.0
3,median,687,0.0
3,median,688,0.0
3,median,689,0.0
3,median,690,0.0
3,median,691,0.0
3,median,692,0.0
3,median,693,0.0
3,median,694,0.0
3,median,695,0.0
3,median,696,0.0
3,median,697,0.0
3,median,698,0.0
3,median,699,0.0
3,median,700,0.0
3,median,701,0.0
3,median,702,0.0
3,median,703,0.0
3,median,704,0.0
3,median,705,0.0
3,median,706,0.0
3,median,707,0.0
3,median,708,0.0
3,median,709,0.0
3,median,710,0.0
3,median,711,0.0
3,median,712,0.0
3,median,713,0.0
3,median,714,0.0
3,median,715,0.0
3,median,716,0.0
3,median,717,0.0
3,median,718,0.0
3,median,719,0.0
3,median,720,0.0
3,median,721,0.0
3,median,722,0.0
3,median,723,0.0
3,median,724,0.0
3,median,725,0.0
3,median,726,0.0
3,median,727,0.0
3,median,728,0.0
3,median,729,0.0
3,median,730,0.0
3,median,731,0.0
3,median,732,0.0
3,median,733,0.0
3,median,734,0.0
3,median,735,0.0
3,median,736,0.0
3,median,737,0.0
3,median,738,0.0
3,median,739,0.0
3,median,740,0.0
3,median,741,0.0
3,median,742,0.0
3,median,743,0.0
3,median,744,0.0
3,median,745,0.0
3,median,746,0.0
3,median,747,0.0
3,median,748,0.0
3,median,749,0.0
3,median,750,0.0
3,median,751,0.0
3,median,752,0.0
3,median,753,0.0
3,median,754,0.0
3,median,755,0.0
3,median,756,0.0
3,median,757,0.0
3,median,758,0.0
3,median,759,0.0
3,median,760,0.0
3,median,761,0.0
3,median,762,0.0
3,median,763,0.0
3,median,764,0.0
3,median,765,0.0
3,median,766,0.0
3,median,767,0.0
3,median,768,0.0
3,median,769,0.0
3,median,770,0.0
3,median,771,0.0
3,median,772,0.0
3,median,773,0.0
3,median,774,0.0
3,median,775,0.0
3,median,776,0.0
3,median,777,0.0
3,median,778,0.0
3,median,779,0.0
3,median,780,0.0
3,median,781,0.0
3,median,782,0.0
3,median,783,0.0
3,median,784,0.0
3,median,785,0.0
3,median,786,0.0
3,median,787,0.0
3,median,788,0.0
3,median,789,0.0
3,median,790,0.0
3,median,791,0.0
3,median,792,0.0
3,median,793,0.0
3,median,794,0.0
3,median,795,0.0
3,median,796,0.0
3,median,797,0.0
3,median,798,0.0
3,median,799,0.0
3,median,800,0.0
3,median,801,0.0
3,median,802,0.0
3,median,803,0.0
3,median,804,0.0
3,median,805,0.0
3,median,806,0.0
3,median,807,0.0
3,median,808,0.0
3,median,809,0.0
3,median,810,0.0
3,median,811,0.0
3,median,812,0.0
3,median,813,0.0
3,median,814,0.0
3,median,815,0.0
3,median,816,0.0
3,median,817,0.0
3,median,818,0.0
3,median,819,0.0
3,median,820,0.0
3,median,821,0.0
3,median,822,0.0
3,median,823,0.0
3,median,824,0.0
3,median,825,0.0
3,median,826,0.0
3,median,827,0.0
3,median,828,0.0
3,median,829,0.0
3,median,830,0.0
3,median,831,0.0
3,median,832,0.0
3,median,833,0.0
3,median,834,0.0
3,median,835,0.0
3,median,836,0.0
3,median,837,0.0
3,median,838,0.0
3,median,839,0.0
3,median,840,0.0
3,median,841,0.0
3,median,842,0.0
3,median,843,0.0
3,median,844,0.0
3,median,845,0.0
3,median,846,0.0
3,median,847,0.0
3,median,848,0.0
3,median,849,0.0
3,median,850,0.0
3,median,851,0.0
3,median,852,0.0
3,median,853,0.0
3,median,854,0.0
3,median,855,0.0
3,median,856,0.0
3,median,857,0.0
3,median,858,0.0
3,median,859,0.0
3,median,860,0.0
3,median,861,0.0
3,median,862,0.0
3,median,863,0.0
3,median,864,0.0
3,median,865,0.0
3,median,866,0.0
3,median,867,0.0
3,median,868,0.0
3,median,869,0.0
3,median,870,0.0
3,median,871,0.0
3,median,872,0.0
3,median,873,0.0
3,median,874,0.0
3,median,875,0.0
3,median,876,0.0
3,median,877,0.0
3,median,878,0.0
3,median,879,0.0
3,median,880,0.0
3,median,881,0.0
3,median,882,0.0
3,median,883,0.0
3,median,884,0.0
3,median,885,0.0
3,median,886,0.0
3,median,887,0.0
3,median,888,0.0
3,median,889,0.0
3,median,890,0.0
3,median,891,0.0
3,median,892,0.0
3,median,893,0.0
3,median,894,0.0
3,median,895,0.0
3,median,896,0.0
3,median,897,0.0
3,median,898,0.0
3,median,899,0.0
3,median,900,0.0
3,median,901,0.0
3,median,902,0.0
3,median,903,0.0
3,median,904,0.0
3,median,905,0.0
3,median,906,0.0
3,median,907,0.0
3,median,908,0.0
3,median,909,0.0
3,median,910,0.0
3,median,911,0.0
3,median,912,0.0
3,median,913,0.0
3,median,914,0.0
3,median,915,0.0
3,median,916,0.0
3,median,917,0.0
3,median,918,0.0
3,median,919,0.0
3,median,920,0.0
3,median,921,0.0
3,median,922,0.0
3,median,923,0.0
3,median,924,0.0
3,median,925,0.0
3,median,926,0.0
3,median,927,0.0
3,median,928,0.0
3,median,929,0.0
3,median,930,0.0
3,median,931,0.0
3,median,932,0.0
3,median,933,0.0
3,median,934,0.0
3,median,935,0.0
3,median,936,0.0
3,median,937,0.0
3,median,938,0.0
3,median,939,0.0
3,median,940,0.0
3,median,941,0.0
3,median,942,0.0
3,median,943,0.0
3,median,944,0.0
3,median,945,0.0
3,median,946,0.0
3,median,947,0.0
3,median,948,0.0
3,median,949,0.0
3,median,950,0.0
3,median,951,0.0
3,median,952,0.0
3,median,953,0.0
3,median,954,0.0
3,median,955,0.0
3,median,956,0.0
3,median,957,0.0
3,median,958,0.0
3,median,959,0.0
3,median,960,0.0
3,median,961,0.0
3,median,962,0.0
3,median,963,0.0
3,median,964,0.0
3,median,965,0.0
3,median,966,0.0
3,median,967,0.0
3,median,968,0.0
3,median,969,0.0
3,median,970,0.0
3,median,971,0.0
3,median,972,0.0
3,median,973,0.0
3,median,974,0.0
3,median,975,0.0
3,median,976,0.0
3,median,977,0.0
3,median,978,0.0
3,median,979,0.0
3,median,980,0.0
3,median,981,0.0
3,median,982,0.0
3,median,983,0.0
3,median,984,0.0
3,median,985,0.0
3,median,986,0.0
3,median,987,0.0
3,median,988,0.0
3,median,989,0.0
3,median,990,0.0
3,median,991,0.0
3,median,992,0.0
3,median,993,0.0
3,median,994,0.0
3,median,995,0.0
3,median,996,0.0
3,median,997,0.0
3,median,998,0.0
3,median,999,0.0
3,median,1000,0.0
3,median,1001,0.0
3,median,1002,0.0
3,median,1003,0.0
3,median,1004,0.0
3,median,1005,0.0
3,median,1006,0.0
3,median,1007,0.0
3,median,1008,0.0
3,median,1009,0.0
3,median,1010,0.0
3,median,1011,0.0
3,median,1012,0.0
3,median,1013,0.0
3,median,1014,0.0
3,median,1015,0.0
3,median,1016,0.0
3,median,1017,0.0
3,median,1018,0.0
3,median,1019,0.0
3,median,1020,0.0
3,median,1021,0.0
3,median,1022,0.0
3,median,1023,0.0
3,median,1024,0.0
3,median,1025,0.0
3,median,1026,0.0
3,median,1027,0.0
3,median,1028,0.0
3,median,1029,0.0
3,median,1030,0.0
3,median,1031,0.0
3,median,1032,0.0
3,median,1033,0.0
3,median,1034,0.0
3,median,1035,0.0
3,median,1036,0.0
3,median,1037,0.0
3,median,1038,0.0
3,median,1039,0.0
3,median,1040,0.0
3,median,1041,0.0
3,median,1042,0.0
3,median,1043,0.0
3,median,1044,0.0
3,median,1045,0.0
3,median,1046,0.0
3,median,1047,0.0
3,median,1048,0.0
3,median,1049,0.0
3,median,1050,0.0
3,median,1051,0.0
3,median,1052,0.0
3,median,1053,0.0
3,median,1054,0.0
3,median,1055,0.0
3,median,1056,0.0
3,median,1057,0.0
3,median,1058,0.0
3,median,1059,0.0
3,median,1060,0.0
3,median,1061,0.0
3,median,1062,0.0
3,median,1063,0.0
3,median,1064,0.0
3,median,1065,0.0
3,median,1066,0.0
3,median,1067,0.0
3,median,1068,0.0
3,median,1069,0.0
3,median,1070,0.0
3,median,1071,0.0
3,median,1072,0.0
3,median,1073,0.0
3,median,1074,0.0
3,median,1075,0.0
3,median,1076,0.0
3,median,1077,0.0
3,median,1078,0.0
3,median,1079,0.0
3,median,1080,0.0
3,median,1081,0.0
3,median,1082,0.0
3,median,1083,0.0
3,median,1084,0.0
3,median,1085,0.0
3,median,1086,0.0
3,median,1087,0.0
3,median,1088,0.0
3,median,1089,0.0
3,median,1090,0.0
3,median,1091,0.0
3,median,1092,0.0
3,median,1093,0.0
3,median,1094,0.0
3,median,1095,0.0
3,median,1096,0.0
3,median,1097,0.0
3,median,1098,0.0
3,median,1099,0.0
3,median,1100,0.0
3,median,1101,0.0
3,median,1102,0.0
3,median,1103,0.0
3,median,1104,0.0
3,median,1105,0.0
3,median,1106,0.0
3,median,1107,0.0
3,median,1108,0.0
3,median,1109,0.0
3,median,1110,0.0
3,median,1111,0.0
3,median,1112,0.0
3,median,1113,0.0
3,median,1114,0.0
3,median,1115,0.0
3,median,1116,0.0
3,median,1117,0.0
3,median,1118,0.0
3,median,1119,0.0
3,median,1120,0.0
3,median,1121,0.0
3,median,1122,0.0
3,median,1123,0.0
3,median,1124,0.0
3,median,1125,0.0
3,median,1126,0.0
3,median,1127,0.0
3,median,1128,0.0
3,median,1129,0.0
3,median,1130,0.0
3,median,1131,0.0
3,median,1132,0.0
3,median,1133,0.0
3,median,1134,0.0
3,median,1135,0.0
3,median,1136,0.0
3,median,1137,0.0
3,median,1138,0.0
3,median,1139,0.0
3,median,1140,0.0
3,median,1141,0.0
3,median,1142,0.0
3,median,1143,0.0
3,median,1144,0.0
3,median,1145,0.0
3,median,1146,0.0
3,median,1147,0.0
3,median,1148,0.0
3,median,1149,0.0
3,median,1150,0.0
3,median,1151,0.0
3,median,1152,0.0
3,median,1153,0.0
3,median,1154,0.0
3,median,1155,0.0
3,median,1156,0.0
3,median,1157,0.0
3,median,1158,0.0
3,median,1159,0.0
3,median,1160,0.0
3,median,1161,0.0
3,median,1162,0.0
3,median,1163,0.0
3,median,1164,0.0
3,median,1165,0.0
3,median,1166,0.0
3,median,1167,0.0
3,median,1168,0.0
3,median,1169,0.0
3,median,1170,0.0
3,median,1171,0.0
3,median,1172,0.0
3,median,1173,0.0
3,median,1174,0.0
3,median,1175,0.0
3,median,1176,0.0
3,median,1177,0.0
3,median,1178,0.0
3,median,1179,0.0
3,median,1180,0.0
3,median,1181,0.0
3,median,1182,0.0
3,median,1183,0.0
3,median,1184,0.0
3,median,1185,0.0
3,median,1186,0.0
3,median,1187,0.0
3,median,1188,0.0
3,median,1189,0.0
3,median,1190,0.0
3,median,1191,0.0
3,median,1192,0.0
3,median,1193,0.0
3,median,1194,0.0
3,median,1195,0.0
3,median,1196,0.0
3,median,1197,0.0
3,median,1198,0.0
3,median,1199,0.0
3,median,1200,0.0
3,median,1201,0.0
3,median,1202,0.0
3,median,1203,0.0
3,median,1204,0.0
3,median,1205,0.0
3,median,1206,0.0
3,median,1207,0.0
3,median,1208,0.0
3,median,1209,0.0
3,median,1210,0.0
3,median,1211,0.0
3,median,1212,0.0
3,median,1213,0.0
3,median,1214,0.0
3,median,1215,0.0
3,median,1216,0.0
3,median,1217,0.0
3,median,1218,0.0
3,median,1219,0.0
3,median,1220,0.0
3,median,1221,0.0
3,median,1222,0.0
3,median,1223,0.0
3,median,1224,0.0
3,median,1225,0.0
3,median,1226,0.0
3,median,1227,0.0
3,median,1228,0.0
3,median,1229,0.0
3,median,1230,0.0
3,median,1231,0.0
3,median,1232,0.0
3,median,1233,0.0
3,median,1234,0.0
3,median,1235,0.0
3,median,1236,0.0
3,median,1237,0.0
3,median,1238,0.0
3,median,1239,0.0
3,median,1240,0.0
3,median,1241,0.0
3,median,1242,0.0
3,median,1243,0.0
3,median,1244,0.0
3,median,1245,0.0
3,median,1246,0.0
3,median,1247,0.0
3,median,1248,0.0
3,median,1249,0.0
3,median,1250,0.0
3,median,1251,0.0
3,median,1252,0.0
3,median,1253,0.0
3,median,1254,0.0
3,median,1255,0.0
3,median,1256,0.0
3,median,1257,0.0
3,median,1258,0.0
3,median,1259,0.0
3,median,1260,0.0
3,median,1261,0.0
3,median,1262,0.0
3,median,1263,0.0
3,median,1264,0.0
3,median,1265,0.0
3,median,1266,0.0
3,median,1267,0.0
3,median,1268,0.0
3,median,1269,0.0
3,median,1270,0.0
3,median,1271,0.0
3,median,1272,0.0
3,median,1273,0.0
3,median,1274,0.0
3,median,1275,0.0
3,median,1276,0.0
3,median,1277,0.0
3,median,1278,0.0
3,median,1279,0.0
3,median,1280,0.0
3,median,1281,0.0
3,median,1282,0.0
3,median,1283,0.0
3,median,1284,0.0
3,median,1285,0.0
3,median,1286,0.0
3,median,1287,0.0
3,median,1288,0.0
3,median,1289,0.0
3,median,1290,0.0
3,median,1291,0.0
3,median,1292,0.0
3,median,1293,0.0
3,median,1294,0.0
3,median,1295,0.0
3,median,1296,0.0
3,median,1297,0.0
3,median,1298,0.0
3,median,1299,0.0
3,median,1300,0.0
3,median,1301,0.0
3,median,1302,0.0
3,median,1303,0.0
3,median,1304,0.0
3,median,1305,0.0
3,median,1306,0.0
3,median,1307,0.0
3,median,1308,0.0
3,median,1309,0.0
3,median,1310,0.0
3,median,1311,0.0
3,median,1312,0.0
3,median,1313,0.0
3,median,1314,0.0
3,median,1315,0.0
3,median,1316,0.0
3,median,1317,0.0
3,median,1318,0.0
3,median,1319,0.0
3,median,1320,0.0
3,median,1321,0.0
3,median,1322,0.0
3,median,1323,0.0
3,median,1324,0.0
3,median,1325,0.0
3,median,1326,0.0
3,median,1327,0.0
3,median,1328,0.0
3,median,1329,0.0
3,median,1330,0.0
3,median,1331,0.0
3,median,1332,0.0
3,median,1333,0.0
3,median,1334,0.0
3,median,1335,0.0
3,median,1336,0.0
3,median,1337,0.0
3,median,1338,0.0
3,median,1339,0.0
3,median,1340,0.0
3,median,1341,0.0
3,median,1342,0.0
3,median,1343,0.0
3,median,1344,0.0
3,median,1345,0.0
3,median,1346,0.0
3,median,1347,0.0
3,median,1348,0.0
3,median,1349,0.0
3,median,1350,0.0
3,median,1351,0.0
3,median,1352,0.0
3,median,1353,0.0
3,median,1354,0.0
3,median,1355,0.0
3,median,1356,0.0
3,median,1357,0.0
3,median,1358,0.0
3,median,1359,0.0
3,median,1360,0.0
3,median,1361,0.0
3,median,1362,0.0
3,median,1363,0.0
3,median,1364,0.0
3,median,1365,0.0
3,median,1366,0.0
3,median,1367,0.0
3,median,1368,0.0
3,median,1369,0.0
3,median,1370,0.0
3,median,1371,0.0
3,median,1372,0.0
3,median,1373,0.0
3,median,1374,0.0
3,median,1375,0.0
3,median,1376,0.0
3,median,1377,0.0
3,median,1378,0.0
3,median,1379,0.0
3,median,1380,0.0
3,median,1381,0.0
3,median,1382,0.0
3,median,1383,0.0
3,median,1384,0.0
3,median,1385,0.0
3,median,1386,0.0
3,median,1387,0.0
3,median,1388,0.0
3,median,1389,0.0
3,median,1390,0.0
3,median,1391,0.0
3,median,1392,0.0
3,median,1393,0.0
3,median,1394,0.0
3,median,1395,0.0
3,median,1396,0.0
3,median,1397,0.0
3,median,1398,0.0
3,median,1399,0.0
3,median,1400,0.0
3,median,1401,0.0
3,median,1402,0.0
3,median,1403,0.0
3,median,1404,0.0
3,median,1405,0.0
3,median,1406,0.0
3,median,1407,0.0
3,median,1408,0.0
3,median,1409,0.0
3,median,1410,0.0
3,median,1411,0.0
3,median,1412,0.0
3,median,1413,0.0
3,median,1414,0.0
3,median,1415,0.0
3,median,1416,0.0
3,median,1417,0.0
3,median,1418,0.0
3,median,1419,0.0
3,median,1420,0.0
3,median,1421,0.0
3,median,1422,0.0
3,median,1423,0.0
3,median,1424,0.0
3,median,1425,0.0
3,median,1426,0.0
3,median,1427,0.0
3,median,1428,0.0
3,median,1429,0.0
3,median,1430,0.0
3,median,1431,0.0
3,median,1432,0.0
3,median,1433,0.0
3,median,1434,0.0
3,median,1435,0.0
3,median,1436,0.0
3,median,1437,0.0
3,median,1438,0.0
3,median,1439,0.0
3,median,1440,0.0
3,median,1441,0.0
3,median,1442,0.0
3,median,1443,0.0
3,median,1444,0.0
3,median,1445,0.0
3,median,1446,0.0
3,median,1447,0.0
3,median,1448,0.0
3,median,1449,0.0
3,median,1450,0.0
3,median,1451,0.0
3,median,1452,0.0
3,median,1453,0.0
3,median,1454,0.0
3,median,1455,0.0
3,median,1456,0.0
3,median,1457,0.0
3,median,1458,0.0
3,median,1459,0.0
3,median,1460,0.0
3,median,1461,0.0
3,median,1462,0.0
3,median,1463,0.0
3,median,1464,0.0
3,median,1465,0.0
3,median,1466,0.0
3,median,1467,0.0
3,median,1468,0.0
3,median,1469,0.0
3,median,1470,0.0
3,median,1471,0.0
3,median,1472,0.0
3,median,1473,0.0
3,median,1474,0.0
3,median,1475,0.0
3,median,1476,0.0
3,median,1477,0.0
3,median,1478,0.0
3,median,1479,0.0
3,median,1480,0.0
3,median,1481,0.0
3,median,1482,0.0
3,median,1483,0.0
3,median,1484,0.0
3,median,1485,0.0
3,median,1486,0.0
3,median,1487,0.0
3,median,1488,0.0
3,median,1489,0.0
3,median,1490,0.0
3,median,1491,0.0
3,median,1492,0.0
3,median,1493,0.0
3,median,1494,0.0
3,median,1495,0.0
3,median,1496,0.0
3,median,1497,0.0
3,median,1498,0.0
3,median,1499,0.0
3,median,1500,0.0
3,median,1501,0.0
3,median,1502,0.0
3,median,1503,0.0
3,median,1504,0.0
3,median,1505,0.0
3,median,1506,0.0
3,median,1507,0.0
3,median,1508,0.0
3,median,1509,0.0
3,median,1510,0.0
3,median,1511,0.0
3,median,1512,0.0
3,median,1513,0.0
3,median,1514,0.0
3,median,1515,0.0
3,median,1516,0.0
3,median,1517,0.0
3,median,1518,0.0
3,median,1519,0.0
3,median,1520,0.0
3,median,1521,0.0
3,median,1522,0.0
3,median,1523,0.0
3,median,1524,0.0
3,median,1525,0.0
3,median,1526,0.0
3,median,1527,0.0
3,median,1528,0.0
3,median,1529,0.0
3,median,1530,0.0
3,median,1531,0.0
3,median,1532,0.0
3,median,1533,0.0
3,median,1534,0.0
3,median,1535,0.0
3,median,1536,0.0
3,median,1537,0.0
3,median,1538,0.0
3,median,1539,0.0
3,median,1540,0.0
3,median,1541,0.0
3,median,1542,0.0
3,median,1543,0.0
3,median,1544,0.0
3,median,1545,0.0
3,median,1546,0.0
3,median,1547,0.0
3,median,1548,0.0
3,median,1549,0.0
3,median,1550,0.0
3,median,1551,0.0
3,median,1552,0.0
3,median,1553,0.0
3,median,1554,0.0
3,median,1555,0.0
3,median,1556,0.0
3,median,1557,0.0
3,median,1558,0.0
3,median,1559,0.0
3,median,1560,0.0
3,median,1561,0.0
3,median,1562,0.0
3,median,1563,0.0
3,median,1564,0.0
3,median,1565,0.0
3,median,1566,0.0
3,median,1567,0.0
3,median,1568,0.0
3,median,1569,0.0
3,median,1570,0.0
3,median,1571,0.0
3,median,1572,0.0
3,median,1573,0.0
3,median,1574,0.0
3,median,1575,0.0
3,median,1576,0.0
3,median,1577,0.0
3,median,1578,0.0
3,median,1579,0.0
3,median,1580,0.0
3,median,1581,0.0
3,median,1582,0.0
3,median,1583,0.0
3,median,1584,0.0
3,median,1585,0.0
3,median,1586,0.0
3,median,1587,0.0
3,median,1588,0.0
3,median,1589,0.0
3,median,1590,0.0
3,median,1591,0.0
3,median,1592,0.0
3,median,1593,0.0
3,median,1594,0.0
3,median,1595,0.0
3,median,1596,0.0
3,median,1597,0.0
3,median,1598,0.0
3,median,1599,0.0
3,median,1600,0.0
3,median,1601,0.0
3,median,1602,0.0
3,median,1603,0.0
3,median,1604,0.0
3,median,1605,0.0
3,median,1606,0.0
3,median,1607,0.0
3,median,1608,0.0
3,median,1609,0.0
3,median,1610,0.0
3,median,1611,0.0
3,median,1612,0.0
3,median,1613,0.0
3,median,1614,0.0
3,median,1615,0.0
3,median,1616,0.0
3,median,1617,0.0
3,median,1618,0.0
3,median,1619,0.0
3,median,1620,0.0
3,median,1621,0.0
3,median,1622,0.0
3,median,1623,0.0
3,median,1624,0.0
3,median,1625,0.0
3,median,1626,0.0
3,median,1627,0.0
3,median,1628,0.0
3,median,1629,0.0
3,median,1630,0.0
3,median,1631,0.0
3,median,1632,0.0
3,median,1633,0.0
3,median,1634,0.0
3,median,1635,0.0
3,median,1636,0.0
3,median,1637,0.0
3,median,1638,0.0
3,median,1639,0.0
3,median,1640,0.0
3,median,1641,0.0
3,median,1642,0.0
3,median,1643,0.0
3,median,1644,0.0
3,median,1645,0.0
3,median,1646,0.0
3,median,1647,0.0
3,median,1648,0.0
3,median,1649,0.0
3,median,1650,0.0
3,median,1651,0.0
3,median,1652,0.0
3,median,1653,0.0
3,median,1654,0.0
3,median,1655,0.0
3,median,1656,0.0
3,median,1657,0.0
3,median,1658,0.0
3,median,1659,0.0
3,median,1660,0.0
3,median,1661,0.0
3,median,1662,0.0
3,median,1663,0.0
3,median,1664,0.0
3,median,1665,0.0
3,median,1666,0.0
3,median,1667,0.0
3,median,1668,0.0
3,median,1669,0.0
3,median,1670,0.0
3,median,1671,0.0
3,median,1672,0.0
3,median,1673,0.0
3,median,1674,0.0
3,median,1675,0.0
3,median,1676,0.0
3,median,1677,0.0
3,median,1678,0.0
3,median,1679,0.0
3,median,1680,0.0
3,median,1681,0.0
3,median,1682,0.0
3,median,1683,0.0
3,median,1684,0.0
3,median,1685,0.0
3,median,1686,0.0
3,median,1687,0.0
3,median,1688,0.0
3,median,1689,0.0
3,median,1690,0.0
3,median,1691,0.0
3,median,1692,0.0
3,median,1693,0.0
3,median,1694,0.0
3,median,1695,0.0
3,median,1696,0.0
3,median,1697,0.0
3,median,1698,0.0
3,median,1699,0.0
3,median,1700,0.0
3,median,1701,0.0
3,median,1702,0.0
3,median,1703,0.0
3,median,1704,0.0
3,median,1705,0.0
3,median,1706,0.0
3,median,1707,0.0
3,median,1708,0.0
3,median,1709,0.0
3,median,1710,0.0
3,median,1711,0.0
3,median,1712,0.0
3,median,1713,0.0
3,median,1714,0.0
3,median,1715,0.0
3,median,1716,0.0
3,median,1717,0.0
3,median,1718,0.0
3,median,1719,0.0
3,median,1720,0.0
3,median,1721,0.0
3,median,1722,0.0
3,median,1723,0.0
3,median,1724,0.0
3,median,1725,0.0
3,median,1726,0.0
3,median,1727,0.0
3,median,1728,0.0
3,median,1729,0.0
3,median,1730,0.0
3,median,1731,0.0
3,median,1732,0.0
3,median,1733,0.0
3,median,1734,0.0
3,median,1735,0.0
3,median,1736,0.0
3,median,1737,0.0
3,median,1738,0.0
3,median,1739,0.0
3,median,1740,0.0
3,median,1741,0.0
3,median,1742,0.0
3,median,1743,0.0
3,median,1744,0.0
3,median,1745,0.0
3,median,1746,0.0
3,median,1747,0.0
3,median,1748,0.0
3,median,1749,0.0
3,median,1750,0.0
3,median,1751,0.0
3,median,1752,0.0
3,median,1753,0.0
3,median,1754,0.0
3,median,1755,0.0
3,median,1756,0.0
3,median,1757,0.0
3,median,1758,0.0
3,median,1759,0.0
3,median,1760,0.0
3,median,1761,0.0
3,median,1762,0.0
3,median,1763,0.0
3,median,1764,0.0
3,median,1765,0.0
3,median,1766,0.0
3,median,1767,0.0
3,median,1768,0.0
3,median,1769,0.0
3,median,1770,0.0
3,median,1771,0.0
3,median,1772,0.0
3,median,1773,0.0
3,median,1774,0.0
3,median,1775,0.0
3,median,1776,0.0
3,median,1777,0.0
3,median,1778,0.0
3,median,1779,0.0
3,median,1780,0.0
3,median,1781,0.0
3,median,1782,0.0
3,median,1783,0.0
3,median,1784,0.0
3,median,1785,0.0
3,median,1786,0.0
3,median,1787,0.0
3,median,1788,0.0
3,median,1789,0.0
3,median,1790,0.0
3,median,1791,0.0
3,median,1792,0.0
3,median,1793,0.0
3,median,1794,0.0
3,median,1795,0.0
3,median,1796,0.0
3,median,1797,0.0
3,median,1798,0.0
3,median,1799,0.0
3,median,1800,0.0
3,median,1801,0.0
3,median,1802,0.0
3,median,1803,0.0
3,median,1804,0.0
3,median,1805,0.0
3,median,1806,0.0
3,median,1807,0.0
3,median,1808,0.0
3,median,1809,0.0
3,median,1810,0.0
3,median,1811,0.0
3,median,1812,0.0
3,median,1813,0.0
3,median,1814,0.0
3,median,1815,0.0
3,median,1816,0.0
3,median,1817,0.0
3,median,1818,0.0
3,median,1819,0.0
3,median,1820,0.0
3,median,1821,0.0
3,median,1822,0.0
3,median,1823,0.0
3,median,1824,0.0
3,median,1825,0.0
3,median,1826,0.0
3,median,1827,0.0
3,median,1828,0.0
3,median,1829,0.0
3,median,1830,0.0
3,median,1831,0.0
3,median,1832,0.0
3,median,1833,0.0
3,median,1834,0.0
3,median,1835,0.0
3,median,1836,0.0
3,median,1837,0.0
3,median,1838,0.0
3,median,1839,0.0
3,median,1840,0.0
3,median,1841,0.0
3,median,1842,0.0
3,median,1843,0.0
3,median,1844,0.0
3,median,1845,0.0
3,median,1846,0.0
3,median,1847,0.0
3,median,1848,0.0
3,median,1849,0.0
3,median,1850,0.0
3,median,1851,0.0
3,median,1852,0.0
3,median,1853,0.0
3,median,1854,0.0
3,median,1855,0.0
3,median,1856,0.0
3,median,1857,0.0
3,median,1858,0.0
3,median,1859,0.0
3,median,1860,0.0
3,median,1861,0.0
3,median,1862,0.0
3,median,1863,0.0
3,median,1864,0.0
3,median,1865,0.0
3,median,1866,0.0
3,median,1867,0.0
3,median,1868,0.0
3,median,1869,0.0
3,median,1870,0.0
3,median,1871,0.0
3,median,1872,0.0
3,median,1873,0.0
3,median,1874,0.0
3,median,1875,0.0
3,median,1876,0.0
3,median,1877,0.0
3,median,1878,0.0
3,median,1879,0.0
3,median,1880,0.0
3,median,1881,0.0
3,median,1882,0.0
3,median,1883,0.0
3,median,1884,0.0
3,median,1885,0.0
3,median,1886,0.0
3,median,1887,0.0
3,median,1888,0.0
3,median,1889,0.0
3,median,1890,0.0
3,median,1891,0.0
3,median,1892,0.0
3,median,1893,0.0
3,median,1894,0.0
3,median,1895,0.0
3,median,1896,0.0
3,median,1897,0.0
3,median,1898,0.0
3,median,1899,0.0
3,median,1900,0.0
3,median,1901,0.0
3,median,1902,0.0
3,median,1903,0.0
3,median,1904,0.0
3,median,1905,0.0
3,median,1906,0.0
3,median,1907,0.0
3,median,1908,0.0
3,median,1909,0.0
3,median,1910,0.0
3,median,1911,0.0
3,median,1912,0.0
3,median,1913,0.0
3,median,1914,0.0
3,median,1915,0.0
3,median,1916,0.0
3,median,1917,0.0
3,median,1918,0.0
3,median,1919,0.0
3,median,1920,0.0
3,median,1921,0.0
3,median,1922,0.0
3,median,1923,0.0
3,median,1924,0.0
3,median,1925,0.0
3,median,1926,0.0
3,median,1927,0.0
3,median,1928,0.0
3,median,1929,0.0
3,median,1930,0.0
3,median,1931,0.0
3,median,1932,0.0
3,median,1933,0.0
3,median,1934,0.0
3,median,1935,0.0
3,median,1936,0.0
3,median,1937,0.0
3,median,1938,0.0
3,median,1939,0.0
3,median,1940,0.0
3,median,1941,0.0
3,median,1942,0.0
3,median,1943,0.0
3,median,1944,0.0
3,median,1945,0.0
3,median,1946,0.0
3,median,1947,0.0
3,median,1948,0.0
3,median,1949,0.0
3,median,1950,0.0
3,median,1951,0.0
3,median,1952,0.0
3,median,1953,0.0
3,median,1954,0.0
3,median,1955,0.0
3,median,1956,0.0
3,median,1957,0.0
3,median,1958,0.0
3,median,1959,0.0
3,median,1960,0.0
3,median,1961,0.0
3,median,1962,0.0
3,median,1963,0.0
3,median,1964,0.0
3,median,1965,0.0
3,median,1966,0.0
3,median,1967,0.0
3,median,1968,0.0
3,median,1969,0.0
3,median,1970,0.0
3,median,1971,0.0
3,median,1972,0.0
3,median,1973,0.0
3,median,1974,0.0
3,median,1975,0.0
3,median,1976,0.0
3,median,1977,0.0
3,median,1978,0.0
3,median,1979,0.0
3,median,1980,0.0
3,median,1981,0.0
3,median,1982,0.0
3,median,1983,0.0
3,median,1984,0.0
3,median,1985,0.0
3,median,1986,0.0
3,median,1987,0.0
3,median,1988,0.0
3,median,1989,0.0
3,median,1990,0.0
3,median,1991,0.0
3,median,1992,0.0
3,median,1993,0.0
3,median,1994,0.0
3,median,1995,0.0
3,median,1996,0.0
3,median,1997,0.0
3,median,1998,0.0
3,median,1999,0.0
3,mean,0,0.014814814814814814
3,mean,1,0.014814814814814814
3,mean,2,0.0
3,mean,3,0.014814814814814814
3,mean,4,0.007407407407407407
3,mean,5,0.007407407407407407
3,mean,6,0.018518518518518517
3,mean,7,0.011111111111111112
3,mean,8,0.0037037037037037034
3,mean,9,0.029629629629629627
3,mean,10,0.007407407407407407
3,mean,11,0.018518518518518517
3,mean,12,0.011111111111111112
3,mean,13,0.007407407407407407
3,mean,14,0.014814814814814814
3,mean,15,0.029629629629629627
3,mean,16,0.0
3,mean,17,0.0037037037037037034
3,mean,18,0.007407407407407407
3,mean,19,0.0037037037037037034
3,mean,20,0.018518518518518517
3,mean,21,0.0
3,mean,22,0.007407407407407407
3,mean,23,0.0
3,mean,24,0.018518518518518517
3,mean,25,0.029629629629629627
3,mean,26,0.0037037037037037034
3,mean,27,0.014814814814814814
3,mean,28,0.029629629629629627
3,mean,29,0.02592592592592592
3,mean,30,0.011111111111111112
3,mean,31,0.011111111111111112
3,mean,32,0.0037037037037037034
3,mean,33,0.02222222222222222
3,mean,34,0.014814814814814814
3,mean,35,0.0037037037037037034
3,mean,36,0.007407407407407407
3,mean,37,0.02222222222222222
3,mean,38,0.018518518518518517
3,mean,39,0.029629629629629627
3,mean,40,0.029629629629629627
3,mean,41,0.0037037037037037034
3,mean,42,0.014814814814814814
3,mean,43,0.007407407407407407
3,mean,44,0.014814814814814814
3,mean,45,0.007407407407407407
3,mean,46,0.018518518518518517
3,mean,47,0.029629629629629627
3,mean,48,0.014814814814814814
3,mean,49,0.02222222222222222
3,mean,50,0.011111111111111112
3,mean,51,0.011111111111111112
3,mean,52,0.018518518518518517
3,mean,53,0.0
3,mean,54,0.02222222222222222
3,mean,55,0.02222222222222222
3,mean,56,0.014814814814814814
3,mean,57,0.0037037037037037034
3,mean,58,0.011111111111111112
3,mean,59,0.014814814814814814
3,mean,60,0.011111111111111112
3,mean,61,0.03333333333333333
3,mean,62,0.018518518518518517
3,mean,63,0.011111111111111112
3,mean,64,0.02222222222222222
3,mean,65,0.014814814814814814
3,mean,66,0.0
3,mean,67,0.0037037037037037034
3,mean,68,0.0
3,mean,69,0.02592592592592592
3,mean,70,0.02592592592592592
3,mean,71,0.018518518518518517
3,mean,72,0.029629629629629627
3,mean,73,0.0037037037037037034
3,mean,74,0.0037037037037037034
3,mean,75,0.014814814814814814
3,mean,76,0.018518518518518517
3,mean,77,0.011111111111111112
3,mean,78,0.007407407407407407
3,mean,79,0.0
3,mean,80,0.0037037037037037034
3,mean,81,0.018518518518518517
3,mean,82,0.011111111111111112
3,mean,83,0.018518518518518517
3,mean,84,0.011111111111111112
3,mean,85,0.014814814814814814
3,mean,86,0.03703703703703704
3,mean,87,0.011111111111111112
3,mean,88,0.040740740740740744
3,mean,89,0.011111111111111112
3,mean,90,0.0037037037037037034
3,mean,91,0.007407407407407407
3,mean,92,0.014814814814814814
3,mean,93,0.014814814814814814
3,mean,94,0.011111111111111112
3,mean,95,0.014814814814814814
3,mean,96,0.02592592592592592
3,mean,97,0.007407407407407407
3,mean,98,0.03333333333333333
3,mean,99,0.018518518518518517
3,mean,100,0.0037037037037037034
3,mean,101,0.011111111111111112
3,mean,102,0.0037037037037037034
3,mean,103,0.0037037037037037034
3,mean,104,0.007407407407407407
3,mean,105,0.029629629629629627
3,mean,106,0.02592592592592592
3,mean,107,0.014814814814814814
3,mean,108,0.014814814814814814
3,mean,109,0.018518518518518517
3,mean,110,0.014814814814814814
3,mean,111,0.011111111111111112
3,mean,112,0.014814814814814814
3,mean,113,0.014814814814814814
3,mean,114,0.0037037037037037034
3,mean,115,0.011111111111111112
3,mean,116,0.014814814814814814
3,mean,117,0.02222222222222222
3,mean,118,0.014814814814814814
3,mean,119,0.011111111111111112
3,mean,120,0.018518518518518517
3,mean,121,0.011111111111111112
3,mean,122,0.007407407407407407
3,mean,123,0.011111111111111112
3,mean,124,0.02592592592592592
3,mean,125,0.018518518518518517
3,mean,126,0.011111111111111112
3,mean,127,0.007407407407407407
3,mean,128,0.007407407407407407
3,mean,129,0.007407407407407407
3,mean,130,0.014814814814814814
3,mean,131,0.018518518518518517
3,mean,132,0.007407407407407407
3,mean,133,0.011111111111111112
3,mean,134,0.018518518518518517
3,mean,135,0.014814814814814814
3,mean,136,0.029629629629629627
3,mean,137,0.0037037037037037034
3,mean,138,0.011111111111111112
3,mean,139,0.011111111111111112
3,mean,140,0.007407407407407407
3,mean,141,0.014814814814814814
3,mean,142,0.014814814814814814
3,mean,143,0.0037037037037037034
3,mean,144,0.02222222222222222
3,mean,145,0.014814814814814814
3,mean,146,0.0037037037037037034
3,mean,147,0.02222222222222222
3,mean,148,0.011111111111111112
3,mean,149,0.03333333333333333
3,mean,150,0.014814814814814814
3,mean,151,0.011111111111111112
3,mean,152,0.007407407407407407
3,mean,153,0.018518518518518517
3,mean,154,0.007407407407407407
3,mean,155,0.018518518518518517
3,mean,156,0.007407407407407407
3,mean,157,0.014814814814814814
3,mean,158,0.02222222222222222
3,mean,159,0.0037037037037037034
3,mean,160,0.011111111111111112
3,mean,161,0.018518518518518517
3,mean,162,0.011111111111111112
3,mean,163,0.03333333333333333
3,mean,164,0.014814814814814814
3,mean,165,0.014814814814814814
3,mean,166,0.007407407407407407
3,mean,167,0.007407407407407407
3,mean,168,0.007407407407407407
3,mean,169,0.018518518518518517
3,mean,170,0.02222222222222222
3,mean,171,0.018518518518518517
3,mean,172,0.007407407407407407
3,mean,173,0.011111111111111112
3,mean,174,0.0037037037037037034
3,mean,175,0.007407407407407407
3,mean,176,0.007407407407407407
3,mean,177,0.0037037037037037034
3,mean,178,0.011111111111111112
3,mean,179,0.0
3,mean,180,0.03703703703703704
3,mean,181,0.02222222222222222
3,mean,182,0.02592592592592592
3,mean,183,0.014814814814814814
3,mean,184,0.014814814814814814
3,mean,185,0.044444444444444446
3,mean,186,0.018518518518518517
3,mean,187,0.018518518518518517
3,mean,188,0.0037037037037037034
3,mean,189,0.014814814814814814
3,mean,190,0.0
3,mean,191,0.011111111111111112
3,mean,192,0.02222222222222222
3,mean,193,0.014814814814814814
3,mean,194,0.018518518518518517
3,mean,195,0.014814814814814814
3,mean,196,0.014814814814814814
3,mean,197,0.007407407407407407
3,mean,198,0.007407407407407407
3,mean,199,0.0037037037037037034
3,mean,200,0.018518518518518517
3,mean,201,0.011111111111111112
3,mean,202,0.011111111111111112
3,mean,203,0.02592592592592592
3,mean,204,0.02222222222222222
3,mean,205,0.0037037037037037034
3,mean,206,0.029629629629629627
3,mean,207,0.02222222222222222
3,mean,208,0.007407407407407407
3,mean,209,0.007407407407407407
3,mean,210,0.007407407407407407
3,mean,211,0.011111111111111112
3,mean,212,0.03703703703703704
3,mean,213,0.007407407407407407
3,mean,214,0.014814814814814814
3,mean,215,0.011111111111111112
3,mean,216,0.018518518518518517
3,mean,217,0.018518518518518517
3,mean,218,0.02592592592592592
3,mean,219,0.029629629629629627
3,mean,220,0.02592592592592592
3,mean,221,0.018518518518518517
3,mean,222,0.014814814814814814
3,mean,223,0.011111111111111112
3,mean,224,0.011111111111111112
3,mean,225,0.018518518518518517
3,mean,226,0.0037037037037037034
3,mean,227,0.011111111111111112
3,mean,228,0.011111111111111112
3,mean,229,0.011111111111111112
3,mean,230,0.0037037037037037034
3,mean,231,0.018518518518518517
3,mean,232,0.007407407407407407
3,mean,233,0.0037037037037037034
3,mean,234,0.011111111111111112
3,mean,235,0.011111111111111112
3,mean,236,0.011111111111111112
3,mean,237,0.02222222222222222
3,mean,238,0.0
3,mean,239,0.007407407407407407
3,mean,240,0.014814814814814814
3,mean,241,0.0037037037037037034
3,mean,242,0.014814814814814814
3,mean,243,0.02222222222222222
3,mean,244,0.018518518518518517
3,mean,245,0.02592592592592592
3,mean,246,0.011111111111111112
3,mean,247,0.011111111111111112
3,mean,248,0.014814814814814814
3,mean,249,0.007407407407407407
3,mean,250,0.018518518518518517
3,mean,251,0.011111111111111112
3,mean,252,0.007407407407407407
3,mean,253,0.014814814814814814
3,mean,254,0.029629629629629627
3,mean,255,0.014814814814814814
3,mean,256,0.0
3,mean,257,0.018518518518518517
3,mean,258,0.0037037037037037034
3,mean,259,0.02592592592592592
3,mean,260,0.02222222222222222
3,mean,261,0.011111111111111112
3,mean,262,0.011111111111111112
3,mean,263,0.029629629629629627
3,mean,264,0.03333333333333333
3,mean,265,0.011111111111111112
3,mean,266,0.007407407407407407
3,mean,267,0.0
3,mean,268,0.029629629629629627
3,mean,269,0.0037037037037037034
3,mean,270,0.02592592592592592
3,mean,271,0.02592592592592592
3,mean,272,0.011111111111111112
3,mean,273,0.03703703703703704
3,mean,274,0.014814814814814814
3,mean,275,0.011111111111111112
3,mean,276,0.014814814814814814
3,mean,277,0.011111111111111112
3,mean,278,0.02222222222222222
3,mean,279,0.018518518518518517
3,mean,280,0.02592592592592592
3,mean,281,0.007407407407407407
3,mean,282,0.03333333333333333
3,mean,283,0.018518518518518517
3,mean,284,0.03333333333333333
3,mean,285,0.007407407407407407
3,mean,286,0.040740740740740744
3,mean,287,0.007407407407407407
3,mean,288,0.04074074074074074
3,mean,289,0.02222222222222222
3,mean,290,0.02592592592592592
3,mean,291,0.0037037037037037034
3,mean,292,0.018518518518518517
3,mean,293,0.014814814814814814
3,mean,294,0.014814814814814814
3,mean,295,0.018518518518518517
3,mean,296,0.0037037037037037034
3,mean,297,0.014814814814814814
3,mean,298,0.007407407407407407
3,mean,299,0.0037037037037037034
3,mean,300,0.014814814814814814
3,mean,301,0.018518518518518517
3,mean,302,0.0037037037037037034
3,mean,303,0.007407407407407407
3,mean,304,0.018518518518518517
3,mean,305,0.007407407407407407
3,mean,306,0.011111111111111112
3,mean,307,0.007407407407407407
3,mean,308,0.018518518518518517
3,mean,309,0.014814814814814814
3,mean,310,0.02222222222222222
3,mean,311,0.007407407407407407
3,mean,312,0.011111111111111112
3,mean,313,0.0
3,mean,314,0.0
3,mean,315,0.018518518518518517
3,mean,316,0.011111111111111112
3,mean,317,0.014814814814814814
3,mean,318,0.02592592592592592
3,mean,319,0.018518518518518517
3,mean,320,0.011111111111111112
3,mean,321,0.007407407407407407
3,mean,322,0.02222222222222222
3,mean,323,0.0
3,mean,324,0.02592592592592592
3,mean,325,0.007407407407407407
3,mean,326,0.02592592592592592
3,mean,327,0.02592592592592592
3,mean,328,0.029629629629629627
3,mean,329,0.014814814814814814
3,mean,330,0.02222222222222222
3,mean,331,0.02222222222222222
3,mean,332,0.014814814814814814
3,mean,333,0.007407407407407407
3,mean,334,0.014814814814814814
3,mean,335,0.018518518518518517
3,mean,336,0.007407407407407407
3,mean,337,0.011111111111111112
3,mean,338,0.007407407407407407
3,mean,339,0.007407407407407407
3,mean,340,0.0
3,mean,341,0.018518518518518517
3,mean,342,0.007407407407407407
3,mean,343,0.007407407407407407
3,mean,344,0.018518518518518517
3,mean,345,0.014814814814814814
3,mean,346,0.0037037037037037034
3,mean,347,0.011111111111111112
3,mean,348,0.011111111111111112
3,mean,349,0.014814814814814814
3,mean,350,0.007407407407407407
3,mean,351,0.007407407407407407
3,mean,352,0.02222222222222222
3,mean,353,0.014814814814814814
3,mean,354,0.011111111111111112
3,mean,355,0.0037037037037037034
3,mean,356,0.007407407407407407
3,mean,357,0.02222222222222222
3,mean,358,0.007407407407407407
3,mean,359,0.018518518518518517
3,mean,360,0.03703703703703704
3,mean,361,0.03703703703703704
3,mean,362,0.0
3,mean,363,0.014814814814814814
3,mean,364,0.007407407407407407
3,mean,365,0.02592592592592592
3,mean,366,0.018518518518518517
3,mean,367,0.02222222222222222
3,mean,368,0.029629629629629627
3,mean,369,0.014814814814814814
3,mean,370,0.018518518518518517
3,mean,371,0.011111111111111112
3,mean,372,0.014814814814814814
3,mean,373,0.011111111111111112
3,mean,374,0.011111111111111112
3,mean,375,0.014814814814814814
3,mean,376,0.014814814814814814
3,mean,377,0.018518518518518517
3,mean,378,0.0
3,mean,379,0.007407407407407407
3,mean,380,0.0037037037037037034
3,mean,381,0.007407407407407407
3,mean,382,0.0037037037037037034
3,mean,383,0.011111111111111112
3,mean,384,0.007407407407407407
3,mean,385,0.007407407407407407
3,mean,386,0.03703703703703704
3,mean,387,0.0037037037037037034
3,mean,388,0.011111111111111112
3,mean,389,0.0
3,mean,390,0.0
3,mean,391,0.011111111111111112
3,mean,392,0.007407407407407407
3,mean,393,0.014814814814814814
3,mean,394,0.011111111111111112
3,mean,395,0.018518518518518517
3,mean,396,0.007407407407407407
3,mean,397,0.0
3,mean,398,0.007407407407407407
3,mean,399,0.007407407407407407
3,mean,400,0.029629629629629627
3,mean,401,0.029629629629629627
3,mean,402,0.007407407407407407
3,mean,403,0.014814814814814814
3,mean,404,0.0037037037037037034
3,mean,405,0.011111111111111112
3,mean,406,0.011111111111111112
3,mean,407,0.02222222222222222
3,mean,408,0.02222222222222222
3,mean,409,0.02592592592592592
3,mean,410,0.029629629629629627
3,mean,411,0.02592592592592592
3,mean,412,0.007407407407407407
3,mean,413,0.014814814814814814
3,mean,414,0.014814814814814814
3,mean,415,0.018518518518518517
3,mean,416,0.0037037037037037034
3,mean,417,0.011111111111111112
3,mean,418,0.02222222222222222
3,mean,419,0.011111111111111112
3,mean,420,0.0037037037037037034
3,mean,421,0.018518518518518517
3,mean,422,0.007407407407407407
3,mean,423,0.011111111111111112
3,mean,424,0.040740740740740744
3,mean,425,0.007407407407407407
3,mean,426,0.011111111111111112
3,mean,427,0.02222222222222222
3,mean,428,0.011111111111111112
3,mean,429,0.0037037037037037034
3,mean,430,0.0037037037037037034
3,mean,431,0.011111111111111112
3,mean,432,0.014814814814814814
3,mean,433,0.0
3,mean,434,0.007407407407407407
3,mean,435,0.011111111111111112
3,mean,436,0.02222222222222222
3,mean,437,0.029629629629629627
3,mean,438,0.014814814814814814
3,mean,439,0.007407407407407407
3,mean,440,0.018518518518518517
3,mean,441,0.029629629629629627
3,mean,442,0.011111111111111112
3,mean,443,0.011111111111111112
3,mean,444,0.014814814814814814
3,mean,445,0.029629629629629627
3,mean,446,0.014814814814814814
3,mean,447,0.0
3,mean,448,0.029629629629629627
3,mean,449,0.011111111111111112
3,mean,450,0.007407407407407407
3,mean,451,0.007407407407407407
3,mean,452,0.02222222222222222
3,mean,453,0.014814814814814814
3,mean,454,0.02222222222222222
3,mean,455,0.0037037037037037034
3,mean,456,0.0
3,mean,457,0.02222222222222222
3,mean,458,0.0
3,mean,459,0.014814814814814814
3,mean,460,0.02592592592592592
3,mean,461,0.014814814814814814
3,mean,462,0.0037037037037037034
3,mean,463,0.014814814814814814
3,mean,464,0.02222222222222222
3,mean,465,0.02592592592592592
3,mean,466,0.014814814814814814
3,mean,467,0.007407407407407407
3,mean,468,0.0
3,mean,469,0.02222222222222222
3,mean,470,0.0
3,mean,471,0.011111111111111112
3,mean,472,0.011111111111111112
3,mean,473,0.014814814814814814
3,mean,474,0.011111111111111112
3,mean,475,0.011111111111111112
3,mean,476,0.014814814814814814
3,mean,477,0.018518518518518517
3,mean,478,0.0037037037037037034
3,mean,479,0.0037037037037037034
3,mean,480,0.02592592592592592
3,mean,481,0.03333333333333333
3,mean,482,0.007407407407407407
3,mean,483,0.011111111111111112
3,mean,484,0.018518518518518517
3,mean,485,0.011111111111111112
3,mean,486,0.02222222222222222
3,mean,487,0.02592592592592592
3,mean,488,0.007407407407407407
3,mean,489,0.018518518518518517
3,mean,490,0.02592592592592592
3,mean,491,0.007407407407407407
3,mean,492,0.02222222222222222
3,mean,493,0.014814814814814814
3,mean,494,0.02592592592592592
3,mean,495,0.011111111111111112
3,mean,496,0.007407407407407407
3,mean,497,0.011111111111111112
3,mean,498,0.0037037037037037034
3,mean,499,0.014814814814814814
3,mean,500,0.0037037037037037034
3,mean,501,0.02222222222222222
3,mean,502,0.007407407407407407
3,mean,503,0.007407407407407407
3,mean,504,0.007407407407407407
3,mean,505,0.011111111111111112
3,mean,506,0.02222222222222222
3,mean,507,0.029629629629629627
3,mean,508,0.014814814814814814
3,mean,509,0.007407407407407407
3,mean,510,0.007407407407407407
3,mean,511,0.02222222222222222
3,mean,512,0.018518518518518517
3,mean,513,0.018518518518518517
3,mean,514,0.007407407407407407
3,mean,515,0.0
3,mean,516,0.04814814814814815
3,mean,517,0.007407407407407407
3,mean,518,0.007407407407407407
3,mean,519,0.0
3,mean,520,0.014814814814814814
3,mean,521,0.007407407407407407
3,mean,522,0.007407407407407407
3,mean,523,0.0037037037037037034
3,mean,524,0.014814814814814814
3,mean,525,0.02222222222222222
3,mean,526,0.011111111111111112
3,mean,527,0.02592592592592592
3,mean,528,0.011111111111111112
3,mean,529,0.007407407407407407
3,mean,530,0.02592592592592592
3,mean,531,0.0
3,mean,532,0.011111111111111112
3,mean,533,0.014814814814814814
3,mean,534,0.018518518518518517
3,mean,535,0.0037037037037037034
3,mean,536,0.0
3,mean,537,0.018518518518518517
3,mean,538,0.014814814814814814
3,mean,539,0.014814814814814814
3,mean,540,0.014814814814814814
3,mean,541,0.014814814814814814
3,mean,542,0.007407407407407407
3,mean,543,0.011111111111111112
3,mean,544,0.02592592592592592
3,mean,545,0.014814814814814814
3,mean,546,0.018518518518518517
3,mean,547,0.014814814814814814
3,mean,548,0.011111111111111112
3,mean,549,0.018518518518518517
3,mean,550,0.007407407407407407
3,mean,551,0.014814814814814814
3,mean,552,0.007407407407407407
3,mean,553,0.014814814814814814
3,mean,554,0.007407407407407407
3,mean,555,0.018518518518518517
3,mean,556,0.029629629629629627
3,mean,557,0.011111111111111112
3,mean,558,0.007407407407407407
3,mean,559,0.02592592592592592
3,mean,560,0.007407407407407407
3,mean,561,0.011111111111111112
3,mean,562,0.014814814814814814
3,mean,563,0.014814814814814814
3,mean,564,0.007407407407407407
3,mean,565,0.02222222222222222
3,mean,566,0.029629629629629627
3,mean,567,0.0037037037037037034
3,mean,568,0.02222222222222222
3,mean,569,0.014814814814814814
3,mean,570,0.02592592592592592
3,mean,571,0.02222222222222222
3,mean,572,0.02592592592592592
3,mean,573,0.018518518518518517
3,mean,574,0.007407407407407407
3,mean,575,0.02222222222222222
3,mean,576,0.007407407407407407
3,mean,577,0.0037037037037037034
3,mean,578,0.007407407407407407
3,mean,579,0.007407407407407407
3,mean,580,0.011111111111111112
3,mean,581,0.029629629629629627
3,mean,582,0.007407407407407407
3,mean,583,0.02222222222222222
3,mean,584,0.03703703703703704
3,mean,585,0.011111111111111112
3,mean,586,0.0
3,mean,587,0.007407407407407407
3,mean,588,0.014814814814814814
3,mean,589,0.011111111111111112
3,mean,590,0.007407407407407407
3,mean,591,0.014814814814814814
3,mean,592,0.0037037037037037034
3,mean,593,0.007407407407407407
3,mean,594,0.03703703703703704
3,mean,595,0.029629629629629627
3,mean,596,0.014814814814814814
3,mean,597,0.0037037037037037034
3,mean,598,0.011111111111111112
3,mean,599,0.007407407407407407
3,mean,600,0.0037037037037037034
3,mean,601,0.014814814814814814
3,mean,602,0.0
3,mean,603,0.007407407407407407
3,mean,604,0.007407407407407407
3,mean,605,0.011111111111111112
3,mean,606,0.044444444444444446
3,mean,607,0.007407407407407407
3,mean,608,0.014814814814814814
3,mean,609,0.014814814814814814
3,mean,610,0.011111111111111112
3,mean,611,0.014814814814814814
3,mean,612,0.029629629629629627
3,mean,613,0.02222222222222222
3,mean,614,0.014814814814814814
3,mean,615,0.02222222222222222
3,mean,616,0.007407407407407407
3,mean,617,0.018518518518518517
3,mean,618,0.018518518518518517
3,mean,619,0.02592592592592592
3,mean,620,0.02222222222222222
3,mean,621,0.02222222222222222
3,mean,622,0.007407407407407407
3,mean,623,0.014814814814814814
3,mean,624,0.007407407407407407
3,mean,625,0.02592592592592592
3,mean,626,0.0037037037037037034
3,mean,627,0.011111111111111112
3,mean,628,0.007407407407407407
3,mean,629,0.014814814814814814
3,mean,630,0.0037037037037037034
3,mean,631,0.014814814814814814
3,mean,632,0.011111111111111112
3,mean,633,0.007407407407407407
3,mean,634,0.029629629629629627
3,mean,635,0.018518518518518517
3,mean,636,0.018518518518518517
3,mean,637,0.011111111111111112
3,mean,638,0.0
3,mean,639,0.0037037037037037034
3,mean,640,0.007407407407407407
3,mean,641,0.007407407407407407
3,mean,642,0.0
3,mean,643,0.029629629629629627
3,mean,644,0.014814814814814814
3,mean,645,0.018518518518518517
3,mean,646,0.007407407407407407
3,mean,647,0.014814814814814814
3,mean,648,0.018518518518518517
3,mean,649,0.014814814814814814
3,mean,650,0.011111111111111112
3,mean,651,0.03333333333333333
3,mean,652,0.014814814814814814
3,mean,653,0.007407407407407407
3,mean,654,0.0037037037037037034
3,mean,655,0.0037037037037037034
3,mean,656,0.018518518518518517
3,mean,657,0.011111111111111112
3,mean,658,0.007407407407407407
3,mean,659,0.011111111111111112
3,mean,660,0.02222222222222222
3,mean,661,0.0
3,mean,662,0.029629629629629627
3,mean,663,0.02592592592592592
3,mean,664,0.02222222222222222
3,mean,665,0.007407407407407407
3,mean,666,0.011111111111111112
3,mean,667,0.0037037037037037034
3,mean,668,0.0037037037037037034
3,mean,669,0.011111111111111112
3,mean,670,0.014814814814814814
3,mean,671,0.0037037037037037034
3,mean,672,0.02592592592592592
3,mean,673,0.018518518518518517
3,mean,674,0.014814814814814814
3,mean,675,0.007407407407407407
3,mean,676,0.011111111111111112
3,mean,677,0.018518518518518517
3,mean,678,0.011111111111111112
3,mean,679,0.011111111111111112
3,mean,680,0.007407407407407407
3,mean,681,0.0037037037037037034
3,mean,682,0.0
3,mean,683,0.018518518518518517
3,mean,684,0.0
3,mean,685,0.02222222222222222
3,mean,686,0.011111111111111112
3,mean,687,0.007407407407407407
3,mean,688,0.0037037037037037034
3,mean,689,0.0037037037037037034
3,mean,690,0.018518518518518517
3,mean,691,0.02222222222222222
3,mean,692,0.014814814814814814
3,mean,693,0.018518518518518517
3,mean,694,0.007407407407407407
3,mean,695,0.007407407407407407
3,mean,696,0.011111111111111112
3,mean,697,0.007407407407407407
3,mean,698,0.02592592592592592
3,mean,699,0.014814814814814814
3,mean,700,0.014814814814814814
3,mean,701,0.018518518518518517
3,mean,702,0.029629629629629634
3,mean,703,0.011111111111111112
3,mean,704,0.014814814814814814
3,mean,705,0.02592592592592592
3,mean,706,0.014814814814814814
3,mean,707,0.014814814814814814
3,mean,708,0.018518518518518517
3,mean,709,0.03333333333333334
3,mean,710,0.014814814814814814
3,mean,711,0.011111111111111112
3,mean,712,0.03333333333333333
3,mean,713,0.02222222222222222
3,mean,714,0.011111111111111112
3,mean,715,0.018518518518518517
3,mean,716,0.018518518518518517
3,mean,717,0.007407407407407407
3,mean,718,0.018518518518518517
3,mean,719,0.02222222222222222
3,mean,720,0.014814814814814814
3,mean,721,0.018518518518518517
3,mean,722,0.014814814814814814
3,mean,723,0.011111111111111112
3,mean,724,0.014814814814814814
3,mean,725,0.007407407407407407
3,mean,726,0.014814814814814814
3,mean,727,0.007407407407407407
3,mean,728,0.0037037037037037034
3,mean,729,0.02592592592592592
3,mean,730,0.014814814814814814
3,mean,731,0.014814814814814814
3,mean,732,0.014814814814814814
3,mean,733,0.040740740740740744
3,mean,734,0.014814814814814814
3,mean,735,0.007407407407407407
3,mean,736,0.0037037037037037034
3,mean,737,0.018518518518518517
3,mean,738,0.018518518518518517
3,mean,739,0.018518518518518517
3,mean,740,0.007407407407407407
3,mean,741,0.007407407407407407
3,mean,742,0.03703703703703704
3,mean,743,0.0037037037037037034
3,mean,744,0.007407407407407407
3,mean,745,0.014814814814814814
3,mean,746,0.0037037037037037034
3,mean,747,0.018518518518518517
3,mean,748,0.02222222222222222
3,mean,749,0.011111111111111112
3,mean,750,0.014814814814814814
3,mean,751,0.007407407407407407
3,mean,752,0.014814814814814814
3,mean,753,0.011111111111111112
3,mean,754,0.0
3,mean,755,0.02592592592592592
3,mean,756,0.02592592592592592
3,mean,757,0.011111111111111112
3,mean,758,0.011111111111111112
3,mean,759,0.018518518518518517
3,mean,760,0.007407407407407407
3,mean,761,0.0
3,mean,762,0.014814814814814814
3,mean,763,0.007407407407407407
3,mean,764,0.018518518518518517
3,mean,765,0.0037037037037037034
3,mean,766,0.0037037037037037034
3,mean,767,0.011111111111111112
3,mean,768,0.02222222222222222
3,mean,769,0.007407407407407407
3,mean,770,0.011111111111111112
3,mean,771,0.0037037037037037034
3,mean,772,0.0037037037037037034
3,mean,773,0.0
3,mean,774,0.014814814814814814
3,mean,775,0.007407407407407407
3,mean,776,0.0037037037037037034
3,mean,777,0.014814814814814814
3,mean,778,0.03333333333333333
3,mean,779,0.007407407407407407
3,mean,780,0.0
3,mean,781,0.011111111111111112
3,mean,782,0.044444444444444446
3,mean,783,0.007407407407407407
3,mean,784,0.0
3,mean,785,0.018518518518518517
3,mean,786,0.011111111111111112
3,mean,787,0.0037037037037037034
3,mean,788,0.02222222222222222
3,mean,789,0.0037037037037037034
3,mean,790,0.014814814814814814
3,mean,791,0.0037037037037037034
3,mean,792,0.014814814814814814
3,mean,793,0.02592592592592592
3,mean,794,0.014814814814814814
3,mean,795,0.02222222222222222
3,mean,796,0.007407407407407407
3,mean,797,0.007407407407407407
3,mean,798,0.029629629629629627
3,mean,799,0.018518518518518517
3,mean,800,0.007407407407407407
3,mean,801,0.029629629629629627
3,mean,802,0.011111111111111112
3,mean,803,0.018518518518518517
3,mean,804,0.011111111111111112
3,mean,805,0.018518518518518517
3,mean,806,0.011111111111111112
3,mean,807,0.029629629629629627
3,mean,808,0.007407407407407407
3,mean,809,0.011111111111111112
3,mean,810,0.011111111111111112
3,mean,811,0.014814814814814814
3,mean,812,0.0
3,mean,813,0.011111111111111112
3,mean,814,0.0037037037037037034
3,mean,815,0.03333333333333333
3,mean,816,0.02222222222222222
3,mean,817,0.0037037037037037034
3,mean,818,0.018518518518518517
3,mean,819,0.011111111111111112
3,mean,820,0.0
3,mean,821,0.0
3,mean,822,0.02592592592592592
3,mean,823,0.007407407407407407
3,mean,824,0.02592592592592592
3,mean,825,0.011111111111111112
3,mean,826,0.0037037037037037034
3,mean,827,0.011111111111111112
3,mean,828,0.0
3,mean,829,0.007407407407407407
3,mean,830,0.02222222222222222
3,mean,831,0.014814814814814814
3,mean,832,0.02222222222222222
3,mean,833,0.011111111111111112
3,mean,834,0.011111111111111112
3,mean,835,0.018518518518518517
3,mean,836,0.007407407407407407
3,mean,837,0.03333333333333333
3,mean,838,0.011111111111111112
3,mean,839,0.011111111111111112
3,mean,840,0.014814814814814814
3,mean,841,0.0037037037037037034
3,mean,842,0.018518518518518517
3,mean,843,0.0037037037037037034
3,mean,844,0.02222222222222222
3,mean,845,0.007407407407407407
3,mean,846,0.014814814814814814
3,mean,847,0.007407407407407407
3,mean,848,0.011111111111111112
3,mean,849,0.007407407407407407
3,mean,850,0.018518518518518517
3,mean,851,0.0037037037037037034
3,mean,852,0.011111111111111112
3,mean,853,0.007407407407407407
3,mean,854,0.02222222222222222
3,mean,855,0.044444444444444446
3,mean,856,0.011111111111111112
3,mean,857,0.007407407407407407
3,mean,858,0.011111111111111112
3,mean,859,0.0037037037037037034
3,mean,860,0.02222222222222222
3,mean,861,0.0037037037037037034
3,mean,862,0.02592592592592592
3,mean,863,0.011111111111111112
3,mean,864,0.014814814814814814
3,mean,865,0.011111111111111112
3,mean,866,0.02222222222222222
3,mean,867,0.011111111111111112
3,mean,868,0.02222222222222222
3,mean,869,0.011111111111111112
3,mean,870,0.02592592592592592
3,mean,871,0.02222222222222222
3,mean,872,0.018518518518518517
3,mean,873,0.018518518518518517
3,mean,874,0.011111111111111112
3,mean,875,0.03703703703703704
3,mean,876,0.018518518518518517
3,mean,877,0.018518518518518517
3,mean,878,0.02592592592592592
3,mean,879,0.02592592592592592
3,mean,880,0.0
3,mean,881,0.011111111111111112
3,mean,882,0.014814814814814814
3,mean,883,0.011111111111111112
3,mean,884,0.018518518518518517
3,mean,885,0.014814814814814814
3,mean,886,0.007407407407407407
3,mean,887,0.011111111111111112
3,mean,888,0.014814814814814814
3,mean,889,0.02592592592592592
3,mean,890,0.029629629629629627
3,mean,891,0.014814814814814814
3,mean,892,0.007407407407407407
3,mean,893,0.007407407407407407
3,mean,894,0.0037037037037037034
3,mean,895,0.0037037037037037034
3,mean,896,0.0037037037037037034
3,mean,897,0.014814814814814814
3,mean,898,0.018518518518518517
3,mean,899,0.018518518518518517
3,mean,900,0.02222222222222222
3,mean,901,0.007407407407407407
3,mean,902,0.011111111111111112
3,mean,903,0.011111111111111112
3,mean,904,0.02592592592592592
3,mean,905,0.007407407407407407
3,mean,906,0.011111111111111112
3,mean,907,0.014814814814814814
3,mean,908,0.02222222222222222
3,mean,909,0.02222222222222222
3,mean,910,0.029629629629629627
3,mean,911,0.02222222222222222
3,mean,912,0.0037037037037037034
3,mean,913,0.018518518518518517
3,mean,914,0.0037037037037037034
3,mean,915,0.0037037037037037034
3,mean,916,0.014814814814814814
3,mean,917,0.0037037037037037034
3,mean,918,0.018518518518518517
3,mean,919,0.011111111111111112
3,mean,920,0.014814814814814814
3,mean,921,0.011111111111111112
3,mean,922,0.011111111111111112
3,mean,923,0.018518518518518517
3,mean,924,0.011111111111111112
3,mean,925,0.02222222222222222
3,mean,926,0.02592592592592592
3,mean,927,0.018518518518518517
3,mean,928,0.0037037037037037034
3,mean,929,0.007407407407407407
3,mean,930,0.02222222222222222
3,mean,931,0.014814814814814814
3,mean,932,0.011111111111111112
3,mean,933,0.007407407407407407
3,mean,934,0.029629629629629627
3,mean,935,0.03333333333333333
3,mean,936,0.02222222222222222
3,mean,937,0.02222222222222222
3,mean,938,0.014814814814814814
3,mean,939,0.0
3,mean,940,0.014814814814814814
3,mean,941,0.0037037037037037034
3,mean,942,0.011111111111111112
3,mean,943,0.014814814814814814
3,mean,944,0.011111111111111112
3,mean,945,0.0037037037037037034
3,mean,946,0.02222222222222222
3,mean,947,0.018518518518518517
3,mean,948,0.02222222222222222
3,mean,949,0.0037037037037037034
3,mean,950,0.029629629629629627
3,mean,951,0.007407407407407407
3,mean,952,0.018518518518518517
3,mean,953,0.011111111111111112
3,mean,954,0.014814814814814814
3,mean,955,0.011111111111111112
3,mean,956,0.007407407407407407
3,mean,957,0.02222222222222222
3,mean,958,0.014814814814814814
3,mean,959,0.0037037037037037034
3,mean,960,0.011111111111111112
3,mean,961,0.011111111111111112
3,mean,962,0.011111111111111112
3,mean,963,0.007407407407407407
3,mean,964,0.02592592592592592
3,mean,965,0.02222222222222222
3,mean,966,0.0037037037037037034
3,mean,967,0.011111111111111112
3,mean,968,0.007407407407407407
3,mean,969,0.014814814814814814
3,mean,970,0.0037037037037037034
3,mean,971,0.007407407407407407
3,mean,972,0.02222222222222222
3,mean,973,0.007407407407407407
3,mean,974,0.011111111111111112
3,mean,975,0.007407407407407407
3,mean,976,0.02222222222222222
3,mean,977,0.011111111111111112
3,mean,978,0.03333333333333333
3,mean,979,0.029629629629629627
3,mean,980,0.0037037037037037034
3,mean,981,0.0037037037037037034
3,mean,982,0.014814814814814814
3,mean,983,0.02222222222222222
3,mean,984,0.007407407407407407
3,mean,985,0.02222222222222222
3,mean,986,0.02592592592592592
3,mean,987,0.007407407407407407
3,mean,988,0.011111111111111112
3,mean,989,0.007407407407407407
3,mean,990,0.007407407407407407
3,mean,991,0.011111111111111112
3,mean,992,0.007407407407407407
3,mean,993,0.007407407407407407
3,mean,994,0.014814814814814814
3,mean,995,0.018518518518518517
3,mean,996,0.018518518518518517
3,mean,997,0.0037037037037037034
3,mean,998,0.011111111111111112
3,mean,999,0.011111111111111112
3,mean,1000,0.018518518518518517
3,mean,1001,0.011111111111111112
3,mean,1002,0.007407407407407407
3,mean,1003,0.011111111111111112
3,mean,1004,0.05185185185185184
3,mean,1005,0.011111111111111112
3,mean,1006,0.011111111111111112
3,mean,1007,0.02222222222222222
3,mean,1008,0.018518518518518517
3,mean,1009,0.018518518518518517
3,mean,1010,0.018518518518518517
3,mean,1011,0.011111111111111112
3,mean,1012,0.014814814814814814
3,mean,1013,0.02222222222222222
3,mean,1014,0.011111111111111112
3,mean,1015,0.011111111111111112
3,mean,1016,0.011111111111111112
3,mean,1017,0.014814814814814814
3,mean,1018,0.011111111111111112
3,mean,1019,0.011111111111111112
3,mean,1020,0.007407407407407407
3,mean,1021,0.0037037037037037034
3,mean,1022,0.014814814814814814
3,mean,1023,0.007407407407407407
3,mean,1024,0.02222222222222222
3,mean,1025,0.0
3,mean,1026,0.007407407407407407
3,mean,1027,0.011111111111111112
3,mean,1028,0.007407407407407407
3,mean,1029,0.014814814814814814
3,mean,1030,0.018518518518518517
3,mean,1031,0.007407407407407407
3,mean,1032,0.014814814814814814
3,mean,1033,0.007407407407407407
3,mean,1034,0.0037037037037037034
3,mean,1035,0.007407407407407407
3,mean,1036,0.0037037037037037034
3,mean,1037,0.018518518518518517
3,mean,1038,0.011111111111111112
3,mean,1039,0.03333333333333333
3,mean,1040,0.014814814814814814
3,mean,1041,0.02222222222222222
3,mean,1042,0.0037037037037037034
3,mean,1043,0.014814814814814814
3,mean,1044,0.007407407407407407
3,mean,1045,0.0037037037037037034
3,mean,1046,0.018518518518518517
3,mean,1047,0.0037037037037037034
3,mean,1048,0.0
3,mean,1049,0.007407407407407407
3,mean,1050,0.014814814814814814
3,mean,1051,0.0037037037037037034
3,mean,1052,0.018518518518518517
3,mean,1053,0.011111111111111112
3,mean,1054,0.011111111111111112
3,mean,1055,0.0037037037037037034
3,mean,1056,0.007407407407407407
3,mean,1057,0.02592592592592592
3,mean,1058,0.011111111111111112
3,mean,1059,0.014814814814814814
3,mean,1060,0.007407407407407407
3,mean,1061,0.02222222222222222
3,mean,1062,0.007407407407407407
3,mean,1063,0.007407407407407407
3,mean,1064,0.02222222222222222
3,mean,1065,0.011111111111111112
3,mean,1066,0.014814814814814814
3,mean,1067,0.0037037037037037034
3,mean,1068,0.011111111111111112
3,mean,1069,0.029629629629629627
3,mean,1070,0.02222222222222222
3,mean,1071,0.018518518518518517
3,mean,1072,0.02592592592592592
3,mean,1073,0.04814814814814815
3,mean,1074,0.011111111111111112
3,mean,1075,0.018518518518518517
3,mean,1076,0.018518518518518517
3,mean,1077,0.011111111111111112
3,mean,1078,0.007407407407407407
3,mean,1079,0.007407407407407407
3,mean,1080,0.007407407407407407
3,mean,1081,0.011111111111111112
3,mean,1082,0.007407407407407407
3,mean,1083,0.018518518518518517
3,mean,1084,0.02222222222222222
3,mean,1085,0.014814814814814814
3,mean,1086,0.011111111111111112
3,mean,1087,0.011111111111111112
3,mean,1088,0.0037037037037037034
3,mean,1089,0.007407407407407407
3,mean,1090,0.007407407407407407
3,mean,1091,0.0
3,mean,1092,0.007407407407407407
3,mean,1093,0.02222222222222222
3,mean,1094,0.007407407407407407
3,mean,1095,0.014814814814814814
3,mean,1096,0.011111111111111112
3,mean,1097,0.02592592592592592
3,mean,1098,0.007407407407407407
3,mean,1099,0.02222222222222222
3,mean,1100,0.007407407407407407
3,mean,1101,0.02222222222222222
3,mean,1102,0.0037037037037037034
3,mean,1103,0.011111111111111112
3,mean,1104,0.014814814814814814
3,mean,1105,0.007407407407407407
3,mean,1106,0.02222222222222222
3,mean,1107,0.0
3,mean,1108,0.007407407407407407
3,mean,1109,0.02592592592592592
3,mean,1110,0.0
3,mean,1111,0.011111111111111112
3,mean,1112,0.018518518518518517
3,mean,1113,0.029629629629629627
3,mean,1114,0.0037037037037037034
3,mean,1115,0.011111111111111112
3,mean,1116,0.03333333333333333
3,mean,1117,0.007407407407407407
3,mean,1118,0.029629629629629627
3,mean,1119,0.02222222222222222
3,mean,1120,0.040740740740740744
3,mean,1121,0.011111111111111112
3,mean,1122,0.0037037037037037034
3,mean,1123,0.03333333333333333
3,mean,1124,0.011111111111111112
3,mean,1125,0.011111111111111112
3,mean,1126,0.007407407407407407
3,mean,1127,0.02222222222222222
3,mean,1128,0.018518518518518517
3,mean,1129,0.011111111111111112
3,mean,1130,0.014814814814814814
3,mean,1131,0.0037037037037037034
3,mean,1132,0.029629629629629627
3,mean,1133,0.018518518518518517
3,mean,1134,0.014814814814814814
3,mean,1135,0.011111111111111112
3,mean,1136,0.018518518518518517
3,mean,1137,0.011111111111111112
3,mean,1138,0.014814814814814814
3,mean,1139,0.02592592592592592
3,mean,1140,0.007407407407407407
3,mean,1141,0.018518518518518517
3,mean,1142,0.0037037037037037034
3,mean,1143,0.011111111111111112
3,mean,1144,0.014814814814814814
3,mean,1145,0.007407407407407407
3,mean,1146,0.014814814814814814
3,mean,1147,0.014814814814814814
3,mean,1148,0.0037037037037037034
3,mean,1149,0.018518518518518517
3,mean,1150,0.018518518518518517
3,mean,1151,0.029629629629629627
3,mean,1152,0.007407407407407407
3,mean,1153,0.011111111111111112
3,mean,1154,0.007407407407407407
3,mean,1155,0.011111111111111112
3,mean,1156,0.0
3,mean,1157,0.0037037037037037034
3,mean,1158,0.0037037037037037034
3,mean,1159,0.007407407407407407
3,mean,1160,0.018518518518518517
3,mean,1161,0.040740740740740744
3,mean,1162,0.011111111111111112
3,mean,1163,0.0037037037037037034
3,mean,1164,0.018518518518518517
3,mean,1165,0.018518518518518517
3,mean,1166,0.011111111111111112
3,mean,1167,0.014814814814814814
3,mean,1168,0.014814814814814814
3,mean,1169,0.02592592592592592
3,mean,1170,0.03333333333333333
3,mean,1171,0.018518518518518517
3,mean,1172,0.0037037037037037034
3,mean,1173,0.018518518518518517
3,mean,1174,0.007407407407407407
3,mean,1175,0.011111111111111112
3,mean,1176,0.014814814814814814
3,mean,1177,0.007407407407407407
3,mean,1178,0.02222222222222222
3,mean,1179,0.0037037037037037034
3,mean,1180,0.011111111111111112
3,mean,1181,0.018518518518518517
3,mean,1182,0.011111111111111112
3,mean,1183,0.018518518518518517
3,mean,1184,0.03333333333333333
3,mean,1185,0.02592592592592592
3,mean,1186,0.007407407407407407
3,mean,1187,0.014814814814814814
3,mean,1188,0.018518518518518517
3,mean,1189,0.011111111111111112
3,mean,1190,0.0037037037037037034
3,mean,1191,0.011111111111111112
3,mean,1192,0.018518518518518517
3,mean,1193,0.029629629629629627
3,mean,1194,0.007407407407407407
3,mean,1195,0.011111111111111112
3,mean,1196,0.014814814814814814
3,mean,1197,0.014814814814814814
3,mean,1198,0.007407407407407407
3,mean,1199,0.007407407407407407
3,mean,1200,0.011111111111111112
3,mean,1201,0.018518518518518517
3,mean,1202,0.02222222222222222
3,mean,1203,0.0037037037037037034
3,mean,1204,0.0037037037037037034
3,mean,1205,0.02592592592592592
3,mean,1206,0.018518518518518517
3,mean,1207,0.0037037037037037034
3,mean,1208,0.018518518518518517
3,mean,1209,0.007407407407407407
3,mean,1210,0.018518518518518517
3,mean,1211,0.0037037037037037034
3,mean,1212,0.018518518518518517
3,mean,1213,0.014814814814814814
3,mean,1214,0.02592592592592592
3,mean,1215,0.007407407407407407
3,mean,1216,0.03703703703703704
3,mean,1217,0.011111111111111112
3,mean,1218,0.014814814814814814
3,mean,1219,0.02592592592592592
3,mean,1220,0.0037037037037037034
3,mean,1221,0.018518518518518517
3,mean,1222,0.014814814814814814
3,mean,1223,0.0
3,mean,1224,0.018518518518518517
3,mean,1225,0.02592592592592592
3,mean,1226,0.02222222222222222
3,mean,1227,0.018518518518518517
3,mean,1228,0.007407407407407407
3,mean,1229,0.014814814814814814
3,mean,1230,0.014814814814814814
3,mean,1231,0.0037037037037037034
3,mean,1232,0.011111111111111112
3,mean,1233,0.02592592592592592
3,mean,1234,0.014814814814814814
3,mean,1235,0.007407407407407407
3,mean,1236,0.014814814814814814
3,mean,1237,0.014814814814814814
3,mean,1238,0.014814814814814814
3,mean,1239,0.011111111111111112
3,mean,1240,0.011111111111111112
3,mean,1241,0.02592592592592592
3,mean,1242,0.018518518518518517
3,mean,1243,0.02222222222222222
3,mean,1244,0.014814814814814814
3,mean,1245,0.007407407407407407
3,mean,1246,0.007407407407407407
3,mean,1247,0.007407407407407407
3,mean,1248,0.018518518518518517
3,mean,1249,0.0037037037037037034
3,mean,1250,0.018518518518518517
3,mean,1251,0.011111111111111112
3,mean,1252,0.011111111111111112
3,mean,1253,0.011111111111111112
3,mean,1254,0.011111111111111112
3,mean,1255,0.007407407407407407
3,mean,1256,0.014814814814814814
3,mean,1257,0.02222222222222222
3,mean,1258,0.02592592592592592
3,mean,1259,0.02592592592592592
3,mean,1260,0.0
3,mean,1261,0.007407407407407407
3,mean,1262,0.0037037037037037034
3,mean,1263,0.0037037037037037034
3,mean,1264,0.011111111111111112
3,mean,1265,0.0037037037037037034
3,mean,1266,0.02222222222222222
3,mean,1267,0.02592592592592592
3,mean,1268,0.02222222222222222
3,mean,1269,0.007407407407407407
3,mean,1270,0.02222222222222222
3,mean,1271,0.011111111111111112
3,mean,1272,0.02222222222222222
3,mean,1273,0.011111111111111112
3,mean,1274,0.0
3,mean,1275,0.011111111111111112
3,mean,1276,0.007407407407407407
3,mean,1277,0.02592592592592592
3,mean,1278,0.011111111111111112
3,mean,1279,0.011111111111111112
3,mean,1280,0.0
3,mean,1281,0.0037037037037037034
3,mean,1282,0.018518518518518517
3,mean,1283,0.029629629629629627
3,mean,1284,0.018518518518518517
3,mean,1285,0.007407407407407407
3,mean,1286,0.018518518518518517
3,mean,1287,0.0037037037037037034
3,mean,1288,0.018518518518518517
3,mean,1289,0.011111111111111112
3,mean,1290,0.011111111111111112
3,mean,1291,0.018518518518518517
3,mean,1292,0.02222222222222222
3,mean,1293,0.007407407407407407
3,mean,1294,0.02592592592592592
3,mean,1295,0.007407407407407407
3,mean,1296,0.011111111111111112
3,mean,1297,0.011111111111111112
3,mean,1298,0.018518518518518517
3,mean,1299,0.018518518518518517
3,mean,1300,0.007407407407407407
3,mean,1301,0.011111111111111112
3,mean,1302,0.011111111111111112
3,mean,1303,0.011111111111111112
3,mean,1304,0.0
3,mean,1305,0.0037037037037037034
3,mean,1306,0.0037037037037037034
3,mean,1307,0.0037037037037037034
3,mean,1308,0.007407407407407407
3,mean,1309,0.02222222222222222
3,mean,1310,0.014814814814814814
3,mean,1311,0.011111111111111112
3,mean,1312,0.02222222222222222
3,mean,1313,0.014814814814814814
3,mean,1314,0.03333333333333333
3,mean,1315,0.011111111111111112
3,mean,1316,0.0
3,mean,1317,0.0037037037037037034
3,mean,1318,0.014814814814814814
3,mean,1319,0.018518518518518517
3,mean,1320,0.014814814814814814
3,mean,1321,0.018518518518518517
3,mean,1322,0.040740740740740744
3,mean,1323,0.014814814814814814
3,mean,1324,0.0037037037037037034
3,mean,1325,0.0037037037037037034
3,mean,1326,0.02222222222222222
3,mean,1327,0.018518518518518517
3,mean,1328,0.011111111111111112
3,mean,1329,0.011111111111111112
3,mean,1330,0.02222222222222222
3,mean,1331,0.0037037037037037034
3,mean,1332,0.011111111111111112
3,mean,1333,0.014814814814814814
3,mean,1334,0.018518518518518517
3,mean,1335,0.007407407407407407
3,mean,1336,0.011111111111111112
3,mean,1337,0.0037037037037037034
3,mean,1338,0.018518518518518517
3,mean,1339,0.011111111111111112
3,mean,1340,0.014814814814814814
3,mean,1341,0.014814814814814814
3,mean,1342,0.0
3,mean,1343,0.011111111111111112
3,mean,1344,0.02222222222222222
3,mean,1345,0.007407407407407407
3,mean,1346,0.0037037037037037034
3,mean,1347,0.02222222222222222
3,mean,1348,0.0037037037037037034
3,mean,1349,0.011111111111111112
3,mean,1350,0.03703703703703704
3,mean,1351,0.03333333333333333
3,mean,1352,0.011111111111111112
3,mean,1353,0.011111111111111112
3,mean,1354,0.014814814814814814
3,mean,1355,0.0
3,mean,1356,0.014814814814814814
3,mean,1357,0.007407407407407407
3,mean,1358,0.0037037037037037034
3,mean,1359,0.02222222222222222
3,mean,1360,0.02222222222222222
3,mean,1361,0.014814814814814814
3,mean,1362,0.02222222222222222
3,mean,1363,0.007407407407407407
3,mean,1364,0.029629629629629627
3,mean,1365,0.0037037037037037034
3,mean,1366,0.011111111111111112
3,mean,1367,0.007407407407407407
3,mean,1368,0.0037037037037037034
3,mean,1369,0.018518518518518517
3,mean,1370,0.007407407407407407
3,mean,1371,0.014814814814814814
3,mean,1372,0.011111111111111112
3,mean,1373,0.0037037037037037034
3,mean,1374,0.007407407407407407
3,mean,1375,0.018518518518518517
3,mean,1376,0.0037037037037037034
3,mean,1377,0.018518518518518517
3,mean,1378,0.0037037037037037034
3,mean,1379,0.0
3,mean,1380,0.011111111111111112
3,mean,1381,0.029629629629629627
3,mean,1382,0.0
3,mean,1383,0.011111111111111112
3,mean,1384,0.0037037037037037034
3,mean,1385,0.014814814814814814
3,mean,1386,0.011111111111111112
3,mean,1387,0.0037037037037037034
3,mean,1388,0.014814814814814814
3,mean,1389,0.011111111111111112
3,mean,1390,0.014814814814814814
3,mean,1391,0.018518518518518517
3,mean,1392,0.011111111111111112
3,mean,1393,0.018518518518518517
3,mean,1394,0.007407407407407407
3,mean,1395,0.007407407407407407
3,mean,1396,0.029629629629629627
3,mean,1397,0.018518518518518517
3,mean,1398,0.011111111111111112
3,mean,1399,0.007407407407407407
3,mean,1400,0.02222222222222222
3,mean,1401,0.007407407407407407
3,mean,1402,0.02222222222222222
3,mean,1403,0.007407407407407407
3,mean,1404,0.011111111111111112
3,mean,1405,0.011111111111111112
3,mean,1406,0.014814814814814814
3,mean,1407,0.018518518518518517
3,mean,1408,0.018518518518518517
3,mean,1409,0.011111111111111112
3,mean,1410,0.007407407407407407
3,mean,1411,0.018518518518518517
3,mean,1412,0.007407407407407407
3,mean,1413,0.0037037037037037034
3,mean,1414,0.014814814814814814
3,mean,1415,0.018518518518518517
3,mean,1416,0.0037037037037037034
3,mean,1417,0.018518518518518517
3,mean,1418,0.007407407407407407
3,mean,1419,0.018518518518518517
3,mean,1420,0.03333333333333333
3,mean,1421,0.029629629629629627
3,mean,1422,0.018518518518518517
3,mean,1423,0.018518518518518517
3,mean,1424,0.007407407407407407
3,mean,1425,0.014814814814814814
3,mean,1426,0.014814814814814814
3,mean,1427,0.018518518518518517
3,mean,1428,0.0037037037037037034
3,mean,1429,0.018518518518518517
3,mean,1430,0.02592592592592592
3,mean,1431,0.0037037037037037034
3,mean,1432,0.0037037037037037034
3,mean,1433,0.014814814814814814
3,mean,1434,0.007407407407407407
3,mean,1435,0.007407407407407407
3,mean,1436,0.04814814814814815
3,mean,1437,0.018518518518518517
3,mean,1438,0.014814814814814814
3,mean,1439,0.02222222222222222
3,mean,1440,0.007407407407407407
3,mean,1441,0.007407407407407407
3,mean,1442,0.018518518518518517
3,mean,1443,0.011111111111111112
3,mean,1444,0.02222222222222222
3,mean,1445,0.0037037037037037034
3,mean,1446,0.02592592592592592
3,mean,1447,0.007407407407407407
3,mean,1448,0.02222222222222222
3,mean,1449,0.011111111111111112
3,mean,1450,0.02592592592592592
3,mean,1451,0.014814814814814814
3,mean,1452,0.007407407407407407
3,mean,1453,0.011111111111111112
3,mean,1454,0.0037037037037037034
3,mean,1455,0.014814814814814814
3,mean,1456,0.044444444444444446
3,mean,1457,0.011111111111111112
3,mean,1458,0.029629629629629627
3,mean,1459,0.029629629629629627
3,mean,1460,0.0
3,mean,1461,0.02592592592592592
3,mean,1462,0.007407407407407407
3,mean,1463,0.018518518518518517
3,mean,1464,0.014814814814814814
3,mean,1465,0.007407407407407407
3,mean,1466,0.018518518518518517
3,mean,1467,0.014814814814814814
3,mean,1468,0.0
3,mean,1469,0.007407407407407407
3,mean,1470,0.007407407407407407
3,mean,1471,0.0037037037037037034
3,mean,1472,0.014814814814814814
3,mean,1473,0.0
3,mean,1474,0.02592592592592592
3,mean,1475,0.02222222222222222
3,mean,1476,0.011111111111111112
3,mean,1477,0.014814814814814814
3,mean,1478,0.007407407407407407
3,mean,1479,0.007407407407407407
3,mean,1480,0.03333333333333333
3,mean,1481,0.029629629629629627
3,mean,1482,0.02592592592592592
3,mean,1483,0.018518518518518517
3,mean,1484,0.02222222222222222
3,mean,1485,0.011111111111111112
3,mean,1486,0.0037037037037037034
3,mean,1487,0.0037037037037037034
3,mean,1488,0.018518518518518517
3,mean,1489,0.0037037037037037034
3,mean,1490,0.0037037037037037034
3,mean,1491,0.02222222222222222
3,mean,1492,0.014814814814814814
3,mean,1493,0.011111111111111112
3,mean,1494,0.0037037037037037034
3,mean,1495,0.011111111111111112
3,mean,1496,0.0037037037037037034
3,mean,1497,0.0
3,mean,1498,0.011111111111111112
3,mean,1499,0.02222222222222222
3,mean,1500,0.0037037037037037034
3,mean,1501,0.007407407407407407
3,mean,1502,0.0037037037037037034
3,mean,1503,0.011111111111111112
3,mean,1504,0.011111111111111112
3,mean,1505,0.014814814814814814
3,mean,1506,0.0
3,mean,1507,0.011111111111111112
3,mean,1508,0.02222222222222222
3,mean,1509,0.007407407407407407
3,mean,1510,0.011111111111111112
3,mean,1511,0.007407407407407407
3,mean,1512,0.014814814814814814
3,mean,1513,0.02592592592592592
3,mean,1514,0.014814814814814814
3,mean,1515,0.0
3,mean,1516,0.0037037037037037034
3,mean,1517,0.0037037037037037034
3,mean,1518,0.02222222222222222
3,mean,1519,0.0
3,mean,1520,0.007407407407407407
3,mean,1521,0.007407407407407407
3,mean,1522,0.011111111111111112
3,mean,1523,0.018518518518518517
3,mean,1524,0.007407407407407407
3,mean,1525,0.02222222222222222
3,mean,1526,0.02222222222222222
3,mean,1527,0.0
3,mean,1528,0.007407407407407407
3,mean,1529,0.02592592592592592
3,mean,1530,0.011111111111111112
3,mean,1531,0.014814814814814814
3,mean,1532,0.0037037037037037034
3,mean,1533,0.02222222222222222
3,mean,1534,0.02592592592592592
3,mean,1535,0.02592592592592592
3,mean,1536,0.018518518518518517
3,mean,1537,0.011111111111111112
3,mean,1538,0.02222222222222222
3,mean,1539,0.014814814814814814
3,mean,1540,0.007407407407407407
3,mean,1541,0.014814814814814814
3,mean,1542,0.011111111111111112
3,mean,1543,0.0
3,mean,1544,0.0037037037037037034
3,mean,1545,0.0037037037037037034
3,mean,1546,0.018518518518518517
3,mean,1547,0.007407407407407407
3,mean,1548,0.014814814814814814
3,mean,1549,0.011111111111111112
3,mean,1550,0.018518518518518517
3,mean,1551,0.007407407407407407
3,mean,1552,0.007407407407407407
3,mean,1553,0.007407407407407407
3,mean,1554,0.014814814814814814
3,mean,1555,0.014814814814814814
3,mean,1556,0.02222222222222222
3,mean,1557,0.007407407407407407
3,mean,1558,0.014814814814814814
3,mean,1559,0.007407407407407407
3,mean,1560,0.011111111111111112
3,mean,1561,0.0037037037037037034
3,mean,1562,0.014814814814814814
3,mean,1563,0.011111111111111112
3,mean,1564,0.011111111111111112
3,mean,1565,0.011111111111111112
3,mean,1566,0.018518518518518517
3,mean,1567,0.011111111111111112
3,mean,1568,0.0037037037037037034
3,mean,1569,0.0037037037037037034
3,mean,1570,0.011111111111111112
3,mean,1571,0.014814814814814814
3,mean,1572,0.018518518518518517
3,mean,1573,0.011111111111111112
3,mean,1574,0.011111111111111112
3,mean,1575,0.014814814814814814
3,mean,1576,0.02592592592592592
3,mean,1577,0.014814814814814814
3,mean,1578,0.0037037037037037034
3,mean,1579,0.018518518518518517
3,mean,1580,0.011111111111111112
3,mean,1581,0.018518518518518517
3,mean,1582,0.02222222222222222
3,mean,1583,0.0037037037037037034
3,mean,1584,0.007407407407407407
3,mean,1585,0.0037037037037037034
3,mean,1586,0.007407407407407407
3,mean,1587,0.0
3,mean,1588,0.014814814814814814
3,mean,1589,0.014814814814814814
3,mean,1590,0.0037037037037037034
3,mean,1591,0.03703703703703704
3,mean,1592,0.014814814814814814
3,mean,1593,0.011111111111111112
3,mean,1594,0.011111111111111112
3,mean,1595,0.02592592592592592
3,mean,1596,0.0037037037037037034
3,mean,1597,0.011111111111111112
3,mean,1598,0.011111111111111112
3,mean,1599,0.014814814814814814
3,mean,1600,0.007407407407407407
3,mean,1601,0.02222222222222222
3,mean,1602,0.018518518518518517
3,mean,1603,0.011111111111111112
3,mean,1604,0.011111111111111112
3,mean,1605,0.0037037037037037034
3,mean,1606,0.0037037037037037034
3,mean,1607,0.011111111111111112
3,mean,1608,0.014814814814814814
3,mean,1609,0.029629629629629627
3,mean,1610,0.011111111111111112
3,mean,1611,0.018518518518518517
3,mean,1612,0.02222222222222222
3,mean,1613,0.018518518518518517
3,mean,1614,0.007407407407407407
3,mean,1615,0.02222222222222222
3,mean,1616,0.0037037037037037034
3,mean,1617,0.014814814814814814
3,mean,1618,0.02222222222222222
3,mean,1619,0.007407407407407407
3,mean,1620,0.02222222222222222
3,mean,1621,0.014814814814814814
3,mean,1622,0.014814814814814814
3,mean,1623,0.0037037037037037034
3,mean,1624,0.014814814814814814
3,mean,1625,0.007407407407407407
3,mean,1626,0.03333333333333333
3,mean,1627,0.011111111111111112
3,mean,1628,0.03333333333333333
3,mean,1629,0.011111111111111112
3,mean,1630,0.0
3,mean,1631,0.011111111111111112
3,mean,1632,0.0037037037037037034
3,mean,1633,0.011111111111111112
3,mean,1634,0.02592592592592592
3,mean,1635,0.014814814814814814
3,mean,1636,0.018518518518518517
3,mean,1637,0.014814814814814814
3,mean,1638,0.014814814814814814
3,mean,1639,0.011111111111111112
3,mean,1640,0.0037037037037037034
3,mean,1641,0.02592592592592592
3,mean,1642,0.011111111111111112
3,mean,1643,0.029629629629629627
3,mean,1644,0.011111111111111112
3,mean,1645,0.0
3,mean,1646,0.011111111111111112
3,mean,1647,0.014814814814814814
3,mean,1648,0.029629629629629627
3,mean,1649,0.014814814814814814
3,mean,1650,0.014814814814814814
3,mean,1651,0.029629629629629627
3,mean,1652,0.007407407407407407
3,mean,1653,0.0037037037037037034
3,mean,1654,0.018518518518518517
3,mean,1655,0.014814814814814814
3,mean,1656,0.018518518518518517
3,mean,1657,0.022222222222222223
3,mean,1658,0.014814814814814814
3,mean,1659,0.014814814814814814
3,mean,1660,0.018518518518518517
3,mean,1661,0.02222222222222222
3,mean,1662,0.007407407407407407
3,mean,1663,0.007407407407407407
3,mean,1664,0.02592592592592592
3,mean,1665,0.011111111111111112
3,mean,1666,0.007407407407407407
3,mean,1667,0.011111111111111112
3,mean,1668,0.02222222222222222
3,mean,1669,0.018518518518518517
3,mean,1670,0.011111111111111112
3,mean,1671,0.014814814814814814
3,mean,1672,0.0037037037037037034
3,mean,1673,0.018518518518518517
3,mean,1674,0.014814814814814814
3,mean,1675,0.007407407407407407
3,mean,1676,0.03333333333333333
3,mean,1677,0.011111111111111112
3,mean,1678,0.007407407407407407
3,mean,1679,0.02222222222222222
3,mean,1680,0.011111111111111112
3,mean,1681,0.011111111111111112
3,mean,1682,0.011111111111111112
3,mean,1683,0.02222222222222222
3,mean,1684,0.018518518518518517
3,mean,1685,0.029629629629629627
3,mean,1686,0.011111111111111112
3,mean,1687,0.029629629629629627
3,mean,1688,0.0
3,mean,1689,0.018518518518518517
3,mean,1690,0.018518518518518517
3,mean,1691,0.014814814814814814
3,mean,1692,0.02222222222222222
3,mean,1693,0.04814814814814815
3,mean,1694,0.040740740740740744
3,mean,1695,0.0037037037037037034
3,mean,1696,0.011111111111111112
3,mean,1697,0.02222222222222222
3,mean,1698,0.0037037037037037034
3,mean,1699,0.007407407407407407
3,mean,1700,0.018518518518518517
3,mean,1701,0.011111111111111112
3,mean,1702,0.02222222222222222
3,mean,1703,0.007407407407407407
3,mean,1704,0.02592592592592593
3,mean,1705,0.014814814814814814
3,mean,1706,0.007407407407407407
3,mean,1707,0.007407407407407407
3,mean,1708,0.014814814814814814
3,mean,1709,0.0037037037037037034
3,mean,1710,0.011111111111111112
3,mean,1711,0.02592592592592592
3,mean,1712,0.007407407407407407
3,mean,1713,0.014814814814814814
3,mean,1714,0.007407407407407407
3,mean,1715,0.018518518518518517
3,mean,1716,0.029629629629629627
3,mean,1717,0.03703703703703704
3,mean,1718,0.011111111111111112
3,mean,1719,0.011111111111111112
3,mean,1720,0.007407407407407407
3,mean,1721,0.011111111111111112
3,mean,1722,0.007407407407407407
3,mean,1723,0.018518518518518517
3,mean,1724,0.011111111111111112
3,mean,1725,0.014814814814814814
3,mean,1726,0.007407407407407407
3,mean,1727,0.02222222222222222
3,mean,1728,0.007407407407407407
3,mean,1729,0.018518518518518517
3,mean,1730,0.007407407407407407
3,mean,1731,0.0037037037037037034
3,mean,1732,0.007407407407407407
3,mean,1733,0.011111111111111112
3,mean,1734,0.018518518518518517
3,mean,1735,0.007407407407407407
3,mean,1736,0.018518518518518517
3,mean,1737,0.007407407407407407
3,mean,1738,0.011111111111111112
3,mean,1739,0.0037037037037037034
3,mean,1740,0.02592592592592592
3,mean,1741,0.014814814814814814
3,mean,1742,0.011111111111111112
3,mean,1743,0.02222222222222222
3,mean,1744,0.007407407407407407
3,mean,1745,0.014814814814814814
3,mean,1746,0.007407407407407407
3,mean,1747,0.02222222222222222
3,mean,1748,0.007407407407407407
3,mean,1749,0.011111111111111112
3,mean,1750,0.02592592592592592
3,mean,1751,0.014814814814814814
3,mean,1752,0.018518518518518517
3,mean,1753,0.029629629629629627
3,mean,1754,0.011111111111111112
3,mean,1755,0.04814814814814815
3,mean,1756,0.03703703703703704
3,mean,1757,0.007407407407407407
3,mean,1758,0.014814814814814814
3,mean,1759,0.0
3,mean,1760,0.011111111111111112
3,mean,1761,0.0
3,mean,1762,0.018518518518518517
3,mean,1763,0.029629629629629634
3,mean,1764,0.011111111111111112
3,mean,1765,0.011111111111111112
3,mean,1766,0.007407407407407407
3,mean,1767,0.03333333333333333
3,mean,1768,0.011111111111111112
3,mean,1769,0.044444444444444446
3,mean,1770,0.029629629629629627
3,mean,1771,0.011111111111111112
3,mean,1772,0.018518518518518517
3,mean,1773,0.011111111111111112
3,mean,1774,0.014814814814814814
3,mean,1775,0.014814814814814814
3,mean,1776,0.029629629629629627
3,mean,1777,0.007407407407407407
3,mean,1778,0.014814814814814814
3,mean,1779,0.018518518518518517
3,mean,1780,0.018518518518518517
3,mean,1781,0.014814814814814814
3,mean,1782,0.007407407407407407
3,mean,1783,0.018518518518518517
3,mean,1784,0.007407407407407407
3,mean,1785,0.02222222222222222
3,mean,1786,0.011111111111111112
3,mean,1787,0.0037037037037037034
3,mean,1788,0.007407407407407407
3,mean,1789,0.007407407407407407
3,mean,1790,0.011111111111111112
3,mean,1791,0.011111111111111112
3,mean,1792,0.011111111111111112
3,mean,1793,0.007407407407407407
3,mean,1794,0.007407407407407407
3,mean,1795,0.007407407407407407
3,mean,1796,0.02592592592592592
3,mean,1797,0.029629629629629627
3,mean,1798,0.011111111111111112
3,mean,1799,0.007407407407407407
3,mean,1800,0.014814814814814814
3,mean,1801,0.011111111111111112
3,mean,1802,0.014814814814814814
3,mean,1803,0.018518518518518517
3,mean,1804,0.0
3,mean,1805,0.011111111111111112
3,mean,1806,0.011111111111111112
3,mean,1807,0.02592592592592592
3,mean,1808,0.011111111111111112
3,mean,1809,0.0037037037037037034
3,mean,1810,0.0
3,mean,1811,0.029629629629629627
3,mean,1812,0.014814814814814814
3,mean,1813,0.014814814814814814
3,mean,1814,0.0
3,mean,1815,0.0037037037037037034
3,mean,1816,0.007407407407407407
3,mean,1817,0.011111111111111112
3,mean,1818,0.011111111111111112
3,mean,1819,0.02222222222222222
3,mean,1820,0.014814814814814814
3,mean,1821,0.014814814814814814
3,mean,1822,0.02222222222222222
3,mean,1823,0.02222222222222222
3,mean,1824,0.02222222222222222
3,mean,1825,0.011111111111111112
3,mean,1826,0.014814814814814814
3,mean,1827,0.011111111111111112
3,mean,1828,0.007407407407407407
3,mean,1829,0.014814814814814814
3,mean,1830,0.011111111111111112
3,mean,1831,0.0037037037037037034
3,mean,1832,0.007407407407407407
3,mean,1833,0.0037037037037037034
3,mean,1834,0.007407407407407407
3,mean,1835,0.018518518518518517
3,mean,1836,0.03333333333333333
3,mean,1837,0.007407407407407407
3,mean,1838,0.007407407407407407
3,mean,1839,0.02222222222222222
3,mean,1840,0.011111111111111112
3,mean,1841,0.014814814814814814
3,mean,1842,0.02592592592592592
3,mean,1843,0.007407407407407407
3,mean,1844,0.011111111111111112
3,mean,1845,0.011111111111111112
3,mean,1846,0.018518518518518517
3,mean,1847,0.03333333333333333
3,mean,1848,0.011111111111111112
3,mean,1849,0.018518518518518517
3,mean,1850,0.011111111111111112
3,mean,1851,0.007407407407407407
3,mean,1852,0.02592592592592592
3,mean,1853,0.0
3,mean,1854,0.0
3,mean,1855,0.011111111111111112
3,mean,1856,0.0
3,mean,1857,0.02222222222222222
3,mean,1858,0.011111111111111112
3,mean,1859,0.011111111111111112
3,mean,1860,0.011111111111111112
3,mean,1861,0.018518518518518517
3,mean,1862,0.03703703703703704
3,mean,1863,0.007407407407407407
3,mean,1864,0.018518518518518517
3,mean,1865,0.018518518518518517
3,mean,1866,0.02592592592592592
3,mean,1867,0.014814814814814814
3,mean,1868,0.007407407407407407
3,mean,1869,0.018518518518518517
3,mean,1870,0.0
3,mean,1871,0.007407407407407407
3,mean,1872,0.02592592592592592
3,mean,1873,0.02222222222222222
3,mean,1874,0.02592592592592592
3,mean,1875,0.02592592592592592
3,mean,1876,0.014814814814814814
3,mean,1877,0.018518518518518517
3,mean,1878,0.014814814814814814
3,mean,1879,0.011111111111111112
3,mean,1880,0.0
3,mean,1881,0.0037037037037037034
3,mean,1882,0.0037037037037037034
3,mean,1883,0.018518518518518517
3,mean,1884,0.014814814814814814
3,mean,1885,0.018518518518518517
3,mean,1886,0.007407407407407407
3,mean,1887,0.018518518518518517
3,mean,1888,0.018518518518518517
3,mean,1889,0.014814814814814814
3,mean,1890,0.007407407407407407
3,mean,1891,0.0
3,mean,1892,0.014814814814814814
3,mean,1893,0.02592592592592592
3,mean,1894,0.014814814814814814
3,mean,1895,0.011111111111111112
3,mean,1896,0.014814814814814814
3,mean,1897,0.02592592592592592
3,mean,1898,0.014814814814814814
3,mean,1899,0.014814814814814814
3,mean,1900,0.040740740740740744
3,mean,1901,0.007407407407407407
3,mean,1902,0.014814814814814814
3,mean,1903,0.018518518518518517
3,mean,1904,0.018518518518518517
3,mean,1905,0.011111111111111112
3,mean,1906,0.02592592592592592
3,mean,1907,0.018518518518518517
3,mean,1908,0.0037037037037037034
3,mean,1909,0.014814814814814814
3,mean,1910,0.011111111111111112
3,mean,1911,0.007407407407407407
3,mean,1912,0.02592592592592592
3,mean,1913,0.03333333333333333
3,mean,1914,0.014814814814814814
3,mean,1915,0.0037037037037037034
3,mean,1916,0.029629629629629627
3,mean,1917,0.02222222222222222
3,mean,1918,0.011111111111111112
3,mean,1919,0.014814814814814814
3,mean,1920,0.018518518518518517
3,mean,1921,0.007407407407407407
3,mean,1922,0.011111111111111112
3,mean,1923,0.011111111111111112
3,mean,1924,0.011111111111111112
3,mean,1925,0.018518518518518517
3,mean,1926,0.011111111111111112
3,mean,1927,0.014814814814814814
3,mean,1928,0.007407407407407407
3,mean,1929,0.02222222222222222
3,mean,1930,0.007407407407407407
3,mean,1931,0.007407407407407407
3,mean,1932,0.007407407407407407
3,mean,1933,0.02222222222222222
3,mean,1934,0.040740740740740744
3,mean,1935,0.018518518518518517
3,mean,1936,0.018518518518518517
3,mean,1937,0.007407407407407407
3,mean,1938,0.014814814814814814
3,mean,1939,0.02222222222222222
3,mean,1940,0.007407407407407407
3,mean,1941,0.018518518518518517
3,mean,1942,0.0
3,mean,1943,0.018518518518518517
3,mean,1944,0.02592592592592592
3,mean,1945,0.014814814814814814
3,mean,1946,0.011111111111111112
3,mean,1947,0.0
3,mean,1948,0.018518518518518517
3,mean,1949,0.0
3,mean,1950,0.014814814814814814
3,mean,1951,0.0037037037037037034
3,mean,1952,0.014814814814814814
3,mean,1953,0.014814814814814814
3,mean,1954,0.007407407407407407
3,mean,1955,0.018518518518518517
3,mean,1956,0.018518518518518517
3,mean,1957,0.02222222222222222
3,mean,1958,0.018518518518518517
3,mean,1959,0.02222222222222222
3,mean,1960,0.02592592592592592
3,mean,1961,0.018518518518518517
3,mean,1962,0.007407407407407407
3,mean,1963,0.018518518518518517
3,mean,1964,0.011111111111111112
3,mean,1965,0.014814814814814814
3,mean,1966,0.02222222222222222
3,mean,1967,0.007407407407407407
3,mean,1968,0.011111111111111112
3,mean,1969,0.011111111111111112
3,mean,1970,0.018518518518518517
3,mean,1971,0.018518518518518517
3,mean,1972,0.0037037037037037034
3,mean,1973,0.02222222222222222
3,mean,1974,0.02222222222222222
3,mean,1975,0.018518518518518517
3,mean,1976,0.02222222222222222
3,mean,1977,0.007407407407407407
3,mean,1978,0.018518518518518517
3,mean,1979,0.018518518518518517
3,mean,1980,0.011111111111111112
3,mean,1981,0.011111111111111112
3,mean,1982,0.014814814814814814
3,mean,1983,0.0
3,mean,1984,0.014814814814814814
3,mean,1985,0.018518518518518517
3,mean,1986,0.007407407407407407
3,mean,1987,0.0037037037037037034
3,mean,1988,0.007407407407407407
3,mean,1989,0.011111111111111112
3,mean,1990,0.007407407407407407
3,mean,1991,0.014814814814814814
3,mean,1992,0.011111111111111112
3,mean,1993,0.0
3,mean,1994,0.018518518518518517
3,mean,1995,0.011111111111111112
3,mean,1996,0.0037037037037037034
3,mean,1997,0.02592592592592592
3,mean,1998,0.011111111111111112
3,mean,1999,0.007407407407407407
3,hits,0,4
3,hits,1,4
3,hits,2,0
3,hits,3,4
3,hits,4,2
3,hits,5,2
3,hits,6,5
3,hits,7,3
3,hits,8,1
3,hits,9,8
3,hits,10,2
3,hits,11,5
3,hits,12,3
3,hits,13,2
3,hits,14,4
3,hits,15,8
3,hits,16,0
3,hits,17,1
3,hits,18,2
3,hits,19,1
3,hits,20,5
3,hits,21,0
3,hits,22,2
3,hits,23,0
3,hits,24,5
3,hits,25,8
3,hits,26,1
3,hits,27,4
3,hits,28,8
3,hits,29,7
3,hits,30,3
3,hits,31,3
3,hits,32,1
3,hits,33,6
3,hits,34,4
3,hits,35,1
3,hits,36,2
3,hits,37,6
3,hits,38,5
3,hits,39,8
3,hits,40,8
3,hits,41,1
3,hits,42,4
3,hits,43,2
3,hits,44,4
3,hits,45,2
3,hits,46,5
3,hits,47,8
3,hits,48,4
3,hits,49,6
3,hits,50,3
3,hits,51,3
3,hits,52,5
3,hits,53,0
3,hits,54,6
3,hits,55,6
3,hits,56,4
3,hits,57,1
3,hits,58,3
3,hits,59,4
3,hits,60,3
3,hits,61,9
3,hits,62,5
3,hits,63,3
3,hits,64,6
3,hits,65,4
3,hits,66,0
3,hits,67,1
3,hits,68,0
3,hits,69,7
3,hits,70,7
3,hits,71,5
3,hits,72,8
3,hits,73,1
3,hits,74,1
3,hits,75,4
3,hits,76,5
3,hits,77,3
3,hits,78,2
3,hits,79,0
3,hits,80,1
3,hits,81,5
3,hits,82,3
3,hits,83,5
3,hits,84,3
3,hits,85,4
3,hits,86,10
3,hits,87,3
3,hits,88,11
3,hits,89,3
3,hits,90,1
3,hits,91,2
3,hits,92,4
3,hits,93,4
3,hits,94,3
3,hits,95,4
3,hits,96,7
3,hits,97,2
3,hits,98,9
3,hits,99,5
3,hits,100,1
3,hits,101,3
3,hits,102,1
3,hits,103,1
3,hits,104,2
3,hits,105,8
3,hits,106,7
3,hits,107,4
3,hits,108,4
3,hits,109,5
3,hits,110,4
3,hits,111,3
3,hits,112,4
3,hits,113,4
3,hits,114,1
3,hits,115,3
3,hits,116,4
3,hits,117,6
3,hits,118,4
3,hits,119,3
3,hits,120,5
3,hits,121,3
3,hits,122,2
3,hits,123,3
3,hits,124,7
3,hits,125,5
3,hits,126,3
3,hits,127,2
3,hits,128,2
3,hits,129,2
3,hits,130,4
3,hits,131,5
3,hits,132,2
3,hits,133,3
3,hits,134,5
3,hits,135,4
3,hits,136,8
3,hits,137,1
3,hits,138,3
3,hits,139,3
3,hits,140,2
3,hits,141,4
3,hits,142,4
3,hits,143,1
3,hits,144,6
3,hits,145,4
3,hits,146,1
3,hits,147,6
3,hits,148,3
3,hits,149,9
3,hits,150,4
3,hits,151,3
3,hits,152,2
3,hits,153,5
3,hits,154,2
3,hits,155,5
3,hits,156,2
3,hits,157,4
3,hits,158,6
3,hits,159,1
3,hits,160,3
3,hits,161,5
3,hits,162,3
3,hits,163,9
3,hits,164,4
3,hits,165,4
3,hits,166,2
3,hits,167,2
3,hits,168,2
3,hits,169,5
3,hits,170,6
3,hits,171,5
3,hits,172,2
3,hits,173,3
3,hits,174,1
3,hits,175,2
3,hits,176,2
3,hits,177,1
3,hits,178,3
3,hits,179,0
3,hits,180,10
3,hits,181,6
3,hits,182,7
3,hits,183,4
3,hits,184,4
3,hits,185,12
3,hits,186,5
3,hits,187,5
3,hits,188,1
3,hits,189,4
3,hits,190,0
3,hits,191,3
3,hits,192,6
3,hits,193,4
3,hits,194,5
3,hits,195,4
3,hits,196,4
3,hits,197,2
3,hits,198,2
3,hits,199,1
3,hits,200,5
3,hits,201,3
3,hits,202,3
3,hits,203,7
3,hits,204,6
3,hits,205,1
3,hits,206,8
3,hits,207,6
3,hits,208,2
3,hits,209,2
3,hits,210,2
3,hits,211,3
3,hits,212,10
3,hits,213,2
3,hits,214,4
3,hits,215,3
3,hits,216,5
3,hits,217,5
3,hits,218,7
3,hits,219,8
3,hits,220,7
3,hits,221,5
3,hits,222,4
3,hits,223,3
3,hits,224,3
3,hits,225,5
3,hits,226,1
3,hits,227,3
3,hits,228,3
3,hits,229,3
3,hits,230,1
3,hits,231,5
3,hits,232,2
3,hits,233,1
3,hits,234,3
3,hits,235,3
3,hits,236,3
3,hits,237,6
3,hits,238,0
3,hits,239,2
3,hits,240,4
3,hits,241,1
3,hits,242,4
3,hits,243,6
3,hits,244,5
3,hits,245,7
3,hits,246,3
3,hits,247,3
3,hits,248,4
3,hits,249,2
3,hits,250,5
3,hits,251,3
3,hits,252,2
3,hits,253,4
3,hits,254,8
3,hits,255,4
3,hits,256,0
3,hits,257,5
3,hits,258,1
3,hits,259,7
3,hits,260,6
3,hits,261,3
3,hits,262,3
3,hits,263,8
3,hits,264,9
3,hits,265,3
3,hits,266,2
3,hits,267,0
3,hits,268,8
3,hits,269,1
3,hits,270,7
3,hits,271,7
3,hits,272,3
3,hits,273,10
3,hits,274,4
3,hits,275,3
3,hits,276,4
3,hits,277,3
3,hits,278,6
3,hits,279,5
3,hits,280,7
3,hits,281,2
3,hits,282,9
3,hits,283,5
3,hits,284,9
3,hits,285,2
3,hits,286,11
3,hits,287,2
3,hits,288,11
3,hits,289,6
3,hits,290,7
3,hits,291,1
3,hits,292,5
3,hits,293,4
3,hits,294,4
3,hits,295,5
3,hits,296,1
3,hits,297,4
3,hits,298,2
3,hits,299,1
3,hits,300,4
3,hits,301,5
3,hits,302,1
3,hits,303,2
3,hits,304,5
3,hits,305,2
3,hits,306,3
3,hits,307,2
3,hits,308,5
3,hits,309,4
3,hits,310,6
3,hits,311,2
3,hits,312,3
3,hits,313,0
3,hits,314,0
3,hits,315,5
3,hits,316,3
3,hits,317,4
3,hits,318,7
3,hits,319,5
3,hits,320,3
3,hits,321,2
3,hits,322,6
3,hits,323,0
3,hits,324,7
3,hits,325,2
3,hits,326,7
3,hits,327,7
3,hits,328,8
3,hits,329,4
3,hits,330,6
3,hits,331,6
3,hits,332,4
3,hits,333,2
3,hits,334,4
3,hits,335,5
3,hits,336,2
3,hits,337,3
3,hits,338,2
3,hits,339,2
3,hits,340,0
3,hits,341,5
3,hits,342,2
3,hits,343,2
3,hits,344,5
3,hits,345,4
3,hits,346,1
3,hits,347,3
3,hits,348,3
3,hits,349,4
3,hits,350,2
3,hits,351,2
3,hits,352,6
3,hits,353,4
3,hits,354,3
3,hits,355,1
3,hits,356,2
3,hits,357,6
3,hits,358,2
3,hits,359,5
3,hits,360,10
3,hits,361,10
3,hits,362,0
3,hits,363,4
3,hits,364,2
3,hits,365,7
3,hits,366,5
3,hits,367,6
3,hits,368,8
3,hits,369,4
3,hits,370,5
3,hits,371,3
3,hits,372,4
3,hits,373,3
3,hits,374,3
3,hits,375,4
3,hits,376,4
3,hits,377,5
3,hits,378,0
3,hits,379,2
3,hits,380,1
3,hits,381,2
3,hits,382,1
3,hits,383,3
3,hits,384,2
3,hits,385,2
3,hits,386,10
3,hits,387,1
3,hits,388,3
3,hits,389,0
3,hits,390,0
3,hits,391,3
3,hits,392,2
3,hits,393,4
3,hits,394,3
3,hits,395,5
3,hits,396,2
3,hits,397,0
3,hits,398,2
3,hits,399,2
3,hits,400,8
3,hits,401,8
3,hits,402,2
3,hits,403,4
3,hits,404,1
3,hits,405,3
3,hits,406,3
3,hits,407,6
3,hits,408,6
3,hits,409,7
3,hits,410,8
3,hits,411,7
3,hits,412,2
3,hits,413,4
3,hits,414,4
3,hits,415,5
3,hits,416,1
3,hits,417,3
3,hits,418,6
3,hits,419,3
3,hits,420,1
3,hits,421,5
3,hits,422,2
3,hits,423,3
3,hits,424,11
3,hits,425,2
3,hits,426,3
3,hits,427,6
3,hits,428,3
3,hits,429,1
3,hits,430,1
3,hits,431,3
3,hits,432,4
3,hits,433,0
3,hits,434,2
3,hits,435,3
3,hits,436,6
3,hits,437,8
3,hits,438,4
3,hits,439,2
3,hits,440,5
3,hits,441,8
3,hits,442,3
3,hits,443,3
3,hits,444,4
3,hits,445,8
3,hits,446,4
3,hits,447,0
3,hits,448,8
3,hits,449,3
3,hits,450,2
3,hits,451,2
3,hits,452,6
3,hits,453,4
3,hits,454,6
3,hits,455,1
3,hits,456,0
3,hits,457,6
3,hits,458,0
3,hits,459,4
3,hits,460,7
3,hits,461,4
3,hits,462,1
3,hits,463,4
3,hits,464,6
3,hits,465,7
3,hits,466,4
3,hits,467,2
3,hits,468,0
3,hits,469,6
3,hits,470,0
3,hits,471,3
3,hits,472,3
3,hits,473,4
3,hits,474,3
3,hits,475,3
3,hits,476,4
3,hits,477,5
3,hits,478,1
3,hits,479,1
3,hits,480,7
3,hits,481,9
3,hits,482,2
3,hits,483,3
3,hits,484,5
3,hits,485,3
3,hits,486,6
3,hits,487,7
3,hits,488,2
3,hits,489,5
3,hits,490,7
3,hits,491,2
3,hits,492,6
3,hits,493,4
3,hits,494,7
3,hits,495,3
3,hits,496,2
3,hits,497,3
3,hits,498,1
3,hits,499,4
3,hits,500,1
3,hits,501,6
3,hits,502,2
3,hits,503,2
3,hits,504,2
3,hits,505,3
3,hits,506,6
3,hits,507,8
3,hits,508,4
3,hits,509,2
3,hits,510,2
3,hits,511,6
3,hits,512,5
3,hits,513,5
3,hits,514,2
3,hits,515,0
3,hits,516,13
3,hits,517,2
3,hits,518,2
3,hits,519,0
3,hits,520,4
3,hits,521,2
3,hits,522,2
3,hits,523,1
3,hits,524,4
3,hits,525,6
3,hits,526,3
3,hits,527,7
3,hits,528,3
3,hits,529,2
3,hits,530,7
3,hits,531,0
3,hits,532,3
3,hits,533,4
3,hits,534,5
3,hits,535,1
3,hits,536,0
3,hits,537,5
3,hits,538,4
3,hits,539,4
3,hits,540,4
3,hits,541,4
3,hits,542,2
3,hits,543,3
3,hits,544,7
3,hits,545,4
3,hits,546,5
3,hits,547,4
3,hits,548,3
3,hits,549,5
3,hits,550,2
3,hits,551,4
3,hits,552,2
3,hits,553,4
3,hits,554,2
3,hits,555,5
3,hits,556,8
3,hits,557,3
3,hits,558,2
3,hits,559,7
3,hits,560,2
3,hits,561,3
3,hits,562,4
3,hits,563,4
3,hits,564,2
3,hits,565,6
3,hits,566,8
3,hits,567,1
3,hits,568,6
3,hits,569,4
3,hits,570,7
3,hits,571,6
3,hits,572,7
3,hits,573,5
3,hits,574,2
3,hits,575,6
3,hits,576,2
3,hits,577,1
3,hits,578,2
3,hits,579,2
3,hits,580,3
3,hits,581,8
3,hits,582,2
3,hits,583,6
3,hits,584,10
3,hits,585,3
3,hits,586,0
3,hits,587,2
3,hits,588,4
3,hits,589,3
3,hits,590,2
3,hits,591,4
3,hits,592,1
3,hits,593,2
3,hits,594,10
3,hits,595,8
3,hits,596,4
3,hits,597,1
3,hits,598,3
3,hits,599,2
3,hits,600,1
3,hits,601,4
3,hits,602,0
3,hits,603,2
3,hits,604,2
3,hits,605,3
3,hits,606,12
3,hits,607,2
3,hits,608,4
3,hits,609,4
3,hits,610,3
3,hits,611,4
3,hits,612,8
3,hits,613,6
3,hits,614,4
3,hits,615,6
3,hits,616,2
3,hits,617,5
3,hits,618,5
3,hits,619,7
3,hits,620,6
3,hits,621,6
3,hits,622,2
3,hits,623,4
3,hits,624,2
3,hits,625,7
3,hits,626,1
3,hits,627,3
3,hits,628,2
3,hits,629,4
3,hits,630,1
3,hits,631,4
3,hits,632,3
3,hits,633,2
3,hits,634,8
3,hits,635,5
3,hits,636,5
3,hits,637,3
3,hits,638,0
3,hits,639,1
3,hits,640,2
3,hits,641,2
3,hits,642,0
3,hits,643,8
3,hits,644,4
3,hits,645,5
3,hits,646,2
3,hits,647,4
3,hits,648,5
3,hits,649,4
3,hits,650,3
3,hits,651,9
3,hits,652,4
3,hits,653,2
3,hits,654,1
3,hits,655,1
3,hits,656,5
3,hits,657,3
3,hits,658,2
3,hits,659,3
3,hits,660,6
3,hits,661,0
3,hits,662,8
3,hits,663,7
3,hits,664,6
3,hits,665,2
3,hits,666,3
3,hits,667,1
3,hits,668,1
3,hits,669,3
3,hits,670,4
3,hits,671,1
3,hits,672,7
3,hits,673,5
3,hits,674,4
3,hits,675,2
3,hits,676,3
3,hits,677,5
3,hits,678,3
3,hits,679,3
3,hits,680,2
3,hits,681,1
3,hits,682,0
3,hits,683,5
3,hits,684,0
3,hits,685,6
3,hits,686,3
3,hits,687,2
3,hits,688,1
3,hits,689,1
3,hits,690,5
3,hits,691,6
3,hits,692,4
3,hits,693,5
3,hits,694,2
3,hits,695,2
3,hits,696,3
3,hits,697,2
3,hits,698,7
3,hits,699,4
3,hits,700,4
3,hits,701,5
3,hits,702,8
3,hits,703,3
3,hits,704,4
3,hits,705,7
3,hits,706,4
3,hits,707,4
3,hits,708,5
3,hits,709,9
3,hits,710,4
3,hits,711,3
3,hits,712,9
3,hits,713,6
3,hits,714,3
3,hits,715,5
3,hits,716,5
3,hits,717,2
3,hits,718,5
3,hits,719,6
3,hits,720,4
3,hits,721,5
3,hits,722,4
3,hits,723,3
3,hits,724,4
3,hits,725,2
3,hits,726,4
3,hits,727,2
3,hits,728,1
3,hits,729,7
3,hits,730,4
3,hits,731,4
3,hits,732,4
3,hits,733,11
3,hits,734,4
3,hits,735,2
3,hits,736,1
3,hits,737,5
3,hits,738,5
3,hits,739,5
3,hits,740,2
3,hits,741,2
3,hits,742,10
3,hits,743,1
3,hits,744,2
3,hits,745,4
3,hits,746,1
3,hits,747,5
3,hits,748,6
3,hits,749,3
3,hits,750,4
3,hits,751,2
3,hits,752,4
3,hits,753,3
3,hits,754,0
3,hits,755,7
3,hits,756,7
3,hits,757,3
3,hits,758,3
3,hits,759,5
3,hits,760,2
3,hits,761,0
3,hits,762,4
3,hits,763,2
3,hits,764,5
3,hits,765,1
3,hits,766,1
3,hits,767,3
3,hits,768,6
3,hits,769,2
3,hits,770,3
3,hits,771,1
3,hits,772,1
3,hits,773,0
3,hits,774,4
3,hits,775,2
3,hits,776,1
3,hits,777,4
3,hits,778,9
3,hits,779,2
3,hits,780,0
3,hits,781,3
3,hits,782,12
3,hits,783,2
3,hits,784,0
3,hits,785,5
3,hits,786,3
3,hits,787,1
3,hits,788,6
3,hits,789,1
3,hits,790,4
3,hits,791,1
3,hits,792,4
3,hits,793,7
3,hits,794,4
3,hits,795,6
3,hits,796,2
3,hits,797,2
3,hits,798,8
3,hits,799,5
3,hits,800,2
3,hits,801,8
3,hits,802,3
3,hits,803,5
3,hits,804,3
3,hits,805,5
3,hits,806,3
3,hits,807,8
3,hits,808,2
3,hits,809,3
3,hits,810,3
3,hits,811,4
3,hits,812,0
3,hits,813,3
3,hits,814,1
3,hits,815,9
3,hits,816,6
3,hits,817,1
3,hits,818,5
3,hits,819,3
3,hits,820,0
3,hits,821,0
3,hits,822,7
3,hits,823,2
3,hits,824,7
3,hits,825,3
3,hits,826,1
3,hits,827,3
3,hits,828,0
3,hits,829,2
3,hits,830,6
3,hits,831,4
3,hits,832,6
3,hits,833,3
3,hits,834,3
3,hits,835,5
3,hits,836,2
3,hits,837,9
3,hits,838,3
3,hits,839,3
3,hits,840,4
3,hits,841,1
3,hits,842,5
3,hits,843,1
3,hits,844,6
3,hits,845,2
3,hits,846,4
3,hits,847,2
3,hits,848,3
3,hits,849,2
3,hits,850,5
3,hits,851,1
3,hits,852,3
3,hits,853,2
3,hits,854,6
3,hits,855,12
3,hits,856,3
3,hits,857,2
3,hits,858,3
3,hits,859,1
3,hits,860,6
3,hits,861,1
3,hits,862,7
3,hits,863,3
3,hits,864,4
3,hits,865,3
3,hits,866,6
3,hits,867,3
3,hits,868,6
3,hits,869,3
3,hits,870,7
3,hits,871,6
3,hits,872,5
3,hits,873,5
3,hits,874,3
3,hits,875,10
3,hits,876,5
3,hits,877,5
3,hits,878,7
3,hits,879,7
3,hits,880,0
3,hits,881,3
3,hits,882,4
3,hits,883,3
3,hits,884,5
3,hits,885,4
3,hits,886,2
3,hits,887,3
3,hits,888,4
3,hits,889,7
3,hits,890,8
3,hits,891,4
3,hits,892,2
3,hits,893,2
3,hits,894,1
3,hits,895,1
3,hits,896,1
3,hits,897,4
3,hits,898,5
3,hits,899,5
3,hits,900,6
3,hits,901,2
3,hits,902,3
3,hits,903,3
3,hits,904,7
3,hits,905,2
3,hits,906,3
3,hits,907,4
3,hits,908,6
3,hits,909,6
3,hits,910,8
3,hits,911,6
3,hits,912,1
3,hits,913,5
3,hits,914,1
3,hits,915,1
3,hits,916,4
3,hits,917,1
3,hits,918,5
3,hits,919,3
3,hits,920,4
3,hits,921,3
3,hits,922,3
3,hits,923,5
3,hits,924,3
3,hits,925,6
3,hits,926,7
3,hits,927,5
3,hits,928,1
3,hits,929,2
3,hits,930,6
3,hits,931,4
3,hits,932,3
3,hits,933,2
3,hits,934,8
3,hits,935,9
3,hits,936,6
3,hits,937,6
3,hits,938,4
3,hits,939,0
3,hits,940,4
3,hits,941,1
3,hits,942,3
3,hits,943,4
3,hits,944,3
3,hits,945,1
3,hits,946,6
3,hits,947,5
3,hits,948,6
3,hits,949,1
3,hits,950,8
3,hits,951,2
3,hits,952,5
3,hits,953,3
3,hits,954,4
3,hits,955,3
3,hits,956,2
3,hits,957,6
3,hits,958,4
3,hits,959,1
3,hits,960,3
3,hits,961,3
3,hits,962,3
3,hits,963,2
3,hits,964,7
3,hits,965,6
3,hits,966,1
3,hits,967,3
3,hits,968,2
3,hits,969,4
3,hits,970,1
3,hits,971,2
3,hits,972,6
3,hits,973,2
3,hits,974,3
3,hits,975,2
3,hits,976,6
3,hits,977,3
3,hits,978,9
3,hits,979,8
3,hits,980,1
3,hits,981,1
3,hits,982,4
3,hits,983,6
3,hits,984,2
3,hits,985,6
3,hits,986,7
3,hits,987,2
3,hits,988,3
3,hits,989,2
3,hits,990,2
3,hits,991,3
3,hits,992,2
3,hits,993,2
3,hits,994,4
3,hits,995,5
3,hits,996,5
3,hits,997,1
3,hits,998,3
3,hits,999,3
3,hits,1000,5
3,hits,1001,3
3,hits,1002,2
3,hits,1003,3
3,hits,1004,14
3,hits,1005,3
3,hits,1006,3
3,hits,1007,6
3,hits,1008,5
3,hits,1009,5
3,hits,1010,5
3,hits,1011,3
3,hits,1012,4
3,hits,1013,6
3,hits,1014,3
3,hits,1015,3
3,hits,1016,3
3,hits,1017,4
3,hits,1018,3
3,hits,1019,3
3,hits,1020,2
3,hits,1021,1
3,hits,1022,4
3,hits,1023,2
3,hits,1024,6
3,hits,1025,0
3,hits,1026,2
3,hits,1027,3
3,hits,1028,2
3,hits,1029,4
3,hits,1030,5
3,hits,1031,2
3,hits,1032,4
3,hits,1033,2
3,hits,1034,1
3,hits,1035,2
3,hits,1036,1
3,hits,1037,5
3,hits,1038,3
3,hits,1039,9
3,hits,1040,4
3,hits,1041,6
3,hits,1042,1
3,hits,1043,4
3,hits,1044,2
3,hits,1045,1
3,hits,1046,5
3,hits,1047,1
3,hits,1048,0
3,hits,1049,2
3,hits,1050,4
3,hits,1051,1
3,hits,1052,5
3,hits,1053,3
3,hits,1054,3
3,hits,1055,1
3,hits,1056,2
3,hits,1057,7
3,hits,1058,3
3,hits,1059,4
3,hits,1060,2
3,hits,1061,6
3,hits,1062,2
3,hits,1063,2
3,hits,1064,6
3,hits,1065,3
3,hits,1066,4
3,hits,1067,1
3,hits,1068,3
3,hits,1069,8
3,hits,1070,6
3,hits,1071,5
3,hits,1072,7
3,hits,1073,13
3,hits,1074,3
3,hits,1075,5
3,hits,1076,5
3,hits,1077,3
3,hits,1078,2
3,hits,1079,2
3,hits,1080,2
3,hits,1081,3
3,hits,1082,2
3,hits,1083,5
3,hits,1084,6
3,hits,1085,4
3,hits,1086,3
3,hits,1087,3
3,hits,1088,1
3,hits,1089,2
3,hits,1090,2
3,hits,1091,0
3,hits,1092,2
3,hits,1093,6
3,hits,1094,2
3,hits,1095,4
3,hits,1096,3
3,hits,1097,7
3,hits,1098,2
3,hits,1099,6
3,hits,1100,2
3,hits,1101,6
3,hits,1102,1
3,hits,1103,3
3,hits,1104,4
3,hits,1105,2
3,hits,1106,6
3,hits,1107,0
3,hits,1108,2
3,hits,1109,7
3,hits,1110,0
3,hits,1111,3
3,hits,1112,5
3,hits,1113,8
3,hits,1114,1
3,hits,1115,3
3,hits,1116,9
3,hits,1117,2
3,hits,1118,8
3,hits,1119,6
3,hits,1120,11
3,hits,1121,3
3,hits,1122,1
3,hits,1123,9
3,hits,1124,3
3,hits,1125,3
3,hits,1126,2
3,hits,1127,6
3,hits,1128,5
3,hits,1129,3
3,hits,1130,4
3,hits,1131,1
3,hits,1132,8
3,hits,1133,5
3,hits,1134,4
3,hits,1135,3
3,hits,1136,5
3,hits,1137,3
3,hits,1138,4
3,hits,1139,7
3,hits,1140,2
3,hits,1141,5
3,hits,1142,1
3,hits,1143,3
3,hits,1144,4
3,hits,1145,2
3,hits,1146,4
3,hits,1147,4
3,hits,1148,1
3,hits,1149,5
3,hits,1150,5
3,hits,1151,8
3,hits,1152,2
3,hits,1153,3
3,hits,1154,2
3,hits,1155,3
3,hits,1156,0
3,hits,1157,1
3,hits,1158,1
3,hits,1159,2
3,hits,1160,5
3,hits,1161,11
3,hits,1162,3
3,hits,1163,1
3,hits,1164,5
3,hits,1165,5
3,hits,1166,3
3,hits,1167,4
3,hits,1168,4
3,hits,1169,7
3,hits,1170,9
3,hits,1171,5
3,hits,1172,1
3,hits,1173,5
3,hits,1174,2
3,hits,1175,3
3,hits,1176,4
3,hits,1177,2
3,hits,1178,6
3,hits,1179,1
3,hits,1180,3
3,hits,1181,5
3,hits,1182,3
3,hits,1183,5
3,hits,1184,9
3,hits,1185,7
3,hits,1186,2
3,hits,1187,4
3,hits,1188,5
3,hits,1189,3
3,hits,1190,1
3,hits,1191,3
3,hits,1192,5
3,hits,1193,8
3,hits,1194,2
3,hits,1195,3
3,hits,1196,4
3,hits,1197,4
3,hits,1198,2
3,hits,1199,2
3,hits,1200,3
3,hits,1201,5
3,hits,1202,6
3,hits,1203,1
3,hits,1204,1
3,hits,1205,7
3,hits,1206,5
3,hits,1207,1
3,hits,1208,5
3,hits,1209,2
3,hits,1210,5
3,hits,1211,1
3,hits,1212,5
3,hits,1213,4
3,hits,1214,7
3,hits,1215,2
3,hits,1216,10
3,hits,1217,3
3,hits,1218,4
3,hits,1219,7
3,hits,1220,1
3,hits,1221,5
3,hits,1222,4
3,hits,1223,0
3,hits,1224,5
3,hits,1225,7
3,hits,1226,6
3,hits,1227,5
3,hits,1228,2
3,hits,1229,4
3,hits,1230,4
3,hits,1231,1
3,hits,1232,3
3,hits,1233,7
3,hits,1234,4
3,hits,1235,2
3,hits,1236,4
3,hits,1237,4
3,hits,1238,4
3,hits,1239,3
3,hits,1240,3
3,hits,1241,7
3,hits,1242,5
3,hits,1243,6
3,hits,1244,4
3,hits,1245,2
3,hits,1246,2
3,hits,1247,2
3,hits,1248,5
3,hits,1249,1
3,hits,1250,5
3,hits,1251,3
3,hits,1252,3
3,hits,1253,3
3,hits,1254,3
3,hits,1255,2
3,hits,1256,4
3,hits,1257,6
3,hits,1258,7
3,hits,1259,7
3,hits,1260,0
3,hits,1261,2
3,hits,1262,1
3,hits,1263,1
3,hits,1264,3
3,hits,1265,1
3,hits,1266,6
3,hits,1267,7
3,hits,1268,6
3,hits,1269,2
3,hits,1270,6
3,hits,1271,3
3,hits,1272,6
3,hits,1273,3
3,hits,1274,0
3,hits,1275,3
3,hits,1276,2
3,hits,1277,7
3,hits,1278,3
3,hits,1279,3
3,hits,1280,0
3,hits,1281,1
3,hits,1282,5
3,hits,1283,8
3,hits,1284,5
3,hits,1285,2
3,hits,1286,5
3,hits,1287,1
3,hits,1288,5
3,hits,1289,3
3,hits,1290,3
3,hits,1291,5
3,hits,1292,6
3,hits,1293,2
3,hits,1294,7
3,hits,1295,2
3,hits,1296,3
3,hits,1297,3
3,hits,1298,5
3,hits,1299,5
3,hits,1300,2
3,hits,1301,3
3,hits,1302,3
3,hits,1303,3
3,hits,1304,0
3,hits,1305,1
3,hits,1306,1
3,hits,1307,1
3,hits,1308,2
3,hits,1309,6
3,hits,1310,4
3,hits,1311,3
3,hits,1312,6
3,hits,1313,4
3,hits,1314,9
3,hits,1315,3
3,hits,1316,0
3,hits,1317,1
3,hits,1318,4
3,hits,1319,5
3,hits,1320,4
3,hits,1321,5
3,hits,1322,11
3,hits,1323,4
3,hits,1324,1
3,hits,1325,1
3,hits,1326,6
3,hits,1327,5
3,hits,1328,3
3,hits,1329,3
3,hits,1330,6
3,hits,1331,1
3,hits,1332,3
3,hits,1333,4
3,hits,1334,5
3,hits,1335,2
3,hits,1336,3
3,hits,1337,1
3,hits,1338,5
3,hits,1339,3
3,hits,1340,4
3,hits,1341,4
3,hits,1342,0
3,hits,1343,3
3,hits,1344,6
3,hits,1345,2
3,hits,1346,1
3,hits,1347,6
3,hits,1348,1
3,hits,1349,3
3,hits,1350,10
3,hits,1351,9
3,hits,1352,3
3,hits,1353,3
3,hits,1354,4
3,hits,1355,0
3,hits,1356,4
3,hits,1357,2
3,hits,1358,1
3,hits,1359,6
3,hits,1360,6
3,hits,1361,4
3,hits,1362,6
3,hits,1363,2
3,hits,1364,8
3,hits,1365,1
3,hits,1366,3
3,hits,1367,2
3,hits,1368,1
3,hits,1369,5
3,hits,1370,2
3,hits,1371,4
3,hits,1372,3
3,hits,1373,1
3,hits,1374,2
3,hits,1375,5
3,hits,1376,1
3,hits,1377,5
3,hits,1378,1
3,hits,1379,0
3,hits,1380,3
3,hits,1381,8
3,hits,1382,0
3,hits,1383,3
3,hits,1384,1
3,hits,1385,4
3,hits,1386,3
3,hits,1387,1
3,hits,1388,4
3,hits,1389,3
3,hits,1390,4
3,hits,1391,5
3,hits,1392,3
3,hits,1393,5
3,hits,1394,2
3,hits,1395,2
3,hits,1396,8
3,hits,1397,5
3,hits,1398,3
3,hits,1399,2
3,hits,1400,6
3,hits,1401,2
3,hits,1402,6
3,hits,1403,2
3,hits,1404,3
3,hits,1405,3
3,hits,1406,4
3,hits,1407,5
3,hits,1408,5
3,hits,1409,3
3,hits,1410,2
3,hits,1411,5
3,hits,1412,2
3,hits,1413,1
3,hits,1414,4
3,hits,1415,5
3,hits,1416,1
3,hits,1417,5
3,hits,1418,2
3,hits,1419,5
3,hits,1420,9
3,hits,1421,8
3,hits,1422,5
3,hits,1423,5
3,hits,1424,2
3,hits,1425,4
3,hits,1426,4
3,hits,1427,5
3,hits,1428,1
3,hits,1429,5
3,hits,1430,7
3,hits,1431,1
3,hits,1432,1
3,hits,1433,4
3,hits,1434,2
3,hits,1435,2
3,hits,1436,13
3,hits,1437,5
3,hits,1438,4
3,hits,1439,6
3,hits,1440,2
3,hits,1441,2
3,hits,1442,5
3,hits,1443,3
3,hits,1444,6
3,hits,1445,1
3,hits,1446,7
3,hits,1447,2
3,hits,1448,6
3,hits,1449,3
3,hits,1450,7
3,hits,1451,4
3,hits,1452,2
3,hits,1453,3
3,hits,1454,1
3,hits,1455,4
3,hits,1456,12
3,hits,1457,3
3,hits,1458,8
3,hits,1459,8
3,hits,1460,0
3,hits,1461,7
3,hits,1462,2
3,hits,1463,5
3,hits,1464,4
3,hits,1465,2
3,hits,1466,5
3,hits,1467,4
3,hits,1468,0
3,hits,1469,2
3,hits,1470,2
3,hits,1471,1
3,hits,1472,4
3,hits,1473,0
3,hits,1474,7
3,hits,1475,6
3,hits,1476,3
3,hits,1477,4
3,hits,1478,2
3,hits,1479,2
3,hits,1480,9
3,hits,1481,8
3,hits,1482,7
3,hits,1483,5
3,hits,1484,6
3,hits,1485,3
3,hits,1486,1
3,hits,1487,1
3,hits,1488,5
3,hits,1489,1
3,hits,1490,1
3,hits,1491,6
3,hits,1492,4
3,hits,1493,3
3,hits,1494,1
3,hits,1495,3
3,hits,1496,1
3,hits,1497,0
3,hits,1498,3
3,hits,1499,6
3,hits,1500,1
3,hits,1501,2
3,hits,1502,1
3,hits,1503,3
3,hits,1504,3
3,hits,1505,4
3,hits,1506,0
3,hits,1507,3
3,hits,1508,6
3,hits,1509,2
3,hits,1510,3
3,hits,1511,2
3,hits,1512,4
3,hits,1513,7
3,hits,1514,4
3,hits,1515,0
3,hits,1516,1
3,hits,1517,1
3,hits,1518,6
3,hits,1519,0
3,hits,1520,2
3,hits,1521,2
3,hits,1522,3
3,hits,1523,5
3,hits,1524,2
3,hits,1525,6
3,hits,1526,6
3,hits,1527,0
3,hits,1528,2
3,hits,1529,7
3,hits,1530,3
3,hits,1531,4
3,hits,1532,1
3,hits,1533,6
3,hits,1534,7
3,hits,1535,7
3,hits,1536,5
3,hits,1537,3
3,hits,1538,6
3,hits,1539,4
3,hits,1540,2
3,hits,1541,4
3,hits,1542,3
3,hits,1543,0
3,hits,1544,1
3,hits,1545,1
3,hits,1546,5
3,hits,1547,2
3,hits,1548,4
3,hits,1549,3
3,hits,1550,5
3,hits,1551,2
3,hits,1552,2
3,hits,1553,2
3,hits,1554,4
3,hits,1555,4
3,hits,1556,6
3,hits,1557,2
3,hits,1558,4
3,hits,1559,2
3,hits,1560,3
3,hits,1561,1
3,hits,1562,4
3,hits,1563,3
3,hits,1564,3
3,hits,1565,3
3,hits,1566,5
3,hits,1567,3
3,hits,1568,1
3,hits,1569,1
3,hits,1570,3
3,hits,1571,4
3,hits,1572,5
3,hits,1573,3
3,hits,1574,3
3,hits,1575,4
3,hits,1576,7
3,hits,1577,4
3,hits,1578,1
3,hits,1579,5
3,hits,1580,3
3,hits,1581,5
3,hits,1582,6
3,hits,1583,1
3,hits,1584,2
3,hits,1585,1
3,hits,1586,2
3,hits,1587,0
3,hits,1588,4
3,hits,1589,4
3,hits,1590,1
3,hits,1591,10
3,hits,1592,4
3,hits,1593,3
3,hits,1594,3
3,hits,1595,7
3,hits,1596,1
3,hits,1597,3
3,hits,1598,3
3,hits,1599,4
3,hits,1600,2
3,hits,1601,6
3,hits,1602,5
3,hits,1603,3
3,hits,1604,3
3,hits,1605,1
3,hits,1606,1
3,hits,1607,3
3,hits,1608,4
3,hits,1609,8
3,hits,1610,3
3,hits,1611,5
3,hits,1612,6
3,hits,1613,5
3,hits,1614,2
3,hits,1615,6
3,hits,1616,1
3,hits,1617,4
3,hits,1618,6
3,hits,1619,2
3,hits,1620,6
3,hits,1621,4
3,hits,1622,4
3,hits,1623,1
3,hits,1624,4
3,hits,1625,2
3,hits,1626,9
3,hits,1627,3
3,hits,1628,9
3,hits,1629,3
3,hits,1630,0
3,hits,1631,3
3,hits,1632,1
3,hits,1633,3
3,hits,1634,7
3,hits,1635,4
3,hits,1636,5
3,hits,1637,4
3,hits,1638,4
3,hits,1639,3
3,hits,1640,1
3,hits,1641,7
3,hits,1642,3
3,hits,1643,8
3,hits,1644,3
3,hits,1645,0
3,hits,1646,3
3,hits,1647,4
3,hits,1648,8
3,hits,1649,4
3,hits,1650,4
3,hits,1651,8
3,hits,1652,2
3,hits,1653,1
3,hits,1654,5
3,hits,1655,4
3,hits,1656,5
3,hits,1657,6
3,hits,1658,4
3,hits,1659,4
3,hits,1660,5
3,hits,1661,6
3,hits,1662,2
3,hits,1663,2
3,hits,1664,7
3,hits,1665,3
3,hits,1666,2
3,hits,1667,3
3,hits,1668,6
3,hits,1669,5
3,hits,1670,3
3,hits,1671,4
3,hits,1672,1
3,hits,1673,5
3,hits,1674,4
3,hits,1675,2
3,hits,1676,9
3,hits,1677,3
3,hits,1678,2
3,hits,1679,6
3,hits,1680,3
3,hits,1681,3
3,hits,1682,3
3,hits,1683,6
3,hits,1684,5
3,hits,1685,8
3,hits,1686,3
3,hits,1687,8
3,hits,1688,0
3,hits,1689,5
3,hits,1690,5
3,hits,1691,4
3,hits,1692,6
3,hits,1693,13
3,hits,1694,11
3,hits,1695,1
3,hits,1696,3
3,hits,1697,6
3,hits,1698,1
3,hits,1699,2
3,hits,1700,5
3,hits,1701,3
3,hits,1702,6
3,hits,1703,2
3,hits,1704,7
3,hits,1705,4
3,hits,1706,2
3,hits,1707,2
3,hits,1708,4
3,hits,1709,1
3,hits,1710,3
3,hits,1711,7
3,hits,1712,2
3,hits,1713,4
3,hits,1714,2
3,hits,1715,5
3,hits,1716,8
3,hits,1717,10
3,hits,1718,3
3,hits,1719,3
3,hits,1720,2
3,hits,1721,3
3,hits,1722,2
3,hits,1723,5
3,hits,1724,3
3,hits,1725,4
3,hits,1726,2
3,hits,1727,6
3,hits,1728,2
3,hits,1729,5
3,hits,1730,2
3,hits,1731,1
3,hits,1732,2
3,hits,1733,3
3,hits,1734,5
3,hits,1735,2
3,hits,1736,5
3,hits,1737,2
3,hits,1738,3
3,hits,1739,1
3,hits,1740,7
3,hits,1741,4
3,hits,1742,3
3,hits,1743,6
3,hits,1744,2
3,hits,1745,4
3,hits,1746,2
3,hits,1747,6
3,hits,1748,2
3,hits,1749,3
3,hits,1750,7
3,hits,1751,4
3,hits,1752,5
3,hits,1753,8
3,hits,1754,3
3,hits,1755,13
3,hits,1756,10
3,hits,1757,2
3,hits,1758,4
3,hits,1759,0
3,hits,1760,3
3,hits,1761,0
3,hits,1762,5
3,hits,1763,8
3,hits,1764,3
3,hits,1765,3
3,hits,1766,2
3,hits,1767,9
3,hits,1768,3
3,hits,1769,12
3,hits,1770,8
3,hits,1771,3
3,hits,1772,5
3,hits,1773,3
3,hits,1774,4
3,hits,1775,4
3,hits,1776,8
3,hits,1777,2
3,hits,1778,4
3,hits,1779,5
3,hits,1780,5
3,hits,1781,4
3,hits,1782,2
3,hits,1783,5
3,hits,1784,2
3,hits,1785,6
3,hits,1786,3
3,hits,1787,1
3,hits,1788,2
3,hits,1789,2
3,hits,1790,3
3,hits,1791,3
3,hits,1792,3
3,hits,1793,2
3,hits,1794,2
3,hits,1795,2
3,hits,1796,7
3,hits,1797,8
3,hits,1798,3
3,hits,1799,2
3,hits,1800,4
3,hits,1801,3
3,hits,1802,4
3,hits,1803,5
3,hits,1804,0
3,hits,1805,3
3,hits,1806,3
3,hits,1807,7
3,hits,1808,3
3,hits,1809,1
3,hits,1810,0
3,hits,1811,8
3,hits,1812,4
3,hits,1813,4
3,hits,1814,0
3,hits,1815,1
3,hits,1816,2
3,hits,1817,3
3,hits,1818,3
3,hits,1819,6
3,hits,1820,4
3,hits,1821,4
3,hits,1822,6
3,hits,1823,6
3,hits,1824,6
3,hits,1825,3
3,hits,1826,4
3,hits,1827,3
3,hits,1828,2
3,hits,1829,4
3,hits,1830,3
3,hits,1831,1
3,hits,1832,2
3,hits,1833,1
3,hits,1834,2
3,hits,1835,5
3,hits,1836,9
3,hits,1837,2
3,hits,1838,2
3,hits,1839,6
3,hits,1840,3
3,hits,1841,4
3,hits,1842,7
3,hits,1843,2
3,hits,1844,3
3,hits,1845,3
3,hits,1846,5
3,hits,1847,9
3,hits,1848,3
3,hits,1849,5
3,hits,1850,3
3,hits,1851,2
3,hits,1852,7
3,hits,1853,0
3,hits,1854,0
3,hits,1855,3
3,hits,1856,0
3,hits,1857,6
3,hits,1858,3
3,hits,1859,3
3,hits,1860,3
3,hits,1861,5
3,hits,1862,10
3,hits,1863,2
3,hits,1864,5
3,hits,1865,5
3,hits,1866,7
3,hits,1867,4
3,hits,1868,2
3,hits,1869,5
3,hits,1870,0
3,hits,1871,2
3,hits,1872,7
3,hits,1873,6
3,hits,1874,7
3,hits,1875,7
3,hits,1876,4
3,hits,1877,5
3,hits,1878,4
3,hits,1879,3
3,hits,1880,0
3,hits,1881,1
3,hits,1882,1
3,hits,1883,5
3,hits,1884,4
3,hits,1885,5
3,hits,1886,2
3,hits,1887,5
3,hits,1888,5
3,hits,1889,4
3,hits,1890,2
3,hits,1891,0
3,hits,1892,4
3,hits,1893,7
3,hits,1894,4
3,hits,1895,3
3,hits,1896,4
3,hits,1897,7
3,hits,1898,4
3,hits,1899,4
3,hits,1900,11
3,hits,1901,2
3,hits,1902,4
3,hits,1903,5
3,hits,1904,5
3,hits,1905,3
3,hits,1906,7
3,hits,1907,5
3,hits,1908,1
3,hits,1909,4
3,hits,1910,3
3,hits,1911,2
3,hits,1912,7
3,hits,1913,9
3,hits,1914,4
3,hits,1915,1
3,hits,1916,8
3,hits,1917,6
3,hits,1918,3
3,hits,1919,4
3,hits,1920,5
3,hits,1921,2
3,hits,1922,3
3,hits,1923,3
3,hits,1924,3
3,hits,1925,5
3,hits,1926,3
3,hits,1927,4
3,hits,1928,2
3,hits,1929,6
3,hits,1930,2
3,hits,1931,2
3,hits,1932,2
3,hits,1933,6
3,hits,1934,11
3,hits,1935,5
3,hits,1936,5
3,hits,1937,2
3,hits,1938,4
3,hits,1939,6
3,hits,1940,2
3,hits,1941,5
3,hits,1942,0
3,hits,1943,5
3,hits,1944,7
3,hits,1945,4
3,hits,1946,3
3,hits,1947,0
3,hits,1948,5
3,hits,1949,0
3,hits,1950,4
3,hits,1951,1
3,hits,1952,4
3,hits,1953,4
3,hits,1954,2
3,hits,1955,5
3,hits,1956,5
3,hits,1957,6
3,hits,1958,5
3,hits,1959,6
3,hits,1960,7
3,hits,1961,5
3,hits,1962,2
3,hits,1963,5
3,hits,1964,3
3,hits,1965,4
3,hits,1966,6
3,hits,1967,2
3,hits,1968,3
3,hits,1969,3
3,hits,1970,5
3,hits,1971,5
3,hits,1972,1
3,hits,1973,6
3,hits,1974,6
3,hits,1975,5
3,hits,1976,6
3,hits,1977,2
3,hits,1978,5
3,hits,1979,5
3,hits,1980,3
3,hits,1981,3
3,hits,1982,4
3,hits,1983,0
3,hits,1984,4
3,hits,1985,5
3,hits,1986,2
3,hits,1987,1
3,hits,1988,2
3,hits,1989,3
3,hits,1990,2
3,hits,1991,4
3,hits,1992,3
3,hits,1993,0
3,hits,1994,5
3,hits,1995,3
3,hits,1996,1
3,hits,1997,7
3,hits,1998,3
3,hits,1999,2
4,median,0,0.0
4,median,1,0.0
4,median,2,0.0
4,median,3,0.0
4,median,4,0.0
4,median,5,0.0
4,median,6,0.0
4,median,7,0.0
4,median,8,0.0
4,median,9,0.0
4,median,10,0.0
4,median,11,0.0
4,median,12,0.0
4,median,13,0.0
4,median,14,0.0
4,median,15,0.0
4,median,16,0.0
4,median,17,0.0
4,median,18,0.0
4,median,19,0.0
4,median,20,0.0
4,median,21,0.0
4,median,22,0.0
4,median,23,0.0
4,median,24,0.0
4,median,25,0.0
4,median,26,0.0
4,median,27,0.0
4,median,28,0.0
4,median,29,0.0
4,median,30,0.0
4,median,31,0.0
4,median,32,0.0
4,median,33,0.0
4,median,34,0.0
4,median,35,0.0
4,median,36,0.0
4,median,37,0.0
4,median,38,0.0
4,median,39,0.0
4,median,40,0.0
4,median,41,0.0
4,median,42,0.0
4,median,43,0.0
4,median,44,0.0
4,median,45,0.0
4,median,46,0.0
4,median,47,0.0
4,median,48,0.0
4,median,49,0.0
4,median,50,0.0
4,median,51,0.0
4,median,52,0.0
4,median,53,0.0
4,median,54,0.0
4,median,55,0.0
4,median,56,0.0
4,median,57,0.0
4,median,58,0.0
4,median,59,0.0
4,median,60,0.0
4,median,61,0.0
4,median,62,0.0
4,median,63,0.0
4,median,64,0.0
4,median,65,0.0
4,median,66,0.0
4,median,67,0.0
4,median,68,0.0
4,median,69,0.0
4,median,70,0.0
4,median,71,0.0
4,median,72,0.0
4,median,73,0.0
4,median,74,0.0
4,median,75,0.0
4,median,76,0.0
4,median,77,0.0
4,median,78,0.0
4,median,79,0.0
4,median,80,0.0
4,median,81,0.0
4,median,82,0.0
4,median,83,0.0
4,median,84,0.0
4,median,85,0.0
4,median,86,0.0
4,median,87,0.0
4,median,88,0.0
4,median,89,0.0
4,median,90,0.0
4,median,91,0.0
4,median,92,0.0
4,median,93,0.0
4,median,94,0.0
4,median,95,0.0
4,median,96,0.0
4,median,97,0.0
4,median,98,0.0
4,median,99,0.0
4,median,100,0.0
4,median,101,0.0
4,median,102,0.0
4,median,103,0.0
4,median,104,0.0
4,median,105,0.0
4,median,106,0.0
4,median,107,0.0
4,median,108,0.0
4,median,109,0.0
4,median,110,0.0
4,median,111,0.0
4,median,112,0.0
4,median,113,0.0
4,median,114,0.0
4,median,115,0.0
4,median,116,0.0
4,median,117,0.0
4,median,118,0.0
4,median,119,0.0
4,median,120,0.0
4,median,121,0.0
4,median,122,0.0
4,median,123,0.0
4,median,124,0.0
4,median,125,0.0
4,median,126,0.0
4,median,127,0.0
4,median,128,0.0
4,median,129,0.0
4,median,130,0.0
4,median,131,0.0
4,median,132,0.0
4,median,133,0.0
4,median,134,0.0
4,median,135,0.0
4,median,136,0.0
4,median,137,0.0
4,median,138,0.0
4,median,139,0.0
4,median,140,0.0
4,median,141,0.0
4,median,142,0.0
4,median,143,0.0
4,median,144,0.0
4,median,145,0.0
4,median,146,0.0
4,median,147,0.0
4,median,148,0.0
4,median,149,0.0
4,median,150,0.0
4,median,151,0.0
4,median,152,0.0
4,median,153,0.0
4,median,154,0.0
4,median,155,0.0
4,median,156,0.0
4,median,157,0.0
4,median,158,0.0
4,median,159,0.0
4,median,160,0.0
4,median,161,0.0
4,median,162,0.0
4,median,163,0.0
4,median,164,0.0
4,median,165,0.0
4,median,166,0.0
4,median,167,0.0
4,median,168,0.0
4,median,169,0.0
4,median,170,0.0
4,median,171,0.0
4,median,172,0.0
4,median,173,0.0
4,median,174,0.0
4,median,175,0.0
4,median,176,0.0
4,median,177,0.0
4,median,178,0.0
4,median,179,0.0
4,median,180,0.0
4,median,181,0.0
4,median,182,0.0
4,median,183,0.0
4,median,184,0.0
4,median,185,0.0
4,median,186,0.0
4,median,187,0.0
4,median,188,0.0
4,median,189,0.0
4,median,190,0.0
4,median,191,0.0
4,median,192,0.0
4,median,193,0.0
4,median,194,0.0
4,median,195,0.0
4,median,196,0.0
4,median,197,0.0
4,median,198,0.0
4,median,199,0.0
4,median,200,0.0
4,median,201,0.0
4,median,202,0.0
4,median,203,0.0
4,median,204,0.0
4,median,205,0.0
4,median,206,0.0
4,median,207,0.0
4,median,208,0.0
4,median,209,0.0
4,median,210,0.0
4,median,211,0.0
4,median,212,0.0
4,median,213,0.0
4,median,214,0.0
4,median,215,0.0
4,median,216,0.0
4,median,217,0.0
4,median,218,0.0
4,median,219,0.0
4,median,220,0.0
4,median,221,0.0
4,median,222,0.0
4,median,223,0.0
4,median,224,0.0
4,median,225,0.0
4,median,226,0.0
4,median,227,0.0
4,median,228,0.0
4,median,229,0.0
4,median,230,0.0
4,median,231,0.0
4,median,232,0.0
4,median,233,0.0
4,median,234,0.0
4,median,235,0.0
4,median,236,0.0
4,median,237,0.0
4,median,238,0.0
4,median,239,0.0
4,median,240,0.0
4,median,241,0.0
4,median,242,0.0
4,median,243,0.0
4,median,244,0.0
4,median,245,0.0
4,median,246,0.0
4,median,247,0.0
4,median,248,0.0
4,median,249,0.0
4,median,250,0.0
4,median,251,0.0
4,median,252,0.0
4,median,253,0.0
4,median,254,0.0
4,median,255,0.0
4,median,256,0.0
4,median,257,0.0
4,median,258,0.0
4,median,259,0.0
4,median,260,0.0
4,median,261,0.0
4,median,262,0.0
4,median,263,0.0
4,median,264,0.0
4,median,265,0.0
4,median,266,0.0
4,median,267,0.0
4,median,268,0.0
4,median,269,0.0
4,median,270,0.0
4,median,271,0.0
4,median,272,0.0
4,median,273,0.0
4,median,274,0.0
4,median,275,0.0
4,median,276,0.0
4,median,277,0.0
4,median,278,0.0
4,median,279,0.0
4,median,280,0.0
4,median,281,0.0
4,median,282,0.0
4,median,283,0.0
4,median,284,0.0
4,median,285,0.0
4,median,286,0.0
4,median,287,0.0
4,median,288,0.0
4,median,289,0.0
4,median,290,0.0
4,median,291,0.0
4,median,292,0.0
4,median,293,0.0
4,median,294,0.0
4,median,295,0.0
4,median,296,0.0
4,median,297,0.0
4,median,298,0.0
4,median,299,0.0
4,median,300,0.0
4,median,301,0.0
4,median,302,0.0
4,median,303,0.0
4,median,304,0.0
4,median,305,0.0
4,median,306,0.0
4,median,307,0.0
4,median,308,0.0
4,median,309,0.0
4,median,310,0.0
4,median,311,0.0
4,median,312,0.0
4,median,313,0.0
4,median,314,0.0
4,median,315,0.0
4,median,316,0.0
4,median,317,0.0
4,median,318,0.0
4,median,319,0.0
4,median,320,0.0
4,median,321,0.0
4,median,322,0.0
4,median,323,0.0
4,median,324,0.0
4,median,325,0.0
4,median,326,0.0
4,median,327,0.0
4,median,328,0.0
4,median,329,0.0
4,median,330,0.0
4,median,331,0.0
4,median,332,0.0
4,median,333,0.0
4,median,334,0.0
4,median,335,0.0
4,median,336,0.0
4,median,337,0.0
4,median,338,0.0
4,median,339,0.0
4,median,340,0.0
4,median,341,0.0
4,median,342,0.0
4,median,343,0.0
4,median,344,0.0
4,median,345,0.0
4,median,346,0.0
4,median,347,0.0
4,median,348,0.0
4,median,349,0.0
4,median,350,0.0
4,median,351,0.0
4,median,352,0.0
4,median,353,0.0
4,median,354,0.0
4,median,355,0.0
4,median,356,0.0
4,median,357,0.0
4,median,358,0.0
4,median,359,0.0
4,median,360,0.0
4,median,361,0.0
4,median,362,0.0
4,median,363,0.0
4,median,364,0.0
4,median,365,0.0
4,median,366,0.0
4,median,367,0.0
4,median,368,0.0
4,median,369,0.0
4,median,370,0.0
4,median,371,0.0
4,median,372,0.0
4,median,373,0.0
4,median,374,0.0
4,median,375,0.0
4,median,376,0.0
4,median,377,0.0
4,median,378,0.0
4,median,379,0.0
4,median,380,0.0
4,median,381,0.0
4,median,382,0.0
4,median,383,0.0
4,median,384,0.0
4,median,385,0.0
4,median,386,0.0
4,median,387,0.0
4,median,388,0.0
4,median,389,0.0
4,median,390,0.0
4,median,391,0.0
4,median,392,0.0
4,median,393,0.0
4,median,394,0.0
4,median,395,0.0
4,median,396,0.0
4,median,397,0.0
4,median,398,0.0
4,median,399,0.0
4,median,400,0.0
4,median,401,0.0
4,median,402,0.0
4,median,403,0.0
4,median,404,0.0
4,median,405,0.0
4,median,406,0.0
4,median,407,0.0
4,median,408,0.0
4,median,409,0.0
4,median,410,0.0
4,median,411,0.0
4,median,412,0.0
4,median,413,0.0
4,median,414,0.0
4,median,415,0.0
4,median,416,0.0
4,median,417,0.0
4,median,418,0.0
4,median,419,0.0
4,median,420,0.0
4,median,421,0.0
4,median,422,0.0
4,median,423,0.0
4,median,424,0.0
4,median,425,0.0
4,median,426,0.0
4,median,427,0.0
4,median,428,0.0
4,median,429,0.0
4,median,430,0.0
4,median,431,0.0
4,median,432,0.0
4,median,433,0.0
4,median,434,0.0
4,median,435,0.0
4,median,436,0.0
4,median,437,0.0
4,median,438,0.0
4,median,439,0.0
4,median,440,0.0
4,median,441,0.0
4,median,442,0.0
4,median,443,0.0
4,median,444,0.0
4,median,445,0.0
4,median,446,0.0
4,median,447,0.0
4,median,448,0.0
4,median,449,0.0
4,median,450,0.0
4,median,451,0.0
4,median,452,0.0
4,median,453,0.0
4,median,454,0.0
4,median,455,0.0
4,median,456,0.0
4,median,457,0.0
4,median,458,0.0
4,median,459,0.0
4,median,460,0.0
4,median,461,0.0
4,median,462,0.0
4,median,463,0.0
4,median,464,0.0
4,median,465,0.0
4,median,466,0.0
4,median,467,0.0
4,median,468,0.0
4,median,469,0.0
4,median,470,0.0
4,median,471,0.0
4,median,472,0.0
4,median,473,0.0
4,median,474,0.0
4,median,475,0.0
4,median,476,0.0
4,median,477,0.0
4,median,478,0.0
4,median,479,0.0
4,median,480,0.0
4,median,481,0.0
4,median,482,0.0
4,median,483,0.0
4,median,484,0.0
4,median,485,0.0
4,median,486,0.0
4,median,487,0.0
4,median,488,0.0
4,median,489,0.0
4,median,490,0.0
4,median,491,0.0
4,median,492,0.0
4,median,493,0.0
4,median,494,0.0
4,median,495,0.0
4,median,496,0.0
4,median,497,0.0
4,median,498,0.0
4,median,499,0.0
4,median,500,0.0
4,median,501,0.0
4,median,502,0.0
4,median,503,0.0
4,median,504,0.0
4,median,505,0.0
4,median,506,0.0
4,median,507,0.0
4,median,508,0.0
4,median,509,0.0
4,median,510,0.0
4,median,511,0.0
4,median,512,0.0
4,median,513,0.0
4,median,514,0.0
4,median,515,0.0
4,median,516,0.0
4,median,517,0.0
4,median,518,0.0
4,median,519,0.0
4,median,520,0.0
4,median,521,0.0
4,median,522,0.0
4,median,523,0.0
4,median,524,0.0
4,median,525,0.0
4,median,526,0.0
4,median,527,0.0
4,median,528,0.0
4,median,529,0.0
4,median,530,0.0
4,median,531,0.0
4,median,532,0.0
4,median,533,0.0
4,median,534,0.0
4,median,535,0.0
4,median,536,0.0
4,median,537,0.0
4,median,538,0.0
4,median,539,0.0
4,median,540,0.0
4,median,541,0.0
4,median,542,0.0
4,median,543,0.0
4,median,544,0.0
4,median,545,0.0
4,median,546,0.0
4,median,547,0.0
4,median,548,0.0
4,median,549,0.0
4,median,550,0.0
4,median,551,0.0
4,median,552,0.0
4,median,553,0.0
4,median,554,0.0
4,median,555,0.0
4,median,556,0.0
4,median,557,0.0
4,median,558,0.0
4,median,559,0.0
4,median,560,0.0
4,median,561,0.0
4,median,562,0.0
4,median,563,0.0
4,median,564,0.0
4,median,565,0.0
4,median,566,0.0
4,median,567,0.0
4,median,568,0.0
4,median,569,0.0
4,median,570,0.0
4,median,571,0.0
4,median,572,0.0
4,median,573,0.0
4,median,574,0.0
4,median,575,0.0
4,median,576,0.0
4,median,577,0.0
4,median,578,0.0
4,median,579,0.0
4,median,580,0.0
4,median,581,0.0
4,median,582,0.0
4,median,583,0.0
4,median,584,0.0
4,median,585,0.0
4,median,586,0.0
4,median,587,0.0
4,median,588,0.0
4,median,589,0.0
4,median,590,0.0
4,median,591,0.0
4,median,592,0.0
4,median,593,0.0
4,median,594,0.0
4,median,595,0.0
4,median,596,0.0
4,median,597,0.0
4,median,598,0.0
4,median,599,0.0
4,median,600,0.0
4,median,601,0.0
4,median,602,0.0
4,median,603,0.0
4,median,604,0.0
4,median,605,0.0
4,median,606,0.0
4,median,607,0.0
4,median,608,0.0
4,median,609,0.0
4,median,610,0.0
4,median,611,0.0
4,median,612,0.0
4,median,613,0.0
4,median,614,0.0
4,median,615,0.0
4,median,616,0.0
4,median,617,0.0
4,median,618,0.0
4,median,619,0.0
4,median,620,0.0
4,median,621,0.0
4,median,622,0.0
4,median,623,0.0
4,median,624,0.0
4,median,625,0.0
4,median,626,0.0
4,median,627,0.0
4,median,628,0.0
4,median,629,0.0
4,median,630,0.0
4,median,631,0.0
4,median,632,0.0
4,median,633,0.0
4,median,634,0.0
4,median,635,0.0
4,median,636,0.0
4,median,637,0.0
4,median,638,0.0
4,median,639,0.0
4,median,640,0.0
4,median,641,0.0
4,median,642,0.0
4,median,643,0.0
4,median,644,0.0
4,median,645,0.0
4,median,646,0.0
4,median,647,0.0
4,median,648,0.0
4,median,649,0.0
4,median,650,0.0
4,median,651,0.0
4,median,652,0.0
4,median,653,0.0
4,median,654,0.0
4,median,655,0.0
4,median,656,0.0
4,median,657,0.0
4,median,658,0.0
4,median,659,0.0
4,median,660,0.0
4,median,661,0.0
4,median,662,0.0
4,median,663,0.0
4,median,664,0.0
4,median,665,0.0
4,median,666,0.0
4,median,667,0.0
4,median,668,0.0
4,median,669,0.0
4,median,670,0.0
4,median,671,0.0
4,median,672,0.0
4,median,673,0.0
4,median,674,0.0
4,median,675,0.0
4,median,676,0.0
4,median,677,0.0
4,median,678,0.0
4,median,679,0.0
4,median,680,0.0
4,median,681,0.0
4,median,682,0.0
4,median,683,0.0
4,median,684,0.0
4,median,685,0.0
4,median,686,0.0
4,median,687,0.0
4,median,688,0.0
4,median,689,0.0
4,median,690,0.0
4,median,691,0.0
4,median,692,0.0
4,median,693,0.0
4,median,694,0.0
4,median,695,0.0
4,median,696,0.0
4,median,697,0.0
4,median,698,0.0
4,median,699,0.0
4,median,700,0.0
4,median,701,0.0
4,median,702,0.0
4,median,703,0.0
4,median,704,0.0
4,median,705,0.0
4,median,706,0.0
4,median,707,0.0
4,median,708,0.0
4,median,709,0.0
4,median,710,0.0
4,median,711,0.0
4,median,712,0.0
4,median,713,0.0
4,median,714,0.0
4,median,715,0.0
4,median,716,0.0
4,median,717,0.0
4,median,718,0.0
4,median,719,0.0
4,median,720,0.0
4,median,721,0.0
4,median,722,0.0
4,median,723,0.0
4,median,724,0.0
4,median,725,0.0
4,median,726,0.0
4,median,727,0.0
4,median,728,0.0
4,median,729,0.0
4,median,730,0.0
4,median,731,0.0
4,median,732,0.0
4,median,733,0.0
4,median,734,0.0
4,median,735,0.0
4,median,736,0.0
4,median,737,0.0
4,median,738,0.0
4,median,739,0.0
4,median,740,0.0
4,median,741,0.0
4,median,742,0.0
4,median,743,0.0
4,median,744,0.0
4,median,745,0.0
4,median,746,0.0
4,median,747,0.0
4,median,748,0.0
4,median,749,0.0
4,median,750,0.0
4,median,751,0.0
4,median,752,0.0
4,median,753,0.0
4,median,754,0.0
4,median,755,0.0
4,median,756,0.0
4,median,757,0.0
4,median,758,0.0
4,median,759,0.0
4,median,760,0.0
4,median,761,0.0
4,median,762,0.0
4,median,763,0.0
4,median,764,0.0
4,median,765,0.0
4,median,766,0.0
4,median,767,0.0
4,median,768,0.0
4,median,769,0.0
4,median,770,0.0
4,median,771,0.0
4,median,772,0.0
4,median,773,0.0
4,median,774,0.0
4,median,775,0.0
4,median,776,0.0
4,median,777,0.0
4,median,778,0.0
4,median,779,0.0
4,median,780,0.0
4,median,781,0.0
4,median,782,0.0
4,median,783,0.0
4,median,784,0.0
4,median,785,0.0
4,median,786,0.0
4,median,787,0.0
4,median,788,0.0
4,median,789,0.0
4,median,790,0.0
4,median,791,0.0
4,median,792,0.0
4,median,793,0.0
4,median,794,0.0
4,median,795,0.0
4,median,796,0.0
4,median,797,0.0
4,median,798,0.0
4,median,799,0.0
4,median,800,0.0
4,median,801,0.0
4,median,802,0.0
4,median,803,0.0
4,median,804,0.0
4,median,805,0.0
4,median,806,0.0
4,median,807,0.0
4,median,808,0.0
4,median,809,0.0
4,median,810,0.0
4,median,811,0.0
4,median,812,0.0
4,median,813,0.0
4,median,814,0.0
4,median,815,0.0
4,median,816,0.0
4,median,817,0.0
4,median,818,0.0
4,median,819,0.0
4,median,820,0.0
4,median,821,0.0
4,median,822,0.0
4,median,823,0.0
4,median,824,0.0
4,median,825,0.0
4,median,826,0.0
4,median,827,0.0
4,median,828,0.0
4,median,829,0.0
4,median,830,0.0
4,median,831,0.0
4,median,832,0.0
4,median,833,0.0
4,median,834,0.0
4,median,835,0.0
4,median,836,0.0
4,median,837,0.0
4,median,838,0.0
4,median,839,0.0
4,median,840,0.0
4,median,841,0.0
4,median,842,0.0
4,median,843,0.0
4,median,844,0.0
4,median,845,0.0
4,median,846,0.0
4,median,847,0.0
4,median,848,0.0
4,median,849,0.0
4,median,850,0.0
4,median,851,0.0
4,median,852,0.0
4,median,853,0.0
4,median,854,0.0
4,median,855,0.0
4,median,856,0.0
4,median,857,0.0
4,median,858,0.0
4,median,859,0.0
4,median,860,0.0
4,median,861,0.0
4,median,862,0.0
4,median,863,0.0
4,median,864,0.0
4,median,865,0.0
4,median,866,0.0
4,median,867,0.0
4,median,868,0.0
4,median,869,0.0
4,median,870,0.0
4,median,871,0.0
4,median,872,0.0
4,median,873,0.0
4,median,874,0.0
4,median,875,0.0
4,median,876,0.0
4,median,877,0.0
4,median,878,0.0
4,median,879,0.0
4,median,880,0.0
4,median,881,0.0
4,median,882,0.0
4,median,883,0.0
4,median,884,0.0
4,median,885,0.0
4,median,886,0.0
4,median,887,0.0
4,median,888,0.0
4,median,889,0.0
4,median,890,0.0
4,median,891,0.0
4,median,892,0.0
4,median,893,0.0
4,median,894,0.0
4,median,895,0.0
4,median,896,0.0
4,median,897,0.0
4,median,898,0.0
4,median,899,0.0
4,median,900,0.0
4,median,901,0.0
4,median,902,0.0
4,median,903,0.0
4,median,904,0.0
4,median,905,0.0
4,median,906,0.0
4,median,907,0.0
4,median,908,0.0
4,median,909,0.0
4,median,910,0.0
4,median,911,0.0
4,median,912,0.0
4,median,913,0.0
4,median,914,0.0
4,median,915,0.0
4,median,916,0.0
4,median,917,0.0
4,median,918,0.0
4,median,919,0.0
4,median,920,0.0
4,median,921,0.0
4,median,922,0.0
4,median,923,0.0
4,median,924,0.0
4,median,925,0.0
4,median,926,0.0
4,median,927,0.0
4,median,928,0.0
4,median,929,0.0
4,median,930,0.0
4,median,931,0.0
4,median,932,0.0
4,median,933,0.0
4,median,934,0.0
4,median,935,0.0
4,median,936,0.0
4,median,937,0.0
4,median,938,0.0
4,median,939,0.0
4,median,940,0.0
4,median,941,0.0
4,median,942,0.0
4,median,943,0.0
4,median,944,0.0
4,median,945,0.0
4,median,946,0.0
4,median,947,0.0
4,median,948,0.0
4,median,949,0.0
4,median,950,0.0
4,median,951,0.0
4,median,952,0.0
4,median,953,0.0
4,median,954,0.0
4,median,955,0.0
4,median,956,0.0
4,median,957,0.0
4,median,958,0.0
4,median,959,0.0
4,median,960,0.0
4,median,961,0.0
4,median,962,0.0
4,median,963,0.0
4,median,964,0.0
4,median,965,0.0
4,median,966,0.0
4,median,967,0.0
4,median,968,0.0
4,median,969,0.0
4,median,970,0.0
4,median,971,0.0
4,median,972,0.0
4,median,973,0.0
4,median,974,0.0
4,median,975,0.0
4,median,976,0.0
4,median,977,0.0
4,median,978,0.0
4,median,979,0.0
4,median,980,0.0
4,median,981,0.0
4,median,982,0.0
4,median,983,0.0
4,median,984,0.0
4,median,985,0.0
4,median,986,0.0
4,median,987,0.0
4,median,988,0.0
4,median,989,0.0
4,median,990,0.0
4,median,991,0.0
4,median,992,0.0
4,median,993,0.0
4,median,994,0.0
4,median,995,0.0
4,median,996,0.0
4,median,997,0.0
4,median,998,0.0
4,median,999,0.0
4,median,1000,0.0
4,median,1001,0.0
4,median,1002,0.0
4,median,1003,0.0
4,median,1004,0.0
4,median,1005,0.0
4,median,1006,0.0
4,median,1007,0.0
4,median,1008,0.0
4,median,1009,0.0
4,median,1010,0.0
4,median,1011,0.0
4,median,1012,0.0
4,median,1013,0.0
4,median,1014,0.0
4,median,1015,0.0
4,median,1016,0.0
4,median,1017,0.0
4,median,1018,0.0
4,median,1019,0.0
4,median,1020,0.0
4,median,1021,0.0
4,median,1022,0.0
4,median,1023,0.0
4,median,1024,0.0
4,median,1025,0.0
4,median,1026,0.0
4,median,1027,0.0
4,median,1028,0.0
4,median,1029,0.0
4,median,1030,0.0
4,median,1031,0.0
4,median,1032,0.0
4,median,1033,0.0
4,median,1034,0.0
4,median,1035,0.0
4,median,1036,0.0
4,median,1037,0.0
4,median,1038,0.0
4,median,1039,0.0
4,median,1040,0.0
4,median,1041,0.0
4,median,1042,0.0
4,median,1043,0.0
4,median,1044,0.0
4,median,1045,0.0
4,median,1046,0.0
4,median,1047,0.0
4,median,1048,0.0
4,median,1049,0.0
4,median,1050,0.0
4,median,1051,0.0
4,median,1052,0.0
4,median,1053,0.0
4,median,1054,0.0
4,median,1055,0.0
4,median,1056,0.0
4,median,1057,0.0
4,median,1058,0.0
4,median,1059,0.0
4,median,1060,0.0
4,median,1061,0.0
4,median,1062,0.0
4,median,1063,0.0
4,median,1064,0.0
4,median,1065,0.0
4,median,1066,0.0
4,median,1067,0.0
4,median,1068,0.0
4,median,1069,0.0
4,median,1070,0.0
4,median,1071,0.0
4,median,1072,0.0
4,median,1073,0.0
4,median,1074,0.0
4,median,1075,0.0
4,median,1076,0.0
4,median,1077,0.0
4,median,1078,0.0
4,median,1079,0.0
4,median,1080,0.0
4,median,1081,0.0
4,median,1082,0.0
4,median,1083,0.0
4,median,1084,0.0
4,median,1085,0.0
4,median,1086,0.0
4,median,1087,0.0
4,median,1088,0.0
4,median,1089,0.0
4,median,1090,0.0
4,median,1091,0.0
4,median,1092,0.0
4,median,1093,0.0
4,median,1094,0.0
4,median,1095,0.0
4,median,1096,0.0
4,median,1097,0.0
4,median,1098,0.0
4,median,1099,0.0
4,median,1100,0.0
4,median,1101,0.0
4,median,1102,0.0
4,median,1103,0.0
4,median,1104,0.0
4,median,1105,0.0
4,median,1106,0.0
4,median,1107,0.0
4,median,1108,0.0
4,median,1109,0.0
4,median,1110,0.0
4,median,1111,0.0
4,median,1112,0.0
4,median,1113,0.0
4,median,1114,0.0
4,median,1115,0.0
4,median,1116,0.0
4,median,1117,0.0
4,median,1118,0.0
4,median,1119,0.0
4,median,1120,0.0
4,median,1121,0.0
4,median,1122,0.0
4,median,1123,0.0
4,median,1124,0.0
4,median,1125,0.0
4,median,1126,0.0
4,median,1127,0.0
4,median,1128,0.0
4,median,1129,0.0
4,median,1130,0.0
4,median,1131,0.0
4,median,1132,0.0
4,median,1133,0.0
4,median,1134,0.0
4,median,1135,0.0
4,median,1136,0.0
4,median,1137,0.0
4,median,1138,0.0
4,median,1139,0.0
4,median,1140,0.0
4,median,1141,0.0
4,median,1142,0.0
4,median,1143,0.0
4,median,1144,0.0
4,median,1145,0.0
4,median,1146,0.0
4,median,1147,0.0
4,median,1148,0.0
4,median,1149,0.0
4,median,1150,0.0
4,median,1151,0.0
4,median,1152,0.0
4,median,1153,0.0
4,median,1154,0.0
4,median,1155,0.0
4,median,1156,0.0
4,median,1157,0.0
4,median,1158,0.0
4,median,1159,0.0
4,median,1160,0.0
4,median,1161,0.0
4,median,1162,0.0
4,median,1163,0.0
4,median,1164,0.0
4,median,1165,0.0
4,median,1166,0.0
4,median,1167,0.0
4,median,1168,0.0
4,median,1169,0.0
4,median,1170,0.0
4,median,1171,0.0
4,median,1172,0.0
4,median,1173,0.0
4,median,1174,0.0
4,median,1175,0.0
4,median,1176,0.0
4,median,1177,0.0
4,median,1178,0.0
4,median,1179,0.0
4,median,1180,0.0
4,median,1181,0.0
4,median,1182,0.0
4,median,1183,0.0
4,median,1184,0.0
4,median,1185,0.0
4,median,1186,0.0
4,median,1187,0.0
4,median,1188,0.0
4,median,1189,0.0
4,median,1190,0.0
4,median,1191,0.0
4,median,1192,0.0
4,median,1193,0.0
4,median,1194,0.0
4,median,1195,0.0
4,median,1196,0.0
4,median,1197,0.0
4,median,1198,0.0
4,median,1199,0.0
4,median,1200,0.0
4,median,1201,0.0
4,median,1202,0.0
4,median,1203,0.0
4,median,1204,0.0
4,median,1205,0.0
4,median,1206,0.0
4,median,1207,0.0
4,median,1208,0.0
4,median,1209,0.0
4,median,1210,0.0
4,median,1211,0.0
4,median,1212,0.0
4,median,1213,0.0
4,median,1214,0.0
4,median,1215,0.0
4,median,1216,0.0
4,median,1217,0.0
4,median,1218,0.0
4,median,1219,0.0
4,median,1220,0.0
4,median,1221,0.0
4,median,1222,0.0
4,median,1223,0.0
4,median,1224,0.0
4,median,1225,0.0
4,median,1226,0.0
4,median,1227,0.0
4,median,1228,0.0
4,median,1229,0.0
4,median,1230,0.0
4,median,1231,0.0
4,median,1232,0.0
4,median,1233,0.0
4,median,1234,0.0
4,median,1235,0.0
4,median,1236,0.0
4,median,1237,0.0
4,median,1238,0.0
4,median,1239,0.0
4,median,1240,0.0
4,median,1241,0.0
4,median,1242,0.0
4,median,1243,0.0
4,median,1244,0.0
4,median,1245,0.0
4,median,1246,0.0
4,median,1247,0.0
4,median,1248,0.0
4,median,1249,0.0
4,median,1250,0.0
4,median,1251,0.0
4,median,1252,0.0
4,median,1253,0.0
4,median,1254,0.0
4,median,1255,0.0
4,median,1256,0.0
4,median,1257,0.0
4,median,1258,0.0
4,median,1259,0.0
4,median,1260,0.0
4,median,1261,0.0
4,median,1262,0.0
4,median,1263,0.0
4,median,1264,0.0
4,median,1265,0.0
4,median,1266,0.0
4,median,1267,0.0
4,median,1268,0.0
4,median,1269,0.0
4,median,1270,0.0
4,median,1271,0.0
4,median,1272,0.0
4,median,1273,0.0
4,median,1274,0.0
4,median,1275,0.0
4,median,1276,0.0
4,median,1277,0.0
4,median,1278,0.0
4,median,1279,0.0
4,median,1280,0.0
4,median,1281,0.0
4,median,1282,0.0
4,median,1283,0.0
4,median,1284,0.0
4,median,1285,0.0
4,median,1286,0.0
4,median,1287,0.0
4,median,1288,0.0
4,median,1289,0.0
4,median,1290,0.0
4,median,1291,0.0
4,median,1292,0.0
4,median,1293,0.0
4,median,1294,0.0
4,median,1295,0.0
4,median,1296,0.0
4,median,1297,0.0
4,median,1298,0.0
4,median,1299,0.0
4,median,1300,0.0
4,median,1301,0.0
4,median,1302,0.0
4,median,1303,0.0
4,median,1304,0.0
4,median,1305,0.0
4,median,1306,0.0
4,median,1307,0.0
4,median,1308,0.0
4,median,1309,0.0
4,median,1310,0.0
4,median,1311,0.0
4,median,1312,0.0
4,median,1313,0.0
4,median,1314,0.0
4,median,1315,0.0
4,median,1316,0.0
4,median,1317,0.0
4,median,1318,0.0
4,median,1319,0.0
4,median,1320,0.0
4,median,1321,0.0
4,median,1322,0.0
4,median,1323,0.0
4,median,1324,0.0
4,median,1325,0.0
4,median,1326,0.0
4,median,1327,0.0
4,median,1328,0.0
4,median,1329,0.0
4,median,1330,0.0
4,median,1331,0.0
4,median,1332,0.0
4,median,1333,0.0
4,median,1334,0.0
4,median,1335,0.0
4,median,1336,0.0
4,median,1337,0.0
4,median,1338,0.0
4,median,1339,0.0
4,median,1340,0.0
4,median,1341,0.0
4,median,1342,0.0
4,median,1343,0.0
4,median,1344,0.0
4,median,1345,0.0
4,median,1346,0.0
4,median,1347,0.0
4,median,1348,0.0
4,median,1349,0.0
4,median,1350,0.0
4,median,1351,0.0
4,median,1352,0.0
4,median,1353,0.0
4,median,1354,0.0
4,median,1355,0.0
4,median,1356,0.0
4,median,1357,0.0
4,median,1358,0.0
4,median,1359,0.0
4,median,1360,0.0
4,median,1361,0.0
4,median,1362,0.0
4,median,1363,0.0
4,median,1364,0.0
4,median,1365,0.0
4,median,1366,0.0
4,median,1367,0.0
4,median,1368,0.0
4,median,1369,0.0
4,median,1370,0.0
4,median,1371,0.0
4,median,1372,0.0
4,median,1373,0.0
4,median,1374,0.0
4,median,1375,0.0
4,median,1376,0.0
4,median,1377,0.0
4,median,1378,0.0
4,median,1379,0.0
4,median,1380,0.0
4,median,1381,0.0
4,median,1382,0.0
4,median,1383,0.0
4,median,1384,0.0
4,median,1385,0.0
4,median,1386,0.0
4,median,1387,0.0
4,median,1388,0.0
4,median,1389,0.0
4,median,1390,0.0
4,median,1391,0.0
4,median,1392,0.0
4,median,1393,0.0
4,median,1394,0.0
4,median,1395,0.0
4,median,1396,0.0
4,median,1397,0.0
4,median,1398,0.0
4,median,1399,0.0
4,median,1400,0.0
4,median,1401,0.0
4,median,1402,0.0
4,median,1403,0.0
4,median,1404,0.0
4,median,1405,0.0
4,median,1406,0.0
4,median,1407,0.0
4,median,1408,0.0
4,median,1409,0.0
4,median,1410,0.0
4,median,1411,0.0
4,median,1412,0.0
4,median,1413,0.0
4,median,1414,0.0
4,median,1415,0.0
4,median,1416,0.0
4,median,1417,0.0
4,median,1418,0.0
4,median,1419,0.0
4,median,1420,0.0
4,median,1421,0.0
4,median,1422,0.0
4,median,1423,0.0
4,median,1424,0.0
4,median,1425,0.0
4,median,1426,0.0
4,median,1427,0.0
4,median,1428,0.0
4,median,1429,0.0
4,median,1430,0.0
4,median,1431,0.0
4,median,1432,0.0
4,median,1433,0.0
4,median,1434,0.0
4,median,1435,0.0
4,median,1436,0.0
4,median,1437,0.0
4,median,1438,0.0
4,median,1439,0.0
4,median,1440,0.0
4,median,1441,0.0
4,median,1442,0.0
4,median,1443,0.0
4,median,1444,0.0
4,median,1445,0.0
4,median,1446,0.0
4,median,1447,0.0
4,median,1448,0.0
4,median,1449,0.0
4,median,1450,0.0
4,median,1451,0.0
4,median,1452,0.0
4,median,1453,0.0
4,median,1454,0.0
4,median,1455,0.0
4,median,1456,0.0
4,median,1457,0.0
4,median,1458,0.0
4,median,1459,0.0
4,median,1460,0.0
4,median,1461,0.0
4,median,1462,0.0
4,median,1463,0.0
4,median,1464,0.0
4,median,1465,0.0
4,median,1466,0.0
4,median,1467,0.0
4,median,1468,0.0
4,median,1469,0.0
4,median,1470,0.0
4,median,1471,0.0
4,median,1472,0.0
4,median,1473,0.0
4,median,1474,0.0
4,median,1475,0.0
4,median,1476,0.0
4,median,1477,0.0
4,median,1478,0.0
4,median,1479,0.0
4,median,1480,0.0
4,median,1481,0.0
4,median,1482,0.0
4,median,1483,0.0
4,median,1484,0.0
4,median,1485,0.0
4,median,1486,0.0
4,median,1487,0.0
4,median,1488,0.0
4,median,1489,0.0
4,median,1490,0.0
4,median,1491,0.0
4,median,1492,0.0
4,median,1493,0.0
4,median,1494,0.0
4,median,1495,0.0
4,median,1496,0.0
4,median,1497,0.0
4,median,1498,0.0
4,median,1499,0.0
4,median,1500,0.0
4,median,1501,0.0
4,median,1502,0.0
4,median,1503,0.0
4,median,1504,0.0
4,median,1505,0.0
4,median,1506,0.0
4,median,1507,0.0
4,median,1508,0.0
4,median,1509,0.0
4,median,1510,0.0
4,median,1511,0.0
4,median,1512,0.0
4,median,1513,0.0
4,median,1514,0.0
4,median,1515,0.0
4,median,1516,0.0
4,median,1517,0.0
4,median,1518,0.0
4,median,1519,0.0
4,median,1520,0.0
4,median,1521,0.0
4,median,1522,0.0
4,median,1523,0.0
4,median,1524,0.0
4,median,1525,0.0
4,median,1526,0.0
4,median,1527,0.0
4,median,1528,0.0
4,median,1529,0.0
4,median,1530,0.0
4,median,1531,0.0
4,median,1532,0.0
4,median,1533,0.0
4,median,1534,0.0
4,median,1535,0.0
4,median,1536,0.0
4,median,1537,0.0
4,median,1538,0.0
4,median,1539,0.0
4,median,1540,0.0
4,median,1541,0.0
4,median,1542,0.0
4,median,1543,0.0
4,median,1544,0.0
4,median,1545,0.0
4,median,1546,0.0
4,median,1547,0.0
4,median,1548,0.0
4,median,1549,0.0
4,median,1550,0.0
4,median,1551,0.0
4,median,1552,0.0
4,median,1553,0.0
4,median,1554,0.0
4,median,1555,0.0
4,median,1556,0.0
4,median,1557,0.0
4,median,1558,0.0
4,median,1559,0.0
4,median,1560,0.0
4,median,1561,0.0
4,median,1562,0.0
4,median,1563,0.0
4,median,1564,0.0
4,median,1565,0.0
4,median,1566,0.0
4,median,1567,0.0
4,median,1568,0.0
4,median,1569,0.0
4,median,1570,0.0
4,median,1571,0.0
4,median,1572,0.0
4,median,1573,0.0
4,median,1574,0.0
4,median,1575,0.0
4,median,1576,0.0
4,median,1577,0.0
4,median,1578,0.0
4,median,1579,0.0
4,median,1580,0.0
4,median,1581,0.0
4,median,1582,0.0
4,median,1583,0.0
4,median,1584,0.0
4,median,1585,0.0
4,median,1586,0.0
4,median,1587,0.0
4,median,1588,0.0
4,median,1589,0.0
4,median,1590,0.0
4,median,1591,0.0
4,median,1592,0.0
4,median,1593,0.0
4,median,1594,0.0
4,median,1595,0.0
4,median,1596,0.0
4,median,1597,0.0
4,median,1598,0.0
4,median,1599,0.0
4,median,1600,0.0
4,median,1601,0.0
4,median,1602,0.0
4,median,1603,0.0
4,median,1604,0.0
4,median,1605,0.0
4,median,1606,0.0
4,median,1607,0.0
4,median,1608,0.0
4,median,1609,0.0
4,median,1610,0.0
4,median,1611,0.0
4,median,1612,0.0
4,median,1613,0.0
4,median,1614,0.0
4,median,1615,0.0
4,median,1616,0.0
4,median,1617,0.0
4,median,1618,0.0
4,median,1619,0.0
4,median,1620,0.0
4,median,1621,0.0
4,median,1622,0.0
4,median,1623,0.0
4,median,1624,0.0
4,median,1625,0.0
4,median,1626,0.0
4,median,1627,0.0
4,median,1628,0.0
4,median,1629,0.0
4,median,1630,0.0
4,median,1631,0.0
4,median,1632,0.0
4,median,1633,0.0
4,median,1634,0.0
4,median,1635,0.0
4,median,1636,0.0
4,median,1637,0.0
4,median,1638,0.0
4,median,1639,0.0
4,median,1640,0.0
4,median,1641,0.0
4,median,1642,0.0
4,median,1643,0.0
4,median,1644,0.0
4,median,1645,0.0
4,median,1646,0.0
4,median,1647,0.0
4,median,1648,0.0
4,median,1649,0.0
4,median,1650,0.0
4,median,1651,0.0
4,median,1652,0.0
4,median,1653,0.0
4,median,1654,0.0
4,median,1655,0.0
4,median,1656,0.0
4,median,1657,0.0
4,median,1658,0.0
4,median,1659,0.0
4,median,1660,0.0
4,median,1661,0.0
4,median,1662,0.0
4,median,1663,0.0
4,median,1664,0.0
4,median,1665,0.0
4,median,1666,0.0
4,median,1667,0.0
4,median,1668,0.0
4,median,1669,0.0
4,median,1670,0.0
4,median,1671,0.0
4,median,1672,0.0
4,median,1673,0.0
4,median,1674,0.0
4,median,1675,0.0
4,median,1676,0.0
4,median,1677,0.0
4,median,1678,0.0
4,median,1679,0.0
4,median,1680,0.0
4,median,1681,0.0
4,median,1682,0.0
4,median,1683,0.0
4,median,1684,0.0
4,median,1685,0.0
4,median,1686,0.0
4,median,1687,0.0
4,median,1688,0.0
4,median,1689,0.0
4,median,1690,0.0
4,median,1691,0.0
4,median,1692,0.0
4,median,1693,0.0
4,median,1694,0.0
4,median,1695,0.0
4,median,1696,0.0
4,median,1697,0.0
4,median,1698,0.0
4,median,1699,0.0
4,median,1700,0.0
4,median,1701,0.0
4,median,1702,0.0
4,median,1703,0.0
4,median,1704,0.0
4,median,1705,0.0
4,median,1706,0.0
4,median,1707,0.0
4,median,1708,0.0
4,median,1709,0.0
4,median,1710,0.0
4,median,1711,0.0
4,median,1712,0.0
4,median,1713,0.0
4,median,1714,0.0
4,median,1715,0.0
4,median,1716,0.0
4,median,1717,0.0
4,median,1718,0.0
4,median,1719,0.0
4,median,1720,0.0
4,median,1721,0.0
4,median,1722,0.0
4,median,1723,0.0
4,median,1724,0.0
4,median,1725,0.0
4,median,1726,0.0
4,median,1727,0.0
4,median,1728,0.0
4,median,1729,0.0
4,median,1730,0.0
4,median,1731,0.0
4,median,1732,0.0
4,median,1733,0.0
4,median,1734,0.0
4,median,1735,0.0
4,median,1736,0.0
4,median,1737,0.0
4,median,1738,0.0
4,median,1739,0.0
4,median,1740,0.0
4,median,1741,0.0
4,median,1742,0.0
4,median,1743,0.0
4,median,1744,0.0
4,median,1745,0.0
4,median,1746,0.0
4,median,1747,0.0
4,median,1748,0.0
4,median,1749,0.0
4,median,1750,0.0
4,median,1751,0.0
4,median,1752,0.0
4,median,1753,0.0
4,median,1754,0.0
4,median,1755,0.0
4,median,1756,0.0
4,median,1757,0.0
4,median,1758,0.0
4,median,1759,0.0
4,median,1760,0.0
4,median,1761,0.0
4,median,1762,0.0
4,median,1763,0.0
4,median,1764,0.0
4,median,1765,0.0
4,median,1766,0.0
4,median,1767,0.0
4,median,1768,0.0
4,median,1769,0.0
4,median,1770,0.0
4,median,1771,0.0
4,median,1772,0.0
4,median,1773,0.0
4,median,1774,0.0
4,median,1775,0.0
4,median,1776,0.0
4,median,1777,0.0
4,median,1778,0.0
4,median,1779,0.0
4,median,1780,0.0
4,median,1781,0.0
4,median,1782,0.0
4,median,1783,0.0
4,median,1784,0.0
4,median,1785,0.0
4,median,1786,0.0
4,median,1787,0.0
4,median,1788,0.0
4,median,1789,0.0
4,median,1790,0.0
4,median,1791,0.0
4,median,1792,0.0
4,median,1793,0.0
4,median,1794,0.0
4,median,1795,0.0
4,median,1796,0.0
4,median,1797,0.0
4,median,1798,0.0
4,median,1799,0.0
4,median,1800,0.0
4,median,1801,0.0
4,median,1802,0.0
4,median,1803,0.0
4,median,1804,0.0
4,median,1805,0.0
4,median,1806,0.0
4,median,1807,0.0
4,median,1808,0.0
4,median,1809,0.0
4,median,1810,0.0
4,median,1811,0.0
4,median,1812,0.0
4,median,1813,0.0
4,median,1814,0.0
4,median,1815,0.0
4,median,1816,0.0
4,median,1817,0.0
4,median,1818,0.0
4,median,1819,0.0
4,median,1820,0.0
4,median,1821,0.0
4,median,1822,0.0
4,median,1823,0.0
4,median,1824,0.0
4,median,1825,0.0
4,median,1826,0.0
4,median,1827,0.0
4,median,1828,0.0
4,median,1829,0.0
4,median,1830,0.0
4,median,1831,0.0
4,median,1832,0.0
4,median,1833,0.0
4,median,1834,0.0
4,median,1835,0.0
4,median,1836,0.0
4,median,1837,0.0
4,median,1838,0.0
4,median,1839,0.0
4,median,1840,0.0
4,median,1841,0.0
4,median,1842,0.0
4,median,1843,0.0
4,median,1844,0.0
4,median,1845,0.0
4,median,1846,0.0
4,median,1847,0.0
4,median,1848,0.0
4,median,1849,0.0
4,median,1850,0.0
4,median,1851,0.0
4,median,1852,0.0
4,median,1853,0.0
4,median,1854,0.0
4,median,1855,0.0
4,median,1856,0.0
4,median,1857,0.0
4,median,1858,0.0
4,median,1859,0.0
4,median,1860,0.0
4,median,1861,0.0
4,median,1862,0.0
4,median,1863,0.0
4,median,1864,0.0
4,median,1865,0.0
4,median,1866,0.0
4,median,1867,0.0
4,median,1868,0.0
4,median,1869,0.0
4,median,1870,0.0
4,median,1871,0.0
4,median,1872,0.0
4,median,1873,0.0
4,median,1874,0.0
4,median,1875,0.0
4,median,1876,0.0
4,median,1877,0.0
4,median,1878,0.0
4,median,1879,0.0
4,median,1880,0.0
4,median,1881,0.0
4,median,1882,0.0
4,median,1883,0.0
4,median,1884,0.0
4,median,1885,0.0
4,median,1886,0.0
4,median,1887,0.0
4,median,1888,0.0
4,median,1889,0.0
4,median,1890,0.0
4,median,1891,0.0
4,median,1892,0.0
4,median,1893,0.0
4,median,1894,0.0
4,median,1895,0.0
4,median,1896,0.0
4,median,1897,0.0
4,median,1898,0.0
4,median,1899,0.0
4,median,1900,0.0
4,median,1901,0.0
4,median,1902,0.0
4,median,1903,0.0
4,median,1904,0.0
4,median,1905,0.0
4,median,1906,0.0
4,median,1907,0.0
4,median,1908,0.0
4,median,1909,0.0
4,median,1910,0.0
4,median,1911,0.0
4,median,1912,0.0
4,median,1913,0.0
4,median,1914,0.0
4,median,1915,0.0
4,median,1916,0.0
4,median,1917,0.0
4,median,1918,0.0
4,median,1919,0.0
4,median,1920,0.0
4,median,1921,0.0
4,median,1922,0.0
4,median,1923,0.0
4,median,1924,0.0
4,median,1925,0.0
4,median,1926,0.0
4,median,1927,0.0
4,median,1928,0.0
4,median,1929,0.0
4,median,1930,0.0
4,median,1931,0.0
4,median,1932,0.0
4,median,1933,0.0
4,median,1934,0.0
4,median,1935,0.0
4,median,1936,0.0
4,median,1937,0.0
4,median,1938,0.0
4,median,1939,0.0
4,median,1940,0.0
4,median,1941,0.0
4,median,1942,0.0
4,median,1943,0.0
4,median,1944,0.0
4,median,1945,0.0
4,median,1946,0.0
4,median,1947,0.0
4,median,1948,0.0
4,median,1949,0.0
4,median,1950,0.0
4,median,1951,0.0
4,median,1952,0.0
4,median,1953,0.0
4,median,1954,0.0
4,median,1955,0.0
4,median,1956,0.0
4,median,1957,0.0
4,median,1958,0.0
4,median,1959,0.0
4,median,1960,0.0
4,median,1961,0.0
4,median,1962,0.0
4,median,1963,0.0
4,median,1964,0.0
4,median,1965,0.0
4,median,1966,0.0
4,median,1967,0.0
4,median,1968,0.0
4,median,1969,0.0
4,median,1970,0.0
4,median,1971,0.0
4,median,1972,0.0
4,median,1973,0.0
4,median,1974,0.0
4,median,1975,0.0
4,median,1976,0.0
4,median,1977,0.0
4,median,1978,0.0
4,median,1979,0.0
4,median,1980,0.0
4,median,1981,0.0
4,median,1982,0.0
4,median,1983,0.0
4,median,1984,0.0
4,median,1985,0.0
4,median,1986,0.0
4,median,1987,0.0
4,median,1988,0.0
4,median,1989,0.0
4,median,1990,0.0
4,median,1991,0.0
4,median,1992,0.0
4,median,1993,0.0
4,median,1994,0.0
4,median,1995,0.0
4,median,1996,0.0
4,median,1997,0.0
4,median,1998,0.0
4,median,1999,0.0
4,mean,0,0.022222222222222223
4,mean,1,0.013888888888888888
4,mean,2,0.002777777777777778
4,mean,3,0.019444444444444445
4,mean,4,0.022222222222222223
4,mean,5,0.008333333333333333
4,mean,6,0.025
4,mean,7,0.022222222222222223
4,mean,8,0.005555555555555556
4,mean,9,0.027777777777777776
4,mean,10,0.016666666666666666
4,mean,11,0.025
4,mean,12,0.022222222222222223
4,mean,13,0.008333333333333333
4,mean,14,0.011111111111111112
4,mean,15,0.030555555555555555
4,mean,16,0.002777777777777778
4,mean,17,0.002777777777777778
4,mean,18,0.005555555555555556
4,mean,19,0.016666666666666666
4,mean,20,0.027777777777777776
4,mean,21,0.0
4,mean,22,0.008333333333333333
4,mean,23,0.011111111111111112
4,mean,24,0.022222222222222223
4,mean,25,0.027777777777777776
4,mean,26,0.013888888888888888
4,mean,27,0.027777777777777776
4,mean,28,0.030555555555555555
4,mean,29,0.03333333333333333
4,mean,30,0.013888888888888888
4,mean,31,0.019444444444444445
4,mean,32,0.005555555555555556
4,mean,33,0.03611111111111111
4,mean,34,0.019444444444444445
4,mean,35,0.011111111111111112
4,mean,36,0.011111111111111112
4,mean,37,0.030555555555555555
4,mean,38,0.022222222222222223
4,mean,39,0.027777777777777776
4,mean,40,0.022222222222222223
4,mean,41,0.013888888888888888
4,mean,42,0.019444444444444445
4,mean,43,0.008333333333333333
4,mean,44,0.019444444444444445
4,mean,45,0.011111111111111112
4,mean,46,0.016666666666666666
4,mean,47,0.03611111111111111
4,mean,48,0.019444444444444445
4,mean,49,0.025
4,mean,50,0.011111111111111112
4,mean,51,0.019444444444444445
4,mean,52,0.030555555555555555
4,mean,53,0.008333333333333333
4,mean,54,0.027777777777777776
4,mean,55,0.025
4,mean,56,0.022222222222222223
4,mean,57,0.013888888888888888
4,mean,58,0.011111111111111112
4,mean,59,0.016666666666666666
4,mean,60,0.013888888888888888
4,mean,61,0.03611111111111111
4,mean,62,0.019444444444444445
4,mean,63,0.013888888888888888
4,mean,64,0.022222222222222223
4,mean,65,0.019444444444444445
4,mean,66,0.0
4,mean,67,0.016666666666666666
4,mean,68,0.016666666666666666
4,mean,69,0.022222222222222223
4,mean,70,0.019444444444444445
4,mean,71,0.016666666666666666
4,mean,72,0.03888888888888889
4,mean,73,0.002777777777777778
4,mean,74,0.013888888888888888
4,mean,75,0.025
4,mean,76,0.025
4,mean,77,0.016666666666666666
4,mean,78,0.011111111111111112
4,mean,79,0.005555555555555556
4,mean,80,0.008333333333333333
4,mean,81,0.025
4,mean,82,0.016666666666666666
4,mean,83,0.019444444444444445
4,mean,84,0.016666666666666666
4,mean,85,0.016666666666666666
4,mean,86,0.03333333333333333
4,mean,87,0.013888888888888888
4,mean,88,0.041666666666666664
4,mean,89,0.013888888888888888
4,mean,90,0.008333333333333333
4,mean,91,0.011111111111111112
4,mean,92,0.019444444444444445
4,mean,93,0.013888888888888888
4,mean,94,0.011111111111111112
4,mean,95,0.022222222222222223
4,mean,96,0.027777777777777776
4,mean,97,0.005555555555555556
4,mean,98,0.041666666666666664
4,mean,99,0.022222222222222223
4,mean,100,0.016666666666666666
4,mean,101,0.011111111111111112
4,mean,102,0.013888888888888888
4,mean,103,0.005555555555555556
4,mean,104,0.016666666666666666
4,mean,105,0.044444444444444446
4,mean,106,0.03333333333333333
4,mean,107,0.022222222222222223
4,mean,108,0.016666666666666666
4,mean,109,0.016666666666666666
4,mean,110,0.022222222222222223
4,mean,111,0.011111111111111112
4,mean,112,0.019444444444444445
4,mean,113,0.016666666666666666
4,mean,114,0.005555555555555556
4,mean,115,0.016666666666666666
4,mean,116,0.013888888888888888
4,mean,117,0.025
4,mean,118,0.025
4,mean,119,0.016666666666666666
4,mean,120,0.016666666666666666
4,mean,121,0.013888888888888888
4,mean,122,0.008333333333333333
4,mean,123,0.013888888888888888
4,mean,124,0.030555555555555555
4,mean,125,0.019444444444444445
4,mean,126,0.022222222222222223
4,mean,127,0.008333333333333333
4,mean,128,0.008333333333333333
4,mean,129,0.011111111111111112
4,mean,130,0.013888888888888888
4,mean,131,0.019444444444444445
4,mean,132,0.011111111111111112
4,mean,133,0.019444444444444445
4,mean,134,0.013888888888888888
4,mean,135,0.022222222222222223
4,mean,136,0.025
4,mean,137,0.005555555555555556
4,mean,138,0.016666666666666666
4,mean,139,0.013888888888888888
4,mean,140,0.016666666666666666
4,mean,141,0.030555555555555555
4,mean,142,0.030555555555555555
4,mean,143,0.002777777777777778
4,mean,144,0.022222222222222223
4,mean,145,0.022222222222222223
4,mean,146,0.011111111111111112
4,mean,147,0.027777777777777776
4,mean,148,0.013888888888888888
4,mean,149,0.03611111111111111
4,mean,150,0.019444444444444445
4,mean,151,0.011111111111111112
4,mean,152,0.005555555555555556
4,mean,153,0.027777777777777776
4,mean,154,0.016666666666666666
4,mean,155,0.013888888888888888
4,mean,156,0.022222222222222223
4,mean,157,0.019444444444444445
4,mean,158,0.019444444444444445
4,mean,159,0.008333333333333333
4,mean,160,0.022222222222222223
4,mean,161,0.019444444444444445
4,mean,162,0.022222222222222223
4,mean,163,0.03888888888888889
4,mean,164,0.019444444444444445
4,mean,165,0.013888888888888888
4,mean,166,0.019444444444444445
4,mean,167,0.013888888888888888
4,mean,168,0.008333333333333333
4,mean,169,0.019444444444444445
4,mean,170,0.016666666666666666
4,mean,171,0.016666666666666666
4,mean,172,0.011111111111111112
4,mean,173,0.011111111111111112
4,mean,174,0.016666666666666666
4,mean,175,0.011111111111111112
4,mean,176,0.013888888888888888
4,mean,177,0.005555555555555556
4,mean,178,0.025
4,mean,179,0.002777777777777778
4,mean,180,0.03333333333333333
4,mean,181,0.025
4,mean,182,0.022222222222222223
4,mean,183,0.019444444444444445
4,mean,184,0.030555555555555555
4,mean,185,0.041666666666666664
4,mean,186,0.025
4,mean,187,0.016666666666666666
4,mean,188,0.005555555555555556
4,mean,189,0.019444444444444445
4,mean,190,0.005555555555555556
4,mean,191,0.016666666666666666
4,mean,192,0.027777777777777776
4,mean,193,0.013888888888888888
4,mean,194,0.019444444444444445
4,mean,195,0.025
4,mean,196,0.013888888888888888
4,mean,197,0.008333333333333333
4,mean,198,0.005555555555555556
4,mean,199,0.005555555555555556
4,mean,200,0.025
4,mean,201,0.011111111111111112
4,mean,202,0.011111111111111112
4,mean,203,0.030555555555555555
4,mean,204,0.022222222222222223
4,mean,205,0.002777777777777778
4,mean,206,0.03333333333333333
4,mean,207,0.027777777777777776
4,mean,208,0.005555555555555556
4,mean,209,0.013888888888888888
4,mean,210,0.013888888888888888
4,mean,211,0.011111111111111112
4,mean,212,0.03611111111111111
4,mean,213,0.013888888888888888
4,mean,214,0.019444444444444445
4,mean,215,0.019444444444444445
4,mean,216,0.016666666666666666
4,mean,217,0.019444444444444445
4,mean,218,0.030555555555555555
4,mean,219,0.04722222222222222
4,mean,220,0.03333333333333333
4,mean,221,0.027777777777777776
4,mean,222,0.022222222222222223
4,mean,223,0.016666666666666666
4,mean,224,0.008333333333333333
4,mean,225,0.016666666666666666
4,mean,226,0.005555555555555556
4,mean,227,0.030555555555555555
4,mean,228,0.008333333333333333
4,mean,229,0.019444444444444445
4,mean,230,0.013888888888888888
4,mean,231,0.025
4,mean,232,0.008333333333333333
4,mean,233,0.008333333333333333
4,mean,234,0.013888888888888888
4,mean,235,0.008333333333333333
4,mean,236,0.019444444444444445
4,mean,237,0.027777777777777776
4,mean,238,0.002777777777777778
4,mean,239,0.019444444444444445
4,mean,240,0.016666666666666666
4,mean,241,0.008333333333333333
4,mean,242,0.016666666666666666
4,mean,243,0.030555555555555555
4,mean,244,0.013888888888888888
4,mean,245,0.025
4,mean,246,0.011111111111111112
4,mean,247,0.013888888888888888
4,mean,248,0.025
4,mean,249,0.008333333333333333
4,mean,250,0.019444444444444445
4,mean,251,0.019444444444444445
4,mean,252,0.022222222222222223
4,mean,253,0.022222222222222223
4,mean,254,0.03333333333333333
4,mean,255,0.016666666666666666
4,mean,256,0.008333333333333333
4,mean,257,0.013888888888888888
4,mean,258,0.008333333333333333
4,mean,259,0.030555555555555555
4,mean,260,0.022222222222222223
4,mean,261,0.013888888888888888
4,mean,262,0.013888888888888888
4,mean,263,0.044444444444444446
4,mean,264,0.025
4,mean,265,0.013888888888888888
4,mean,266,0.008333333333333333
4,mean,267,0.005555555555555556
4,mean,268,0.025
4,mean,269,0.011111111111111112
4,mean,270,0.027777777777777776
4,mean,271,0.022222222222222223
4,mean,272,0.013888888888888888
4,mean,273,0.03888888888888889
4,mean,274,0.013888888888888888
4,mean,275,0.008333333333333333
4,mean,276,0.016666666666666666
4,mean,277,0.013888888888888888
4,mean,278,0.019444444444444445
4,mean,279,0.013888888888888888
4,mean,280,0.027777777777777776
4,mean,281,0.013888888888888888
4,mean,282,0.03333333333333333
4,mean,283,0.025
4,mean,284,0.03611111111111111
4,mean,285,0.008333333333333333
4,mean,286,0.03888888888888889
4,mean,287,0.011111111111111112
4,mean,288,0.03611111111111111
4,mean,289,0.025
4,mean,290,0.030555555555555555
4,mean,291,0.011111111111111112
4,mean,292,0.016666666666666666
4,mean,293,0.011111111111111112
4,mean,294,0.022222222222222223
4,mean,295,0.016666666666666666
4,mean,296,0.013888888888888888
4,mean,297,0.019444444444444445
4,mean,298,0.019444444444444445
4,mean,299,0.008333333333333333
4,mean,300,0.011111111111111112
4,mean,301,0.019444444444444445
4,mean,302,0.005555555555555556
4,mean,303,0.008333333333333333
4,mean,304,0.027777777777777776
4,mean,305,0.013888888888888888
4,mean,306,0.025
4,mean,307,0.011111111111111112
4,mean,308,0.025
4,mean,309,0.011111111111111112
4,mean,310,0.030555555555555555
4,mean,311,0.016666666666666666
4,mean,312,0.019444444444444445
4,mean,313,0.005555555555555556
4,mean,314,0.005555555555555556
4,mean,315,0.022222222222222223
4,mean,316,0.016666666666666666
4,mean,317,0.013888888888888888
4,mean,318,0.030555555555555555
4,mean,319,0.025
4,mean,320,0.019444444444444445
4,mean,321,0.019444444444444445
4,mean,322,0.027777777777777776
4,mean,323,0.013888888888888888
4,mean,324,0.025
4,mean,325,0.005555555555555556
4,mean,326,0.027777777777777776
4,mean,327,0.022222222222222223
4,mean,328,0.027777777777777776
4,mean,329,0.019444444444444445
4,mean,330,0.019444444444444445
4,mean,331,0.022222222222222223
4,mean,332,0.016666666666666666
4,mean,333,0.016666666666666666
4,mean,334,0.03333333333333333
4,mean,335,0.016666666666666666
4,mean,336,0.013888888888888888
4,mean,337,0.019444444444444445
4,mean,338,0.011111111111111112
4,mean,339,0.008333333333333333
4,mean,340,0.005555555555555556
4,mean,341,0.019444444444444445
4,mean,342,0.016666666666666666
4,mean,343,0.011111111111111112
4,mean,344,0.022222222222222223
4,mean,345,0.011111111111111112
4,mean,346,0.011111111111111112
4,mean,347,0.011111111111111112
4,mean,348,0.011111111111111112
4,mean,349,0.013888888888888888
4,mean,350,0.022222222222222223
4,mean,351,0.005555555555555556
4,mean,352,0.019444444444444445
4,mean,353,0.013888888888888888
4,mean,354,0.022222222222222223
4,mean,355,0.002777777777777778
4,mean,356,0.011111111111111112
4,mean,357,0.025
4,mean,358,0.013888888888888888
4,mean,359,0.027777777777777776
4,mean,360,0.027777777777777776
4,mean,361,0.03333333333333333
4,mean,362,0.005555555555555556
4,mean,363,0.022222222222222223
4,mean,364,0.005555555555555556
4,mean,365,0.03888888888888889
4,mean,366,0.016666666666666666
4,mean,367,0.03333333333333333
4,mean,368,0.025
4,mean,369,0.022222222222222223
4,mean,370,0.013888888888888888
4,mean,371,0.019444444444444445
4,mean,372,0.019444444444444445
4,mean,373,0.019444444444444445
4,mean,374,0.011111111111111112
4,mean,375,0.019444444444444445
4,mean,376,0.016666666666666666
4,mean,377,0.013888888888888888
4,mean,378,0.008333333333333333
4,mean,379,0.008333333333333333
4,mean,380,0.013888888888888888
4,mean,381,0.016666666666666666
4,mean,382,0.011111111111111112
4,mean,383,0.016666666666666666
4,mean,384,0.008333333333333333
4,mean,385,0.008333333333333333
4,mean,386,0.027777777777777776
4,mean,387,0.002777777777777778
4,mean,388,0.011111111111111112
4,mean,389,0.005555555555555556
4,mean,390,0.011111111111111112
4,mean,391,0.013888888888888888
4,mean,392,0.011111111111111112
4,mean,393,0.022222222222222223
4,mean,394,0.013888888888888888
4,mean,395,0.019444444444444445
4,mean,396,0.011111111111111112
4,mean,397,0.005555555555555556
4,mean,398,0.008333333333333333
4,mean,399,0.011111111111111112
4,mean,400,0.03611111111111111
4,mean,401,0.030555555555555555
4,mean,402,0.013888888888888888
4,mean,403,0.013888888888888888
4,mean,404,0.005555555555555556
4,mean,405,0.022222222222222223
4,mean,406,0.016666666666666666
4,mean,407,0.025
4,mean,408,0.025
4,mean,409,0.03333333333333333
4,mean,410,0.027777777777777776
4,mean,411,0.027777777777777776
4,mean,412,0.011111111111111112
4,mean,413,0.019444444444444445
4,mean,414,0.025
4,mean,415,0.022222222222222223
4,mean,416,0.005555555555555556
4,mean,417,0.013888888888888888
4,mean,418,0.027777777777777776
4,mean,419,0.019444444444444445
4,mean,420,0.002777777777777778
4,mean,421,0.019444444444444445
4,mean,422,0.016666666666666666
4,mean,423,0.019444444444444445
4,mean,424,0.03611111111111111
4,mean,425,0.011111111111111112
4,mean,426,0.011111111111111112
4,mean,427,0.030555555555555555
4,mean,428,0.016666666666666666
4,mean,429,0.008333333333333333
4,mean,430,0.011111111111111112
4,mean,431,0.022222222222222223
4,mean,432,0.019444444444444445
4,mean,433,0.005555555555555556
4,mean,434,0.011111111111111112
4,mean,435,0.027777777777777776
4,mean,436,0.03333333333333333
4,mean,437,0.022222222222222223
4,mean,438,0.019444444444444445
4,mean,439,0.013888888888888888
4,mean,440,0.022222222222222223
4,mean,441,0.030555555555555555
4,mean,442,0.011111111111111112
4,mean,443,0.011111111111111112
4,mean,444,0.016666666666666666
4,mean,445,0.027777777777777776
4,mean,446,0.019444444444444445
4,mean,447,0.0
4,mean,448,0.030555555555555555
4,mean,449,0.019444444444444445
4,mean,450,0.013888888888888888
4,mean,451,0.016666666666666666
4,mean,452,0.030555555555555555
4,mean,453,0.016666666666666666
4,mean,454,0.030555555555555555
4,mean,455,0.011111111111111112
4,mean,456,0.005555555555555556
4,mean,457,0.027777777777777776
4,mean,458,0.011111111111111112
4,mean,459,0.027777777777777776
4,mean,460,0.027777777777777776
4,mean,461,0.016666666666666666
4,mean,462,0.005555555555555556
4,mean,463,0.019444444444444445
4,mean,464,0.022222222222222223
4,mean,465,0.019444444444444445
4,mean,466,0.016666666666666666
4,mean,467,0.005555555555555556
4,mean,468,0.005555555555555556
4,mean,469,0.025
4,mean,470,0.002777777777777778
4,mean,471,0.016666666666666666
4,mean,472,0.008333333333333333
4,mean,473,0.016666666666666666
4,mean,474,0.019444444444444445
4,mean,475,0.011111111111111112
4,mean,476,0.013888888888888888
4,mean,477,0.022222222222222223
4,mean,478,0.008333333333333333
4,mean,479,0.005555555555555556
4,mean,480,0.027777777777777776
4,mean,481,0.044444444444444446
4,mean,482,0.016666666666666666
4,mean,483,0.016666666666666666
4,mean,484,0.022222222222222223
4,mean,485,0.016666666666666666
4,mean,486,0.019444444444444445
4,mean,487,0.030555555555555555
4,mean,488,0.013888888888888888
4,mean,489,0.013888888888888888
4,mean,490,0.019444444444444445
4,mean,491,0.011111111111111112
4,mean,492,0.025
4,mean,493,0.022222222222222223
4,mean,494,0.022222222222222223
4,mean,495,0.030555555555555555
4,mean,496,0.013888888888888888
4,mean,497,0.022222222222222223
4,mean,498,0.005555555555555556
4,mean,499,0.022222222222222223
4,mean,500,0.011111111111111112
4,mean,501,0.022222222222222223
4,mean,502,0.013888888888888888
4,mean,503,0.005555555555555556
4,mean,504,0.019444444444444445
4,mean,505,0.013888888888888888
4,mean,506,0.025
4,mean,507,0.027777777777777776
4,mean,508,0.016666666666666666
4,mean,509,0.013888888888888888
4,mean,510,0.008333333333333333
4,mean,511,0.022222222222222223
4,mean,512,0.016666666666666666
4,mean,513,0.016666666666666666
4,mean,514,0.011111111111111112
4,mean,515,0.008333333333333333
4,mean,516,0.041666666666666664
4,mean,517,0.013888888888888888
4,mean,518,0.008333333333333333
4,mean,519,0.002777777777777778
4,mean,520,0.019444444444444445
4,mean,521,0.022222222222222223
4,mean,522,0.011111111111111112
4,mean,523,0.008333333333333333
4,mean,524,0.013888888888888888
4,mean,525,0.022222222222222223
4,mean,526,0.011111111111111112
4,mean,527,0.022222222222222223
4,mean,528,0.008333333333333333
4,mean,529,0.008333333333333333
4,mean,530,0.022222222222222223
4,mean,531,0.005555555555555556
4,mean,532,0.011111111111111112
4,mean,533,0.022222222222222223
4,mean,534,0.016666666666666666
4,mean,535,0.011111111111111112
4,mean,536,0.011111111111111112
4,mean,537,0.016666666666666666
4,mean,538,0.016666666666666666
4,mean,539,0.016666666666666666
4,mean,540,0.016666666666666666
4,mean,541,0.022222222222222223
4,mean,542,0.005555555555555556
4,mean,543,0.019444444444444445
4,mean,544,0.027777777777777776
4,mean,545,0.019444444444444445
4,mean,546,0.019444444444444445
4,mean,547,0.016666666666666666
4,mean,548,0.013888888888888888
4,mean,549,0.027777777777777776
4,mean,550,0.016666666666666666
4,mean,551,0.022222222222222223
4,mean,552,0.011111111111111112
4,mean,553,0.013888888888888888
4,mean,554,0.019444444444444445
4,mean,555,0.022222222222222223
4,mean,556,0.027777777777777776
4,mean,557,0.016666666666666666
4,mean,558,0.011111111111111112
4,mean,559,0.025
4,mean,560,0.005555555555555556
4,mean,561,0.011111111111111112
4,mean,562,0.013888888888888888
4,mean,563,0.013888888888888888
4,mean,564,0.016666666666666666
4,mean,565,0.022222222222222223
4,mean,566,0.025
4,mean,567,0.005555555555555556
4,mean,568,0.016666666666666666
4,mean,569,0.022222222222222223
4,mean,570,0.030555555555555555
4,mean,571,0.025
4,mean,572,0.03333333333333333
4,mean,573,0.022222222222222223
4,mean,574,0.011111111111111112
4,mean,575,0.022222222222222223
4,mean,576,0.011111111111111112
4,mean,577,0.008333333333333333
4,mean,578,0.013888888888888888
4,mean,579,0.013888888888888888
4,mean,580,0.011111111111111112
4,mean,581,0.030555555555555555
4,mean,582,0.013888888888888888
4,mean,583,0.019444444444444445
4,mean,584,0.03333333333333333
4,mean,585,0.011111111111111112
4,mean,586,0.011111111111111112
4,mean,587,0.008333333333333333
4,mean,588,0.013888888888888888
4,mean,589,0.013888888888888888
4,mean,590,0.008333333333333333
4,mean,591,0.027777777777777776
4,mean,592,0.008333333333333333
4,mean,593,0.013888888888888888
4,mean,594,0.03333333333333333
4,mean,595,0.03611111111111111
4,mean,596,0.011111111111111112
4,mean,597,0.022222222222222223
4,mean,598,0.011111111111111112
4,mean,599,0.011111111111111112
4,mean,600,0.008333333333333333
4,mean,601,0.013888888888888888
4,mean,602,0.005555555555555556
4,mean,603,0.013888888888888888
4,mean,604,0.011111111111111112
4,mean,605,0.011111111111111112
4,mean,606,0.04722222222222222
4,mean,607,0.005555555555555556
4,mean,608,0.019444444444444445
4,mean,609,0.016666666666666666
4,mean,610,0.011111111111111112
4,mean,611,0.019444444444444445
4,mean,612,0.03611111111111111
4,mean,613,0.019444444444444445
4,mean,614,0.011111111111111112
4,mean,615,0.022222222222222223
4,mean,616,0.019444444444444445
4,mean,617,0.016666666666666666
4,mean,618,0.019444444444444445
4,mean,619,0.027777777777777776
4,mean,620,0.022222222222222223
4,mean,621,0.016666666666666666
4,mean,622,0.005555555555555556
4,mean,623,0.025
4,mean,624,0.013888888888888888
4,mean,625,0.030555555555555555
4,mean,626,0.005555555555555556
4,mean,627,0.016666666666666666
4,mean,628,0.005555555555555556
4,mean,629,0.019444444444444445
4,mean,630,0.013888888888888888
4,mean,631,0.027777777777777776
4,mean,632,0.022222222222222223
4,mean,633,0.008333333333333333
4,mean,634,0.03333333333333333
4,mean,635,0.027777777777777776
4,mean,636,0.019444444444444445
4,mean,637,0.016666666666666666
4,mean,638,0.0
4,mean,639,0.005555555555555556
4,mean,640,0.013888888888888888
4,mean,641,0.008333333333333333
4,mean,642,0.002777777777777778
4,mean,643,0.03333333333333333
4,mean,644,0.022222222222222223
4,mean,645,0.016666666666666666
4,mean,646,0.011111111111111112
4,mean,647,0.016666666666666666
4,mean,648,0.019444444444444445
4,mean,649,0.013888888888888888
4,mean,650,0.022222222222222223
4,mean,651,0.03611111111111111
4,mean,652,0.019444444444444445
4,mean,653,0.011111111111111112
4,mean,654,0.008333333333333333
4,mean,655,0.005555555555555556
4,mean,656,0.016666666666666666
4,mean,657,0.013888888888888888
4,mean,658,0.011111111111111112
4,mean,659,0.022222222222222223
4,mean,660,0.027777777777777776
4,mean,661,0.0
4,mean,662,0.041666666666666664
4,mean,663,0.019444444444444445
4,mean,664,0.022222222222222223
4,mean,665,0.011111111111111112
4,mean,666,0.013888888888888888
4,mean,667,0.008333333333333333
4,mean,668,0.005555555555555556
4,mean,669,0.019444444444444445
4,mean,670,0.019444444444444445
4,mean,671,0.005555555555555556
4,mean,672,0.030555555555555555
4,mean,673,0.030555555555555555
4,mean,674,0.022222222222222223
4,mean,675,0.005555555555555556
4,mean,676,0.022222222222222223
4,mean,677,0.019444444444444445
4,mean,678,0.013888888888888888
4,mean,679,0.013888888888888888
4,mean,680,0.011111111111111112
4,mean,681,0.002777777777777778
4,mean,682,0.008333333333333333
4,mean,683,0.019444444444444445
4,mean,684,0.008333333333333333
4,mean,685,0.022222222222222223
4,mean,686,0.030555555555555555
4,mean,687,0.011111111111111112
4,mean,688,0.002777777777777778
4,mean,689,0.002777777777777778
4,mean,690,0.025
4,mean,691,0.025
4,mean,692,0.022222222222222223
4,mean,693,0.016666666666666666
4,mean,694,0.016666666666666666
4,mean,695,0.011111111111111112
4,mean,696,0.016666666666666666
4,mean,697,0.011111111111111112
4,mean,698,0.03611111111111111
4,mean,699,0.025
4,mean,700,0.019444444444444445
4,mean,701,0.016666666666666666
4,mean,702,0.03333333333333333
4,mean,703,0.013888888888888888
4,mean,704,0.019444444444444445
4,mean,705,0.027777777777777776
4,mean,706,0.022222222222222223
4,mean,707,0.027777777777777776
4,mean,708,0.025
4,mean,709,0.03611111111111111
4,mean,710,0.022222222222222223
4,mean,711,0.025
4,mean,712,0.030555555555555555
4,mean,713,0.025
4,mean,714,0.011111111111111112
4,mean,715,0.019444444444444445
4,mean,716,0.025
4,mean,717,0.008333333333333333
4,mean,718,0.019444444444444445
4,mean,719,0.027777777777777776
4,mean,720,0.016666666666666666
4,mean,721,0.022222222222222223
4,mean,722,0.019444444444444445
4,mean,723,0.011111111111111112
4,mean,724,0.011111111111111112
4,mean,725,0.011111111111111112
4,mean,726,0.019444444444444445
4,mean,727,0.005555555555555556
4,mean,728,0.005555555555555556
4,mean,729,0.025
4,mean,730,0.019444444444444445
4,mean,731,0.025
4,mean,732,0.013888888888888888
4,mean,733,0.041666666666666664
4,mean,734,0.025
4,mean,735,0.013888888888888888
4,mean,736,0.002777777777777778
4,mean,737,0.019444444444444445
4,mean,738,0.013888888888888888
4,mean,739,0.013888888888888888
4,mean,740,0.013888888888888888
4,mean,741,0.011111111111111112
4,mean,742,0.03611111111111111
4,mean,743,0.011111111111111112
4,mean,744,0.011111111111111112
4,mean,745,0.019444444444444445
4,mean,746,0.011111111111111112
4,mean,747,0.016666666666666666
4,mean,748,0.025
4,mean,749,0.016666666666666666
4,mean,750,0.019444444444444445
4,mean,751,0.011111111111111112
4,mean,752,0.019444444444444445
4,mean,753,0.022222222222222223
4,mean,754,0.002777777777777778
4,mean,755,0.025
4,mean,756,0.027777777777777776
4,mean,757,0.013888888888888888
4,mean,758,0.011111111111111112
4,mean,759,0.025
4,mean,760,0.011111111111111112
4,mean,761,0.005555555555555556
4,mean,762,0.016666666666666666
4,mean,763,0.008333333333333333
4,mean,764,0.025
4,mean,765,0.011111111111111112
4,mean,766,0.008333333333333333
4,mean,767,0.011111111111111112
4,mean,768,0.019444444444444445
4,mean,769,0.019444444444444445
4,mean,770,0.019444444444444445
4,mean,771,0.002777777777777778
4,mean,772,0.008333333333333333
4,mean,773,0.002777777777777778
4,mean,774,0.013888888888888888
4,mean,775,0.016666666666666666
4,mean,776,0.002777777777777778
4,mean,777,0.025
4,mean,778,0.03888888888888889
4,mean,779,0.011111111111111112
4,mean,780,0.005555555555555556
4,mean,781,0.016666666666666666
4,mean,782,0.04722222222222222
4,mean,783,0.011111111111111112
4,mean,784,0.002777777777777778
4,mean,785,0.027777777777777776
4,mean,786,0.022222222222222223
4,mean,787,0.008333333333333333
4,mean,788,0.019444444444444445
4,mean,789,0.005555555555555556
4,mean,790,0.016666666666666666
4,mean,791,0.008333333333333333
4,mean,792,0.022222222222222223
4,mean,793,0.027777777777777776
4,mean,794,0.016666666666666666
4,mean,795,0.030555555555555555
4,mean,796,0.011111111111111112
4,mean,797,0.011111111111111112
4,mean,798,0.025
4,mean,799,0.019444444444444445
4,mean,800,0.013888888888888888
4,mean,801,0.03888888888888889
4,mean,802,0.022222222222222223
4,mean,803,0.025
4,mean,804,0.008333333333333333
4,mean,805,0.016666666666666666
4,mean,806,0.016666666666666666
4,mean,807,0.03611111111111111
4,mean,808,0.011111111111111112
4,mean,809,0.011111111111111112
4,mean,810,0.013888888888888888
4,mean,811,0.022222222222222223
4,mean,812,0.005555555555555556
4,mean,813,0.019444444444444445
4,mean,814,0.008333333333333333
4,mean,815,0.03333333333333333
4,mean,816,0.022222222222222223
4,mean,817,0.005555555555555556
4,mean,818,0.03333333333333333
4,mean,819,0.027777777777777776
4,mean,820,0.002777777777777778
4,mean,821,0.011111111111111112
4,mean,822,0.025
4,mean,823,0.022222222222222223
4,mean,824,0.022222222222222223
4,mean,825,0.022222222222222223
4,mean,826,0.005555555555555556
4,mean,827,0.019444444444444445
4,mean,828,0.005555555555555556
4,mean,829,0.016666666666666666
4,mean,830,0.022222222222222223
4,mean,831,0.019444444444444445
4,mean,832,0.019444444444444445
4,mean,833,0.016666666666666666
4,mean,834,0.011111111111111112
4,mean,835,0.025
4,mean,836,0.008333333333333333
4,mean,837,0.044444444444444446
4,mean,838,0.016666666666666666
4,mean,839,0.011111111111111112
4,mean,840,0.013888888888888888
4,mean,841,0.008333333333333333
4,mean,842,0.019444444444444445
4,mean,843,0.005555555555555556
4,mean,844,0.022222222222222223
4,mean,845,0.008333333333333333
4,mean,846,0.013888888888888888
4,mean,847,0.011111111111111112
4,mean,848,0.011111111111111112
4,mean,849,0.008333333333333333
4,mean,850,0.030555555555555555
4,mean,851,0.002777777777777778
4,mean,852,0.013888888888888888
4,mean,853,0.013888888888888888
4,mean,854,0.027777777777777776
4,mean,855,0.041666666666666664
4,mean,856,0.011111111111111112
4,mean,857,0.025
4,mean,858,0.016666666666666666
4,mean,859,0.011111111111111112
4,mean,860,0.022222222222222223
4,mean,861,0.011111111111111112
4,mean,862,0.030555555555555555
4,mean,863,0.011111111111111112
4,mean,864,0.016666666666666666
4,mean,865,0.022222222222222223
4,mean,866,0.025
4,mean,867,0.011111111111111112
4,mean,868,0.030555555555555555
4,mean,869,0.022222222222222223
4,mean,870,0.025
4,mean,871,0.022222222222222223
4,mean,872,0.027777777777777776
4,mean,873,0.027777777777777776
4,mean,874,0.013888888888888888
4,mean,875,0.030555555555555555
4,mean,876,0.030555555555555555
4,mean,877,0.022222222222222223
4,mean,878,0.027777777777777776
4,mean,879,0.027777777777777776
4,mean,880,0.005555555555555556
4,mean,881,0.013888888888888888
4,mean,882,0.027777777777777776
4,mean,883,0.016666666666666666
4,mean,884,0.022222222222222223
4,mean,885,0.013888888888888888
4,mean,886,0.008333333333333333
4,mean,887,0.022222222222222223
4,mean,888,0.019444444444444445
4,mean,889,0.03888888888888889
4,mean,890,0.022222222222222223
4,mean,891,0.013888888888888888
4,mean,892,0.011111111111111112
4,mean,893,0.013888888888888888
4,mean,894,0.005555555555555556
4,mean,895,0.013888888888888888
4,mean,896,0.008333333333333333
4,mean,897,0.016666666666666666
4,mean,898,0.016666666666666666
4,mean,899,0.022222222222222223
4,mean,900,0.022222222222222223
4,mean,901,0.013888888888888888
4,mean,902,0.016666666666666666
4,mean,903,0.019444444444444445
4,mean,904,0.027777777777777776
4,mean,905,0.011111111111111112
4,mean,906,0.011111111111111112
4,mean,907,0.011111111111111112
4,mean,908,0.019444444444444445
4,mean,909,0.027777777777777776
4,mean,910,0.027777777777777776
4,mean,911,0.025
4,mean,912,0.013888888888888888
4,mean,913,0.025
4,mean,914,0.005555555555555556
4,mean,915,0.005555555555555556
4,mean,916,0.027777777777777776
4,mean,917,0.008333333333333333
4,mean,918,0.025
4,mean,919,0.016666666666666666
4,mean,920,0.022222222222222223
4,mean,921,0.025
4,mean,922,0.008333333333333333
4,mean,923,0.019444444444444445
4,mean,924,0.019444444444444445
4,mean,925,0.03333333333333333
4,mean,926,0.025
4,mean,927,0.022222222222222223
4,mean,928,0.011111111111111112
4,mean,929,0.011111111111111112
4,mean,930,0.022222222222222223
4,mean,931,0.022222222222222223
4,mean,932,0.011111111111111112
4,mean,933,0.013888888888888888
4,mean,934,0.027777777777777776
4,mean,935,0.03888888888888889
4,mean,936,0.022222222222222223
4,mean,937,0.025
4,mean,938,0.016666666666666666
4,mean,939,0.005555555555555556
4,mean,940,0.013888888888888888
4,mean,941,0.005555555555555556
4,mean,942,0.016666666666666666
4,mean,943,0.025
4,mean,944,0.022222222222222223
4,mean,945,0.013888888888888888
4,mean,946,0.019444444444444445
4,mean,947,0.030555555555555555
4,mean,948,0.03333333333333333
4,mean,949,0.002777777777777778
4,mean,950,0.03611111111111111
4,mean,951,0.013888888888888888
4,mean,952,0.025
4,mean,953,0.016666666666666666
4,mean,954,0.019444444444444445
4,mean,955,0.013888888888888888
4,mean,956,0.008333333333333333
4,mean,957,0.027777777777777776
4,mean,958,0.019444444444444445
4,mean,959,0.005555555555555556
4,mean,960,0.022222222222222223
4,mean,961,0.011111111111111112
4,mean,962,0.013888888888888888
4,mean,963,0.019444444444444445
4,mean,964,0.019444444444444445
4,mean,965,0.022222222222222223
4,mean,966,0.011111111111111112
4,mean,967,0.019444444444444445
4,mean,968,0.013888888888888888
4,mean,969,0.022222222222222223
4,mean,970,0.008333333333333333
4,mean,971,0.008333333333333333
4,mean,972,0.027777777777777776
4,mean,973,0.011111111111111112
4,mean,974,0.019444444444444445
4,mean,975,0.011111111111111112
4,mean,976,0.019444444444444445
4,mean,977,0.011111111111111112
4,mean,978,0.027777777777777776
4,mean,979,0.027777777777777776
4,mean,980,0.016666666666666666
4,mean,981,0.008333333333333333
4,mean,982,0.019444444444444445
4,mean,983,0.022222222222222223
4,mean,984,0.011111111111111112
4,mean,985,0.022222222222222223
4,mean,986,0.025
4,mean,987,0.011111111111111112
4,mean,988,0.016666666666666666
4,mean,989,0.013888888888888888
4,mean,990,0.008333333333333333
4,mean,991,0.019444444444444445
4,mean,992,0.008333333333333333
4,mean,993,0.008333333333333333
4,mean,994,0.013888888888888888
4,mean,995,0.022222222222222223
4,mean,996,0.016666666666666666
4,mean,997,0.002777777777777778
4,mean,998,0.016666666666666666
4,mean,999,0.011111111111111112
4,mean,1000,0.025
4,mean,1001,0.016666666666666666
4,mean,1002,0.019444444444444445
4,mean,1003,0.027777777777777776
4,mean,1004,0.05
4,mean,1005,0.019444444444444445
4,mean,1006,0.013888888888888888
4,mean,1007,0.019444444444444445
4,mean,1008,0.019444444444444445
4,mean,1009,0.022222222222222223
4,mean,1010,0.022222222222222223
4,mean,1011,0.011111111111111112
4,mean,1012,0.022222222222222223
4,mean,1013,0.016666666666666666
4,mean,1014,0.013888888888888888
4,mean,1015,0.013888888888888888
4,mean,1016,0.025
4,mean,1017,0.019444444444444445
4,mean,1018,0.019444444444444445
4,mean,1019,0.013888888888888888
4,mean,1020,0.013888888888888888
4,mean,1021,0.005555555555555556
4,mean,1022,0.016666666666666666
4,mean,1023,0.016666666666666666
4,mean,1024,0.03611111111111111
4,mean,1025,0.005555555555555556
4,mean,1026,0.008333333333333333
4,mean,1027,0.011111111111111112
4,mean,1028,0.008333333333333333
4,mean,1029,0.022222222222222223
4,mean,1030,0.022222222222222223
4,mean,1031,0.013888888888888888
4,mean,1032,0.019444444444444445
4,mean,1033,0.011111111111111112
4,mean,1034,0.008333333333333333
4,mean,1035,0.013888888888888888
4,mean,1036,0.005555555555555556
4,mean,1037,0.027777777777777776
4,mean,1038,0.016666666666666666
4,mean,1039,0.03888888888888889
4,mean,1040,0.013888888888888888
4,mean,1041,0.022222222222222223
4,mean,1042,0.008333333333333333
4,mean,1043,0.019444444444444445
4,mean,1044,0.016666666666666666
4,mean,1045,0.002777777777777778
4,mean,1046,0.016666666666666666
4,mean,1047,0.002777777777777778
4,mean,1048,0.002777777777777778
4,mean,1049,0.011111111111111112
4,mean,1050,0.022222222222222223
4,mean,1051,0.013888888888888888
4,mean,1052,0.025
4,mean,1053,0.016666666666666666
4,mean,1054,0.016666666666666666
4,mean,1055,0.005555555555555556
4,mean,1056,0.022222222222222223
4,mean,1057,0.027777777777777776
4,mean,1058,0.013888888888888888
4,mean,1059,0.022222222222222223
4,mean,1060,0.019444444444444445
4,mean,1061,0.027777777777777776
4,mean,1062,0.016666666666666666
4,mean,1063,0.013888888888888888
4,mean,1064,0.025
4,mean,1065,0.016666666666666666
4,mean,1066,0.016666666666666666
4,mean,1067,0.016666666666666666
4,mean,1068,0.019444444444444445
4,mean,1069,0.030555555555555555
4,mean,1070,0.022222222222222223
4,mean,1071,0.025
4,mean,1072,0.022222222222222223
4,mean,1073,0.044444444444444446
4,mean,1074,0.022222222222222223
4,mean,1075,0.019444444444444445
4,mean,1076,0.019444444444444445
4,mean,1077,0.013888888888888888
4,mean,1078,0.008333333333333333
4,mean,1079,0.008333333333333333
4,mean,1080,0.011111111111111112
4,mean,1081,0.011111111111111112
4,mean,1082,0.013888888888888888
4,mean,1083,0.025
4,mean,1084,0.022222222222222223
4,mean,1085,0.027777777777777776
4,mean,1086,0.008333333333333333
4,mean,1087,0.013888888888888888
4,mean,1088,0.011111111111111112
4,mean,1089,0.013888888888888888
4,mean,1090,0.016666666666666666
4,mean,1091,0.008333333333333333
4,mean,1092,0.008333333333333333
4,mean,1093,0.022222222222222223
4,mean,1094,0.008333333333333333
4,mean,1095,0.022222222222222223
4,mean,1096,0.019444444444444445
4,mean,1097,0.027777777777777776
4,mean,1098,0.019444444444444445
4,mean,1099,0.025
4,mean,1100,0.013888888888888888
4,mean,1101,0.025
4,mean,1102,0.008333333333333333
4,mean,1103,0.025
4,mean,1104,0.013888888888888888
4,mean,1105,0.016666666666666666
4,mean,1106,0.03611111111111111
4,mean,1107,0.002777777777777778
4,mean,1108,0.013888888888888888
4,mean,1109,0.022222222222222223
4,mean,1110,0.002777777777777778
4,mean,1111,0.022222222222222223
4,mean,1112,0.022222222222222223
4,mean,1113,0.03333333333333333
4,mean,1114,0.011111111111111112
4,mean,1115,0.022222222222222223
4,mean,1116,0.027777777777777776
4,mean,1117,0.016666666666666666
4,mean,1118,0.030555555555555555
4,mean,1119,0.019444444444444445
4,mean,1120,0.03333333333333333
4,mean,1121,0.011111111111111112
4,mean,1122,0.011111111111111112
4,mean,1123,0.03333333333333333
4,mean,1124,0.013888888888888888
4,mean,1125,0.013888888888888888
4,mean,1126,0.005555555555555556
4,mean,1127,0.027777777777777776
4,mean,1128,0.027777777777777776
4,mean,1129,0.019444444444444445
4,mean,1130,0.019444444444444445
4,mean,1131,0.008333333333333333
4,mean,1132,0.027777777777777776
4,mean,1133,0.019444444444444445
4,mean,1134,0.016666666666666666
4,mean,1135,0.016666666666666666
4,mean,1136,0.022222222222222223
4,mean,1137,0.016666666666666666
4,mean,1138,0.016666666666666666
4,mean,1139,0.03611111111111111
4,mean,1140,0.008333333333333333
4,mean,1141,0.022222222222222223
4,mean,1142,0.008333333333333333
4,mean,1143,0.011111111111111112
4,mean,1144,0.019444444444444445
4,mean,1145,0.011111111111111112
4,mean,1146,0.019444444444444445
4,mean,1147,0.022222222222222223
4,mean,1148,0.016666666666666666
4,mean,1149,0.016666666666666666
4,mean,1150,0.027777777777777776
4,mean,1151,0.027777777777777776
4,mean,1152,0.011111111111111112
4,mean,1153,0.019444444444444445
4,mean,1154,0.016666666666666666
4,mean,1155,0.013888888888888888
4,mean,1156,0.002777777777777778
4,mean,1157,0.005555555555555556
4,mean,1158,0.016666666666666666
4,mean,1159,0.011111111111111112
4,mean,1160,0.022222222222222223
4,mean,1161,0.05
4,mean,1162,0.013888888888888888
4,mean,1163,0.002777777777777778
4,mean,1164,0.022222222222222223
4,mean,1165,0.025
4,mean,1166,0.019444444444444445
4,mean,1167,0.022222222222222223
4,mean,1168,0.016666666666666666
4,mean,1169,0.025
4,mean,1170,0.03611111111111111
4,mean,1171,0.027777777777777776
4,mean,1172,0.005555555555555556
4,mean,1173,0.019444444444444445
4,mean,1174,0.011111111111111112
4,mean,1175,0.022222222222222223
4,mean,1176,0.013888888888888888
4,mean,1177,0.005555555555555556
4,mean,1178,0.027777777777777776
4,mean,1179,0.008333333333333333
4,mean,1180,0.016666666666666666
4,mean,1181,0.019444444444444445
4,mean,1182,0.011111111111111112
4,mean,1183,0.027777777777777776
4,mean,1184,0.03333333333333333
4,mean,1185,0.025
4,mean,1186,0.011111111111111112
4,mean,1187,0.019444444444444445
4,mean,1188,0.019444444444444445
4,mean,1189,0.013888888888888888
4,mean,1190,0.019444444444444445
4,mean,1191,0.011111111111111112
4,mean,1192,0.022222222222222223
4,mean,1193,0.041666666666666664
4,mean,1194,0.008333333333333333
4,mean,1195,0.022222222222222223
4,mean,1196,0.019444444444444445
4,mean,1197,0.022222222222222223
4,mean,1198,0.011111111111111112
4,mean,1199,0.013888888888888888
4,mean,1200,0.019444444444444445
4,mean,1201,0.022222222222222223
4,mean,1202,0.025
4,mean,1203,0.008333333333333333
4,mean,1204,0.008333333333333333
4,mean,1205,0.019444444444444445
4,mean,1206,0.019444444444444445
4,mean,1207,0.008333333333333333
4,mean,1208,0.022222222222222223
4,mean,1209,0.016666666666666666
4,mean,1210,0.027777777777777776
4,mean,1211,0.011111111111111112
4,mean,1212,0.019444444444444445
4,mean,1213,0.019444444444444445
4,mean,1214,0.022222222222222223
4,mean,1215,0.013888888888888888
4,mean,1216,0.030555555555555555
4,mean,1217,0.019444444444444445
4,mean,1218,0.03333333333333333
4,mean,1219,0.03333333333333333
4,mean,1220,0.005555555555555556
4,mean,1221,0.019444444444444445
4,mean,1222,0.013888888888888888
4,mean,1223,0.008333333333333333
4,mean,1224,0.022222222222222223
4,mean,1225,0.025
4,mean,1226,0.025
4,mean,1227,0.022222222222222223
4,mean,1228,0.013888888888888888
4,mean,1229,0.022222222222222223
4,mean,1230,0.013888888888888888
4,mean,1231,0.008333333333333333
4,mean,1232,0.013888888888888888
4,mean,1233,0.025
4,mean,1234,0.022222222222222223
4,mean,1235,0.008333333333333333
4,mean,1236,0.016666666666666666
4,mean,1237,0.019444444444444445
4,mean,1238,0.027777777777777776
4,mean,1239,0.022222222222222223
4,mean,1240,0.016666666666666666
4,mean,1241,0.019444444444444445
4,mean,1242,0.022222222222222223
4,mean,1243,0.027777777777777776
4,mean,1244,0.013888888888888888
4,mean,1245,0.008333333333333333
4,mean,1246,0.013888888888888888
4,mean,1247,0.008333333333333333
4,mean,1248,0.016666666666666666
4,mean,1249,0.002777777777777778
4,mean,1250,0.019444444444444445
4,mean,1251,0.025
4,mean,1252,0.013888888888888888
4,mean,1253,0.016666666666666666
4,mean,1254,0.016666666666666666
4,mean,1255,0.011111111111111112
4,mean,1256,0.016666666666666666
4,mean,1257,0.025
4,mean,1258,0.027777777777777776
4,mean,1259,0.027777777777777776
4,mean,1260,0.008333333333333333
4,mean,1261,0.011111111111111112
4,mean,1262,0.008333333333333333
4,mean,1263,0.011111111111111112
4,mean,1264,0.030555555555555555
4,mean,1265,0.005555555555555556
4,mean,1266,0.022222222222222223
4,mean,1267,0.025
4,mean,1268,0.025
4,mean,1269,0.011111111111111112
4,mean,1270,0.027777777777777776
4,mean,1271,0.019444444444444445
4,mean,1272,0.022222222222222223
4,mean,1273,0.011111111111111112
4,mean,1274,0.002777777777777778
4,mean,1275,0.019444444444444445
4,mean,1276,0.019444444444444445
4,mean,1277,0.022222222222222223
4,mean,1278,0.016666666666666666
4,mean,1279,0.016666666666666666
4,mean,1280,0.005555555555555556
4,mean,1281,0.011111111111111112
4,mean,1282,0.025
4,mean,1283,0.03333333333333333
4,mean,1284,0.019444444444444445
4,mean,1285,0.011111111111111112
4,mean,1286,0.016666666666666666
4,mean,1287,0.005555555555555556
4,mean,1288,0.03333333333333333
4,mean,1289,0.013888888888888888
4,mean,1290,0.016666666666666666
4,mean,1291,0.016666666666666666
4,mean,1292,0.03333333333333333
4,mean,1293,0.005555555555555556
4,mean,1294,0.025
4,mean,1295,0.011111111111111112
4,mean,1296,0.011111111111111112
4,mean,1297,0.019444444444444445
4,mean,1298,0.025
4,mean,1299,0.016666666666666666
4,mean,1300,0.013888888888888888
4,mean,1301,0.022222222222222223
4,mean,1302,0.013888888888888888
4,mean,1303,0.016666666666666666
4,mean,1304,0.0
4,mean,1305,0.008333333333333333
4,mean,1306,0.008333333333333333
4,mean,1307,0.011111111111111112
4,mean,1308,0.005555555555555556
4,mean,1309,0.022222222222222223
4,mean,1310,0.013888888888888888
4,mean,1311,0.016666666666666666
4,mean,1312,0.030555555555555555
4,mean,1313,0.016666666666666666
4,mean,1314,0.03888888888888889
4,mean,1315,0.011111111111111112
4,mean,1316,0.002777777777777778
4,mean,1317,0.013888888888888888
4,mean,1318,0.016666666666666666
4,mean,1319,0.022222222222222223
4,mean,1320,0.013888888888888888
4,mean,1321,0.025
4,mean,1322,0.044444444444444446
4,mean,1323,0.013888888888888888
4,mean,1324,0.008333333333333333
4,mean,1325,0.019444444444444445
4,mean,1326,0.027777777777777776
4,mean,1327,0.013888888888888888
4,mean,1328,0.030555555555555555
4,mean,1329,0.016666666666666666
4,mean,1330,0.027777777777777776
4,mean,1331,0.008333333333333333
4,mean,1332,0.013888888888888888
4,mean,1333,0.019444444444444445
4,mean,1334,0.013888888888888888
4,mean,1335,0.008333333333333333
4,mean,1336,0.013888888888888888
4,mean,1337,0.013888888888888888
4,mean,1338,0.027777777777777776
4,mean,1339,0.011111111111111112
4,mean,1340,0.019444444444444445
4,mean,1341,0.013888888888888888
4,mean,1342,0.0
4,mean,1343,0.016666666666666666
4,mean,1344,0.03888888888888889
4,mean,1345,0.005555555555555556
4,mean,1346,0.011111111111111112
4,mean,1347,0.016666666666666666
4,mean,1348,0.002777777777777778
4,mean,1349,0.008333333333333333
4,mean,1350,0.044444444444444446
4,mean,1351,0.03333333333333333
4,mean,1352,0.022222222222222223
4,mean,1353,0.013888888888888888
4,mean,1354,0.022222222222222223
4,mean,1355,0.008333333333333333
4,mean,1356,0.019444444444444445
4,mean,1357,0.011111111111111112
4,mean,1358,0.022222222222222223
4,mean,1359,0.025
4,mean,1360,0.019444444444444445
4,mean,1361,0.022222222222222223
4,mean,1362,0.016666666666666666
4,mean,1363,0.013888888888888888
4,mean,1364,0.027777777777777776
4,mean,1365,0.011111111111111112
4,mean,1366,0.013888888888888888
4,mean,1367,0.013888888888888888
4,mean,1368,0.011111111111111112
4,mean,1369,0.016666666666666666
4,mean,1370,0.016666666666666666
4,mean,1371,0.016666666666666666
4,mean,1372,0.019444444444444445
4,mean,1373,0.016666666666666666
4,mean,1374,0.013888888888888888
4,mean,1375,0.025
4,mean,1376,0.005555555555555556
4,mean,1377,0.025
4,mean,1378,0.005555555555555556
4,mean,1379,0.002777777777777778
4,mean,1380,0.016666666666666666
4,mean,1381,0.03333333333333333
4,mean,1382,0.008333333333333333
4,mean,1383,0.022222222222222223
4,mean,1384,0.011111111111111112
4,mean,1385,0.016666666666666666
4,mean,1386,0.019444444444444445
4,mean,1387,0.005555555555555556
4,mean,1388,0.025
4,mean,1389,0.013888888888888888
4,mean,1390,0.027777777777777776
4,mean,1391,0.016666666666666666
4,mean,1392,0.011111111111111112
4,mean,1393,0.013888888888888888
4,mean,1394,0.011111111111111112
4,mean,1395,0.013888888888888888
4,mean,1396,0.03333333333333333
4,mean,1397,0.019444444444444445
4,mean,1398,0.016666666666666666
4,mean,1399,0.011111111111111112
4,mean,1400,0.016666666666666666
4,mean,1401,0.016666666666666666
4,mean,1402,0.025
4,mean,1403,0.011111111111111112
4,mean,1404,0.013888888888888888
4,mean,1405,0.008333333333333333
4,mean,1406,0.013888888888888888
4,mean,1407,0.016666666666666666
4,mean,1408,0.019444444444444445
4,mean,1409,0.011111111111111112
4,mean,1410,0.016666666666666666
4,mean,1411,0.019444444444444445
4,mean,1412,0.022222222222222223
4,mean,1413,0.008333333333333333
4,mean,1414,0.027777777777777776
4,mean,1415,0.016666666666666666
4,mean,1416,0.008333333333333333
4,mean,1417,0.027777777777777776
4,mean,1418,0.011111111111111112
4,mean,1419,0.025
4,mean,1420,0.044444444444444446
4,mean,1421,0.027777777777777776
4,mean,1422,0.019444444444444445
4,mean,1423,0.022222222222222223
4,mean,1424,0.011111111111111112
4,mean,1425,0.019444444444444445
4,mean,1426,0.013888888888888888
4,mean,1427,0.019444444444444445
4,mean,1428,0.013888888888888888
4,mean,1429,0.022222222222222223
4,mean,1430,0.030555555555555555
4,mean,1431,0.011111111111111112
4,mean,1432,0.011111111111111112
4,mean,1433,0.019444444444444445
4,mean,1434,0.016666666666666666
4,mean,1435,0.005555555555555556
4,mean,1436,0.03611111111111111
4,mean,1437,0.019444444444444445
4,mean,1438,0.016666666666666666
4,mean,1439,0.025
4,mean,1440,0.011111111111111112
4,mean,1441,0.016666666666666666
4,mean,1442,0.016666666666666666
4,mean,1443,0.011111111111111112
4,mean,1444,0.019444444444444445
4,mean,1445,0.011111111111111112
4,mean,1446,0.03888888888888889
4,mean,1447,0.013888888888888888
4,mean,1448,0.019444444444444445
4,mean,1449,0.013888888888888888
4,mean,1450,0.022222222222222223
4,mean,1451,0.016666666666666666
4,mean,1452,0.005555555555555556
4,mean,1453,0.013888888888888888
4,mean,1454,0.002777777777777778
4,mean,1455,0.022222222222222223
4,mean,1456,0.044444444444444446
4,mean,1457,0.022222222222222223
4,mean,1458,0.03333333333333333
4,mean,1459,0.027777777777777776
4,mean,1460,0.002777777777777778
4,mean,1461,0.022222222222222223
4,mean,1462,0.008333333333333333
4,mean,1463,0.013888888888888888
4,mean,1464,0.016666666666666666
4,mean,1465,0.008333333333333333
4,mean,1466,0.025
4,mean,1467,0.016666666666666666
4,mean,1468,0.005555555555555556
4,mean,1469,0.016666666666666666
4,mean,1470,0.013888888888888888
4,mean,1471,0.005555555555555556
4,mean,1472,0.025
4,mean,1473,0.0
4,mean,1474,0.03888888888888889
4,mean,1475,0.027777777777777776
4,mean,1476,0.019444444444444445
4,mean,1477,0.022222222222222223
4,mean,1478,0.008333333333333333
4,mean,1479,0.005555555555555556
4,mean,1480,0.03611111111111111
4,mean,1481,0.03333333333333333
4,mean,1482,0.03888888888888889
4,mean,1483,0.019444444444444445
4,mean,1484,0.025
4,mean,1485,0.011111111111111112
4,mean,1486,0.002777777777777778
4,mean,1487,0.005555555555555556
4,mean,1488,0.016666666666666666
4,mean,1489,0.019444444444444445
4,mean,1490,0.005555555555555556
4,mean,1491,0.019444444444444445
4,mean,1492,0.022222222222222223
4,mean,1493,0.013888888888888888
4,mean,1494,0.008333333333333333
4,mean,1495,0.019444444444444445
4,mean,1496,0.005555555555555556
4,mean,1497,0.005555555555555556
4,mean,1498,0.019444444444444445
4,mean,1499,0.027777777777777776
4,mean,1500,0.011111111111111112
4,mean,1501,0.011111111111111112
4,mean,1502,0.008333333333333333
4,mean,1503,0.016666666666666666
4,mean,1504,0.016666666666666666
4,mean,1505,0.013888888888888888
4,mean,1506,0.008333333333333333
4,mean,1507,0.016666666666666666
4,mean,1508,0.030555555555555555
4,mean,1509,0.005555555555555556
4,mean,1510,0.011111111111111112
4,mean,1511,0.011111111111111112
4,mean,1512,0.016666666666666666
4,mean,1513,0.022222222222222223
4,mean,1514,0.016666666666666666
4,mean,1515,0.011111111111111112
4,mean,1516,0.013888888888888888
4,mean,1517,0.019444444444444445
4,mean,1518,0.019444444444444445
4,mean,1519,0.0
4,mean,1520,0.016666666666666666
4,mean,1521,0.008333333333333333
4,mean,1522,0.013888888888888888
4,mean,1523,0.019444444444444445
4,mean,1524,0.008333333333333333
4,mean,1525,0.030555555555555555
4,mean,1526,0.019444444444444445
4,mean,1527,0.002777777777777778
4,mean,1528,0.013888888888888888
4,mean,1529,0.019444444444444445
4,mean,1530,0.019444444444444445
4,mean,1531,0.013888888888888888
4,mean,1532,0.005555555555555556
4,mean,1533,0.025
4,mean,1534,0.027777777777777776
4,mean,1535,0.03333333333333333
4,mean,1536,0.013888888888888888
4,mean,1537,0.016666666666666666
4,mean,1538,0.027777777777777776
4,mean,1539,0.025
4,mean,1540,0.013888888888888888
4,mean,1541,0.022222222222222223
4,mean,1542,0.011111111111111112
4,mean,1543,0.002777777777777778
4,mean,1544,0.005555555555555556
4,mean,1545,0.002777777777777778
4,mean,1546,0.019444444444444445
4,mean,1547,0.011111111111111112
4,mean,1548,0.03333333333333333
4,mean,1549,0.011111111111111112
4,mean,1550,0.019444444444444445
4,mean,1551,0.013888888888888888
4,mean,1552,0.019444444444444445
4,mean,1553,0.005555555555555556
4,mean,1554,0.022222222222222223
4,mean,1555,0.016666666666666666
4,mean,1556,0.027777777777777776
4,mean,1557,0.011111111111111112
4,mean,1558,0.016666666666666666
4,mean,1559,0.011111111111111112
4,mean,1560,0.016666666666666666
4,mean,1561,0.013888888888888888
4,mean,1562,0.016666666666666666
4,mean,1563,0.016666666666666666
4,mean,1564,0.016666666666666666
4,mean,1565,0.019444444444444445
4,mean,1566,0.025
4,mean,1567,0.011111111111111112
4,mean,1568,0.005555555555555556
4,mean,1569,0.011111111111111112
4,mean,1570,0.022222222222222223
4,mean,1571,0.019444444444444445
4,mean,1572,0.016666666666666666
4,mean,1573,0.008333333333333333
4,mean,1574,0.019444444444444445
4,mean,1575,0.022222222222222223
4,mean,1576,0.030555555555555555
4,mean,1577,0.019444444444444445
4,mean,1578,0.005555555555555556
4,mean,1579,0.019444444444444445
4,mean,1580,0.016666666666666666
4,mean,1581,0.025
4,mean,1582,0.019444444444444445
4,mean,1583,0.011111111111111112
4,mean,1584,0.013888888888888888
4,mean,1585,0.005555555555555556
4,mean,1586,0.011111111111111112
4,mean,1587,0.002777777777777778
4,mean,1588,0.016666666666666666
4,mean,1589,0.019444444444444445
4,mean,1590,0.011111111111111112
4,mean,1591,0.03611111111111111
4,mean,1592,0.019444444444444445
4,mean,1593,0.013888888888888888
4,mean,1594,0.013888888888888888
4,mean,1595,0.022222222222222223
4,mean,1596,0.008333333333333333
4,mean,1597,0.013888888888888888
4,mean,1598,0.016666666666666666
4,mean,1599,0.016666666666666666
4,mean,1600,0.013888888888888888
4,mean,1601,0.030555555555555555
4,mean,1602,0.019444444444444445
4,mean,1603,0.011111111111111112
4,mean,1604,0.011111111111111112
4,mean,1605,0.005555555555555556
4,mean,1606,0.011111111111111112
4,mean,1607,0.008333333333333333
4,mean,1608,0.022222222222222223
4,mean,1609,0.027777777777777776
4,mean,1610,0.022222222222222223
4,mean,1611,0.016666666666666666
4,mean,1612,0.03611111111111111
4,mean,1613,0.025
4,mean,1614,0.016666666666666666
4,mean,1615,0.019444444444444445
4,mean,1616,0.011111111111111112
4,mean,1617,0.013888888888888888
4,mean,1618,0.03888888888888889
4,mean,1619,0.013888888888888888
4,mean,1620,0.019444444444444445
4,mean,1621,0.016666666666666666
4,mean,1622,0.022222222222222223
4,mean,1623,0.008333333333333333
4,mean,1624,0.011111111111111112
4,mean,1625,0.008333333333333333
4,mean,1626,0.027777777777777776
4,mean,1627,0.013888888888888888
4,mean,1628,0.030555555555555555
4,mean,1629,0.013888888888888888
4,mean,1630,0.002777777777777778
4,mean,1631,0.022222222222222223
4,mean,1632,0.013888888888888888
4,mean,1633,0.019444444444444445
4,mean,1634,0.03333333333333333
4,mean,1635,0.019444444444444445
4,mean,1636,0.022222222222222223
4,mean,1637,0.022222222222222223
4,mean,1638,0.013888888888888888
4,mean,1639,0.011111111111111112
4,mean,1640,0.005555555555555556
4,mean,1641,0.025
4,mean,1642,0.008333333333333333
4,mean,1643,0.027777777777777776
4,mean,1644,0.011111111111111112
4,mean,1645,0.005555555555555556
4,mean,1646,0.008333333333333333
4,mean,1647,0.013888888888888888
4,mean,1648,0.03333333333333333
4,mean,1649,0.025
4,mean,1650,0.016666666666666666
4,mean,1651,0.03333333333333333
4,mean,1652,0.013888888888888888
4,mean,1653,0.011111111111111112
4,mean,1654,0.022222222222222223
4,mean,1655,0.013888888888888888
4,mean,1656,0.025
4,mean,1657,0.027777777777777776
4,mean,1658,0.022222222222222223
4,mean,1659,0.013888888888888888
4,mean,1660,0.025
4,mean,1661,0.022222222222222223
4,mean,1662,0.013888888888888888
4,mean,1663,0.011111111111111112
4,mean,1664,0.019444444444444445
4,mean,1665,0.019444444444444445
4,mean,1666,0.011111111111111112
4,mean,1667,0.013888888888888888
4,mean,1668,0.025
4,mean,1669,0.019444444444444445
4,mean,1670,0.016666666666666666
4,mean,1671,0.011111111111111112
4,mean,1672,0.011111111111111112
4,mean,1673,0.016666666666666666
4,mean,1674,0.022222222222222223
4,mean,1675,0.019444444444444445
4,mean,1676,0.03333333333333333
4,mean,1677,0.016666666666666666
4,mean,1678,0.011111111111111112
4,mean,1679,0.025
4,mean,1680,0.011111111111111112
4,mean,1681,0.016666666666666666
4,mean,1682,0.027777777777777776
4,mean,1683,0.019444444444444445
4,mean,1684,0.019444444444444445
4,mean,1685,0.027777777777777776
4,mean,1686,0.013888888888888888
4,mean,1687,0.027777777777777776
4,mean,1688,0.011111111111111112
4,mean,1689,0.016666666666666666
4,mean,1690,0.016666666666666666
4,mean,1691,0.025
4,mean,1692,0.030555555555555555
4,mean,1693,0.05277777777777778
4,mean,1694,0.05555555555555555
4,mean,1695,0.005555555555555556
4,mean,1696,0.011111111111111112
4,mean,1697,0.022222222222222223
4,mean,1698,0.002777777777777778
4,mean,1699,0.016666666666666666
4,mean,1700,0.016666666666666666
4,mean,1701,0.022222222222222223
4,mean,1702,0.027777777777777776
4,mean,1703,0.011111111111111112
4,mean,1704,0.025
4,mean,1705,0.016666666666666666
4,mean,1706,0.005555555555555556
4,mean,1707,0.008333333333333333
4,mean,1708,0.022222222222222223
4,mean,1709,0.008333333333333333
4,mean,1710,0.019444444444444445
4,mean,1711,0.022222222222222223
4,mean,1712,0.011111111111111112
4,mean,1713,0.016666666666666666
4,mean,1714,0.019444444444444445
4,mean,1715,0.019444444444444445
4,mean,1716,0.022222222222222223
4,mean,1717,0.03888888888888889
4,mean,1718,0.008333333333333333
4,mean,1719,0.025
4,mean,1720,0.019444444444444445
4,mean,1721,0.011111111111111112
4,mean,1722,0.008333333333333333
4,mean,1723,0.019444444444444445
4,mean,1724,0.013888888888888888
4,mean,1725,0.016666666666666666
4,mean,1726,0.016666666666666666
4,mean,1727,0.027777777777777776
4,mean,1728,0.016666666666666666
4,mean,1729,0.022222222222222223
4,mean,1730,0.011111111111111112
4,mean,1731,0.005555555555555556
4,mean,1732,0.005555555555555556
4,mean,1733,0.013888888888888888
4,mean,1734,0.022222222222222223
4,mean,1735,0.013888888888888888
4,mean,1736,0.025
4,mean,1737,0.008333333333333333
4,mean,1738,0.016666666666666666
4,mean,1739,0.011111111111111112
4,mean,1740,0.025
4,mean,1741,0.013888888888888888
4,mean,1742,0.016666666666666666
4,mean,1743,0.03333333333333333
4,mean,1744,0.008333333333333333
4,mean,1745,0.025
4,mean,1746,0.013888888888888888
4,mean,1747,0.025
4,mean,1748,0.008333333333333333
4,mean,1749,0.013888888888888888
4,mean,1750,0.025
4,mean,1751,0.022222222222222223
4,mean,1752,0.025
4,mean,1753,0.027777777777777776
4,mean,1754,0.011111111111111112
4,mean,1755,0.044444444444444446
4,mean,1756,0.030555555555555555
4,mean,1757,0.005555555555555556
4,mean,1758,0.013888888888888888
4,mean,1759,0.002777777777777778
4,mean,1760,0.011111111111111112
4,mean,1761,0.008333333333333333
4,mean,1762,0.022222222222222223
4,mean,1763,0.022222222222222223
4,mean,1764,0.013888888888888888
4,mean,1765,0.019444444444444445
4,mean,1766,0.013888888888888888
4,mean,1767,0.03611111111111111
4,mean,1768,0.016666666666666666
4,mean,1769,0.03333333333333333
4,mean,1770,0.030555555555555555
4,mean,1771,0.016666666666666666
4,mean,1772,0.019444444444444445
4,mean,1773,0.011111111111111112
4,mean,1774,0.011111111111111112
4,mean,1775,0.013888888888888888
4,mean,1776,0.03611111111111111
4,mean,1777,0.011111111111111112
4,mean,1778,0.019444444444444445
4,mean,1779,0.025
4,mean,1780,0.013888888888888888
4,mean,1781,0.022222222222222223
4,mean,1782,0.008333333333333333
4,mean,1783,0.019444444444444445
4,mean,1784,0.008333333333333333
4,mean,1785,0.027777777777777776
4,mean,1786,0.022222222222222223
4,mean,1787,0.005555555555555556
4,mean,1788,0.008333333333333333
4,mean,1789,0.013888888888888888
4,mean,1790,0.019444444444444445
4,mean,1791,0.016666666666666666
4,mean,1792,0.019444444444444445
4,mean,1793,0.011111111111111112
4,mean,1794,0.013888888888888888
4,mean,1795,0.016666666666666666
4,mean,1796,0.022222222222222223
4,mean,1797,0.030555555555555555
4,mean,1798,0.019444444444444445
4,mean,1799,0.016666666666666666
4,mean,1800,0.013888888888888888
4,mean,1801,0.019444444444444445
4,mean,1802,0.016666666666666666
4,mean,1803,0.027777777777777776
4,mean,1804,0.0
4,mean,1805,0.013888888888888888
4,mean,1806,0.011111111111111112
4,mean,1807,0.022222222222222223
4,mean,1808,0.011111111111111112
4,mean,1809,0.016666666666666666
4,mean,1810,0.008333333333333333
4,mean,1811,0.03611111111111111
4,mean,1812,0.019444444444444445
4,mean,1813,0.016666666666666666
4,mean,1814,0.008333333333333333
4,mean,1815,0.008333333333333333
4,mean,1816,0.011111111111111112
4,mean,1817,0.016666666666666666
4,mean,1818,0.016666666666666666
4,mean,1819,0.025
4,mean,1820,0.019444444444444445
4,mean,1821,0.016666666666666666
4,mean,1822,0.025
4,mean,1823,0.027777777777777776
4,mean,1824,0.030555555555555555
4,mean,1825,0.016666666666666666
4,mean,1826,0.022222222222222223
4,mean,1827,0.011111111111111112
4,mean,1828,0.008333333333333333
4,mean,1829,0.016666666666666666
4,mean,1830,0.016666666666666666
4,mean,1831,0.019444444444444445
4,mean,1832,0.011111111111111112
4,mean,1833,0.011111111111111112
4,mean,1834,0.016666666666666666
4,mean,1835,0.013888888888888888
4,mean,1836,0.025
4,mean,1837,0.005555555555555556
4,mean,1838,0.019444444444444445
4,mean,1839,0.019444444444444445
4,mean,1840,0.016666666666666666
4,mean,1841,0.016666666666666666
4,mean,1842,0.027777777777777776
4,mean,1843,0.008333333333333333
4,mean,1844,0.019444444444444445
4,mean,1845,0.011111111111111112
4,mean,1846,0.016666666666666666
4,mean,1847,0.03611111111111111
4,mean,1848,0.016666666666666666
4,mean,1849,0.013888888888888888
4,mean,1850,0.022222222222222223
4,mean,1851,0.013888888888888888
4,mean,1852,0.030555555555555555
4,mean,1853,0.016666666666666666
4,mean,1854,0.002777777777777778
4,mean,1855,0.011111111111111112
4,mean,1856,0.002777777777777778
4,mean,1857,0.022222222222222223
4,mean,1858,0.016666666666666666
4,mean,1859,0.008333333333333333
4,mean,1860,0.019444444444444445
4,mean,1861,0.025
4,mean,1862,0.03888888888888889
4,mean,1863,0.013888888888888888
4,mean,1864,0.019444444444444445
4,mean,1865,0.022222222222222223
4,mean,1866,0.044444444444444446
4,mean,1867,0.013888888888888888
4,mean,1868,0.013888888888888888
4,mean,1869,0.019444444444444445
4,mean,1870,0.002777777777777778
4,mean,1871,0.013888888888888888
4,mean,1872,0.03333333333333333
4,mean,1873,0.027777777777777776
4,mean,1874,0.025
4,mean,1875,0.025
4,mean,1876,0.013888888888888888
4,mean,1877,0.016666666666666666
4,mean,1878,0.016666666666666666
4,mean,1879,0.016666666666666666
4,mean,1880,0.002777777777777778
4,mean,1881,0.013888888888888888
4,mean,1882,0.008333333333333333
4,mean,1883,0.025
4,mean,1884,0.011111111111111112
4,mean,1885,0.013888888888888888
4,mean,1886,0.008333333333333333
4,mean,1887,0.025
4,mean,1888,0.016666666666666666
4,mean,1889,0.025
4,mean,1890,0.011111111111111112
4,mean,1891,0.011111111111111112
4,mean,1892,0.013888888888888888
4,mean,1893,0.022222222222222223
4,mean,1894,0.022222222222222223
4,mean,1895,0.013888888888888888
4,mean,1896,0.016666666666666666
4,mean,1897,0.025
4,mean,1898,0.025
4,mean,1899,0.016666666666666666
4,mean,1900,0.03611111111111111
4,mean,1901,0.016666666666666666
4,mean,1902,0.019444444444444445
4,mean,1903,0.013888888888888888
4,mean,1904,0.019444444444444445
4,mean,1905,0.027777777777777776
4,mean,1906,0.025
4,mean,1907,0.019444444444444445
4,mean,1908,0.013888888888888888
4,mean,1909,0.016666666666666666
4,mean,1910,0.030555555555555555
4,mean,1911,0.011111111111111112
4,mean,1912,0.025
4,mean,1913,0.03888888888888889
4,mean,1914,0.016666666666666666
4,mean,1915,0.019444444444444445
4,mean,1916,0.027777777777777776
4,mean,1917,0.03333333333333333
4,mean,1918,0.013888888888888888
4,mean,1919,0.025
4,mean,1920,0.013888888888888888
4,mean,1921,0.013888888888888888
4,mean,1922,0.027777777777777776
4,mean,1923,0.011111111111111112
4,mean,1924,0.013888888888888888
4,mean,1925,0.013888888888888888
4,mean,1926,0.016666666666666666
4,mean,1927,0.019444444444444445
4,mean,1928,0.016666666666666666
4,mean,1929,0.022222222222222223
4,mean,1930,0.011111111111111112
4,mean,1931,0.016666666666666666
4,mean,1932,0.005555555555555556
4,mean,1933,0.025
4,mean,1934,0.03333333333333333
4,mean,1935,0.022222222222222223
4,mean,1936,0.030555555555555555
4,mean,1937,0.013888888888888888
4,mean,1938,0.016666666666666666
4,mean,1939,0.025
4,mean,1940,0.03333333333333333
4,mean,1941,0.030555555555555555
4,mean,1942,0.002777777777777778
4,mean,1943,0.013888888888888888
4,mean,1944,0.025
4,mean,1945,0.019444444444444445
4,mean,1946,0.008333333333333333
4,mean,1947,0.005555555555555556
4,mean,1948,0.025
4,mean,1949,0.0
4,mean,1950,0.019444444444444445
4,mean,1951,0.011111111111111112
4,mean,1952,0.016666666666666666
4,mean,1953,0.022222222222222223
4,mean,1954,0.011111111111111112
4,mean,1955,0.022222222222222223
4,mean,1956,0.013888888888888888
4,mean,1957,0.025
4,mean,1958,0.019444444444444445
4,mean,1959,0.025
4,mean,1960,0.025
4,mean,1961,0.022222222222222223
4,mean,1962,0.011111111111111112
4,mean,1963,0.019444444444444445
4,mean,1964,0.011111111111111112
4,mean,1965,0.013888888888888888
4,mean,1966,0.019444444444444445
4,mean,1967,0.011111111111111112
4,mean,1968,0.013888888888888888
4,mean,1969,0.008333333333333333
4,mean,1970,0.019444444444444445
4,mean,1971,0.019444444444444445
4,mean,1972,0.011111111111111112
4,mean,1973,0.027777777777777776
4,mean,1974,0.025
4,mean,1975,0.019444444444444445
4,mean,1976,0.025
4,mean,1977,0.016666666666666666
4,mean,1978,0.019444444444444445
4,mean,1979,0.025
4,mean,1980,0.019444444444444445
4,mean,1981,0.011111111111111112
4,mean,1982,0.019444444444444445
4,mean,1983,0.002777777777777778
4,mean,1984,0.016666666666666666
4,mean,1985,0.025
4,mean,1986,0.008333333333333333
4,mean,1987,0.008333333333333333
4,mean,1988,0.016666666666666666
4,mean,1989,0.013888888888888888
4,mean,1990,0.008333333333333333
4,mean,1991,0.022222222222222223
4,mean,1992,0.013888888888888888
4,mean,1993,0.002777777777777778
4,mean,1994,0.03333333333333333
4,mean,1995,0.016666666666666666
4,mean,1996,0.011111111111111112
4,mean,1997,0.030555555555555555
4,mean,1998,0.022222222222222223
4,mean,1999,0.008333333333333333
4,hits,0,8
4,hits,1,5
4,hits,2,1
4,hits,3,7
4,hits,4,8
4,hits,5,3
4,hits,6,9
4,hits,7,8
4,hits,8,2
4,hits,9,10
4,hits,10,6
4,hits,11,9
4,hits,12,8
4,hits,13,3
4,hits,14,4
4,hits,15,11
4,hits,16,1
4,hits,17,1
4,hits,18,2
4,hits,19,6
4,hits,20,10
4,hits,21,0
4,hits,22,3
4,hits,23,4
4,hits,24,8
4,hits,25,10
4,hits,26,5
4,hits,27,10
4,hits,28,11
4,hits,29,12
4,hits,30,5
4,hits,31,7
4,hits,32,2
4,hits,33,13
4,hits,34,7
4,hits,35,4
4,hits,36,4
4,hits,37,11
4,hits,38,8
4,hits,39,10
4,hits,40,8
4,hits,41,5
4,hits,42,7
4,hits,43,3
4,hits,44,7
4,hits,45,4
4,hits,46,6
4,hits,47,13
4,hits,48,7
4,hits,49,9
4,hits,50,4
4,hits,51,7
4,hits,52,11
4,hits,53,3
4,hits,54,10
4,hits,55,9
4,hits,56,8
4,hits,57,5
4,hits,58,4
4,hits,59,6
4,hits,60,5
4,hits,61,13
4,hits,62,7
4,hits,63,5
4,hits,64,8
4,hits,65,7
4,hits,66,0
4,hits,67,6
4,hits,68,6
4,hits,69,8
4,hits,70,7
4,hits,71,6
4,hits,72,14
4,hits,73,1
4,hits,74,5
4,hits,75,9
4,hits,76,9
4,hits,77,6
4,hits,78,4
4,hits,79,2
4,hits,80,3
4,hits,81,9
4,hits,82,6
4,hits,83,7
4,hits,84,6
4,hits,85,6
4,hits,86,12
4,hits,87,5
4,hits,88,15
4,hits,89,5
4,hits,90,3
4,hits,91,4
4,hits,92,7
4,hits,93,5
4,hits,94,4
4,hits,95,8
4,hits,96,10
4,hits,97,2
4,hits,98,15
4,hits,99,8
4,hits,100,6
4,hits,101,4
4,hits,102,5
4,hits,103,2
4,hits,104,6
4,hits,105,16
4,hits,106,12
4,hits,107,8
4,hits,108,6
4,hits,109,6
4,hits,110,8
4,hits,111,4
4,hits,112,7
4,hits,113,6
4,hits,114,2
4,hits,115,6
4,hits,116,5
4,hits,117,9
4,hits,118,9
4,hits,119,6
4,hits,120,6
4,hits,121,5
4,hits,122,3
4,hits,123,5
4,hits,124,11
4,hits,125,7
4,hits,126,8
4,hits,127,3
4,hits,128,3
4,hits,129,4
4,hits,130,5
4,hits,131,7
4,hits,132,4
4,hits,133,7
4,hits,134,5
4,hits,135,8
4,hits,136,9
4,hits,137,2
4,hits,138,6
4,hits,139,5
4,hits,140,6
4,hits,141,11
4,hits,142,11
4,hits,143,1
4,hits,144,8
4,hits,145,8
4,hits,146,4
4,hits,147,10
4,hits,148,5
4,hits,149,13
4,hits,150,7
4,hits,151,4
4,hits,152,2
4,hits,153,10
4,hits,154,6
4,hits,155,5
4,hits,156,8
4,hits,157,7
4,hits,158,7
4,hits,159,3
4,hits,160,8
4,hits,161,7
4,hits,162,8
4,hits,163,14
4,hits,164,7
4,hits,165,5
4,hits,166,7
4,hits,167,5
4,hits,168,3
4,hits,169,7
4,hits,170,6
4,hits,171,6
4,hits,172,4
4,hits,173,4
4,hits,174,6
4,hits,175,4
4,hits,176,5
4,hits,177,2
4,hits,178,9
4,hits,179,1
4,hits,180,12
4,hits,181,9
4,hits,182,8
4,hits,183,7
4,hits,184,11
4,hits,185,15
4,hits,186,9
4,hits,187,6
4,hits,188,2
4,hits,189,7
4,hits,190,2
4,hits,191,6
4,hits,192,10
4,hits,193,5
4,hits,194,7
4,hits,195,9
4,hits,196,5
4,hits,197,3
4,hits,198,2
4,hits,199,2
4,hits,200,9
4,hits,201,4
4,hits,202,4
4,hits,203,11
4,hits,204,8
4,hits,205,1
4,hits,206,12
4,hits,207,10
4,hits,208,2
4,hits,209,5
4,hits,210,5
4,hits,211,4
4,hits,212,13
4,hits,213,5
4,hits,214,7
4,hits,215,7
4,hits,216,6
4,hits,217,7
4,hits,218,11
4,hits,219,17
4,hits,220,12
4,hits,221,10
4,hits,222,8
4,hits,223,6
4,hits,224,3
4,hits,225,6
4,hits,226,2
4,hits,227,11
4,hits,228,3
4,hits,229,7
4,hits,230,5
4,hits,231,9
4,hits,232,3
4,hits,233,3
4,hits,234,5
4,hits,235,3
4,hits,236,7
4,hits,237,10
4,hits,238,1
4,hits,239,7
4,hits,240,6
4,hits,241,3
4,hits,242,6
4,hits,243,11
4,hits,244,5
4,hits,245,9
4,hits,246,4
4,hits,247,5
4,hits,248,9
4,hits,249,3
4,hits,250,7
4,hits,251,7
4,hits,252,8
4,hits,253,8
4,hits,254,12
4,hits,255,6
4,hits,256,3
4,hits,257,5
4,hits,258,3
4,hits,259,11
4,hits,260,8
4,hits,261,5
4,hits,262,5
4,hits,263,16
4,hits,264,9
4,hits,265,5
4,hits,266,3
4,hits,267,2
4,hits,268,9
4,hits,269,4
4,hits,270,10
4,hits,271,8
4,hits,272,5
4,hits,273,14
4,hits,274,5
4,hits,275,3
4,hits,276,6
4,hits,277,5
4,hits,278,7
4,hits,279,5
4,hits,280,10
4,hits,281,5
4,hits,282,12
4,hits,283,9
4,hits,284,13
4,hits,285,3
4,hits,286,14
4,hits,287,4
4,hits,288,13
4,hits,289,9
4,hits,290,11
4,hits,291,4
4,hits,292,6
4,hits,293,4
4,hits,294,8
4,hits,295,6
4,hits,296,5
4,hits,297,7
4,hits,298,7
4,hits,299,3
4,hits,300,4
4,hits,301,7
4,hits,302,2
4,hits,303,3
4,hits,304,10
4,hits,305,5
4,hits,306,9
4,hits,307,4
4,hits,308,9
4,hits,309,4
4,hits,310,11
4,hits,311,6
4,hits,312,7
4,hits,313,2
4,hits,314,2
4,hits,315,8
4,hits,316,6
4,hits,317,5
4,hits,318,11
4,hits,319,9
4,hits,320,7
4,hits,321,7
4,hits,322,10
4,hits,323,5
4,hits,324,9
4,hits,325,2
4,hits,326,10
4,hits,327,8
4,hits,328,10
4,hits,329,7
4,hits,330,7
4,hits,331,8
4,hits,332,6
4,hits,333,6
4,hits,334,12
4,hits,335,6
4,hits,336,5
4,hits,337,7
4,hits,338,4
4,hits,339,3
4,hits,340,2
4,hits,341,7
4,hits,342,6
4,hits,343,4
4,hits,344,8
4,hits,345,4
4,hits,346,4
4,hits,347,4
4,hits,348,4
4,hits,349,5
4,hits,350,8
4,hits,351,2
4,hits,352,7
4,hits,353,5
4,hits,354,8
4,hits,355,1
4,hits,356,4
4,hits,357,9
4,hits,358,5
4,hits,359,10
4,hits,360,10
4,hits,361,12
4,hits,362,2
4,hits,363,8
4,hits,364,2
4,hits,365,14
4,hits,366,6
4,hits,367,12
4,hits,368,9
4,hits,369,8
4,hits,370,5
4,hits,371,7
4,hits,372,7
4,hits,373,7
4,hits,374,4
4,hits,375,7
4,hits,376,6
4,hits,377,5
4,hits,378,3
4,hits,379,3
4,hits,380,5
4,hits,381,6
4,hits,382,4
4,hits,383,6
4,hits,384,3
4,hits,385,3
4,hits,386,10
4,hits,387,1
4,hits,388,4
4,hits,389,2
4,hits,390,4
4,hits,391,5
4,hits,392,4
4,hits,393,8
4,hits,394,5
4,hits,395,7
4,hits,396,4
4,hits,397,2
4,hits,398,3
4,hits,399,4
4,hits,400,13
4,hits,401,11
4,hits,402,5
4,hits,403,5
4,hits,404,2
4,hits,405,8
4,hits,406,6
4,hits,407,9
4,hits,408,9
4,hits,409,12
4,hits,410,10
4,hits,411,10
4,hits,412,4
4,hits,413,7
4,hits,414,9
4,hits,415,8
4,hits,416,2
4,hits,417,5
4,hits,418,10
4,hits,419,7
4,hits,420,1
4,hits,421,7
4,hits,422,6
4,hits,423,7
4,hits,424,13
4,hits,425,4
4,hits,426,4
4,hits,427,11
4,hits,428,6
4,hits,429,3
4,hits,430,4
4,hits,431,8
4,hits,432,7
4,hits,433,2
4,hits,434,4
4,hits,435,10
4,hits,436,12
4,hits,437,8
4,hits,438,7
4,hits,439,5
4,hits,440,8
4,hits,441,11
4,hits,442,4
4,hits,443,4
4,hits,444,6
4,hits,445,10
4,hits,446,7
4,hits,447,0
4,hits,448,11
4,hits,449,7
4,hits,450,5
4,hits,451,6
4,hits,452,11
4,hits,453,6
4,hits,454,11
4,hits,455,4
4,hits,456,2
4,hits,457,10
4,hits,458,4
4,hits,459,10
4,hits,460,10
4,hits,461,6
4,hits,462,2
4,hits,463,7
4,hits,464,8
4,hits,465,7
4,hits,466,6
4,hits,467,2
4,hits,468,2
4,hits,469,9
4,hits,470,1
4,hits,471,6
4,hits,472,3
4,hits,473,6
4,hits,474,7
4,hits,475,4
4,hits,476,5
4,hits,477,8
4,hits,478,3
4,hits,479,2
4,hits,480,10
4,hits,481,16
4,hits,482,6
4,hits,483,6
4,hits,484,8
4,hits,485,6
4,hits,486,7
4,hits,487,11
4,hits,488,5
4,hits,489,5
4,hits,490,7
4,hits,491,4
4,hits,492,9
4,hits,493,8
4,hits,494,8
4,hits,495,11
4,hits,496,5
4,hits,497,8
4,hits,498,2
4,hits,499,8
4,hits,500,4
4,hits,501,8
4,hits,502,5
4,hits,503,2
4,hits,504,7
4,hits,505,5
4,hits,506,9
4,hits,507,10
4,hits,508,6
4,hits,509,5
4,hits,510,3
4,hits,511,8
4,hits,512,6
4,hits,513,6
4,hits,514,4
4,hits,515,3
4,hits,516,15
4,hits,517,5
4,hits,518,3
4,hits,519,1
4,hits,520,7
4,hits,521,8
4,hits,522,4
4,hits,523,3
4,hits,524,5
4,hits,525,8
4,hits,526,4
4,hits,527,8
4,hits,528,3
4,hits,529,3
4,hits,530,8
4,hits,531,2
4,hits,532,4
4,hits,533,8
4,hits,534,6
4,hits,535,4
4,hits,536,4
4,hits,537,6
4,hits,538,6
4,hits,539,6
4,hits,540,6
4,hits,541,8
4,hits,542,2
4,hits,543,7
4,hits,544,10
4,hits,545,7
4,hits,546,7
4,hits,547,6
4,hits,548,5
4,hits,549,10
4,hits,550,6
4,hits,551,8
4,hits,552,4
4,hits,553,5
4,hits,554,7
4,hits,555,8
4,hits,556,10
4,hits,557,6
4,hits,558,4
4,hits,559,9
4,hits,560,2
4,hits,561,4
4,hits,562,5
4,hits,563,5
4,hits,564,6
4,hits,565,8
4,hits,566,9
4,hits,567,2
4,hits,568,6
4,hits,569,8
4,hits,570,11
4,hits,571,9
4,hits,572,12
4,hits,573,8
4,hits,574,4
4,hits,575,8
4,hits,576,4
4,hits,577,3
4,hits,578,5
4,hits,579,5
4,hits,580,4
4,hits,581,11
4,hits,582,5
4,hits,583,7
4,hits,584,12
4,hits,585,4
4,hits,586,4
4,hits,587,3
4,hits,588,5
4,hits,589,5
4,hits,590,3
4,hits,591,10
4,hits,592,3
4,hits,593,5
4,hits,594,12
4,hits,595,13
4,hits,596,4
4,hits,597,8
4,hits,598,4
4,hits,599,4
4,hits,600,3
4,hits,601,5
4,hits,602,2
4,hits,603,5
4,hits,604,4
4,hits,605,4
4,hits,606,17
4,hits,607,2
4,hits,608,7
4,hits,609,6
4,hits,610,4
4,hits,611,7
4,hits,612,13
4,hits,613,7
4,hits,614,4
4,hits,615,8
4,hits,616,7
4,hits,617,6
4,hits,618,7
4,hits,619,10
4,hits,620,8
4,hits,621,6
4,hits,622,2
4,hits,623,9
4,hits,624,5
4,hits,625,11
4,hits,626,2
4,hits,627,6
4,hits,628,2
4,hits,629,7
4,hits,630,5
4,hits,631,10
4,hits,632,8
4,hits,633,3
4,hits,634,12
4,hits,635,10
4,hits,636,7
4,hits,637,6
4,hits,638,0
4,hits,639,2
4,hits,640,5
4,hits,641,3
4,hits,642,1
4,hits,643,12
4,hits,644,8
4,hits,645,6
4,hits,646,4
4,hits,647,6
4,hits,648,7
4,hits,649,5
4,hits,650,8
4,hits,651,13
4,hits,652,7
4,hits,653,4
4,hits,654,3
4,hits,655,2
4,hits,656,6
4,hits,657,5
4,hits,658,4
4,hits,659,8
4,hits,660,10
4,hits,661,0
4,hits,662,15
4,hits,663,7
4,hits,664,8
4,hits,665,4
4,hits,666,5
4,hits,667,3
4,hits,668,2
4,hits,669,7
4,hits,670,7
4,hits,671,2
4,hits,672,11
4,hits,673,11
4,hits,674,8
4,hits,675,2
4,hits,676,8
4,hits,677,7
4,hits,678,5
4,hits,679,5
4,hits,680,4
4,hits,681,1
4,hits,682,3
4,hits,683,7
4,hits,684,3
4,hits,685,8
4,hits,686,11
4,hits,687,4
4,hits,688,1
4,hits,689,1
4,hits,690,9
4,hits,691,9
4,hits,692,8
4,hits,693,6
4,hits,694,6
4,hits,695,4
4,hits,696,6
4,hits,697,4
4,hits,698,13
4,hits,699,9
4,hits,700,7
4,hits,701,6
4,hits,702,12
4,hits,703,5
4,hits,704,7
4,hits,705,10
4,hits,706,8
4,hits,707,10
4,hits,708,9
4,hits,709,13
4,hits,710,8
4,hits,711,9
4,hits,712,11
4,hits,713,9
4,hits,714,4
4,hits,715,7
4,hits,716,9
4,hits,717,3
4,hits,718,7
4,hits,719,10
4,hits,720,6
4,hits,721,8
4,hits,722,7
4,hits,723,4
4,hits,724,4
4,hits,725,4
4,hits,726,7
4,hits,727,2
4,hits,728,2
4,hits,729,9
4,hits,730,7
4,hits,731,9
4,hits,732,5
4,hits,733,15
4,hits,734,9
4,hits,735,5
4,hits,736,1
4,hits,737,7
4,hits,738,5
4,hits,739,5
4,hits,740,5
4,hits,741,4
4,hits,742,13
4,hits,743,4
4,hits,744,4
4,hits,745,7
4,hits,746,4
4,hits,747,6
4,hits,748,9
4,hits,749,6
4,hits,750,7
4,hits,751,4
4,hits,752,7
4,hits,753,8
4,hits,754,1
4,hits,755,9
4,hits,756,10
4,hits,757,5
4,hits,758,4
4,hits,759,9
4,hits,760,4
4,hits,761,2
4,hits,762,6
4,hits,763,3
4,hits,764,9
4,hits,765,4
4,hits,766,3
4,hits,767,4
4,hits,768,7
4,hits,769,7
4,hits,770,7
4,hits,771,1
4,hits,772,3
4,hits,773,1
4,hits,774,5
4,hits,775,6
4,hits,776,1
4,hits,777,9
4,hits,778,14
4,hits,779,4
4,hits,780,2
4,hits,781,6
4,hits,782,17
4,hits,783,4
4,hits,784,1
4,hits,785,10
4,hits,786,8
4,hits,787,3
4,hits,788,7
4,hits,789,2
4,hits,790,6
4,hits,791,3
4,hits,792,8
4,hits,793,10
4,hits,794,6
4,hits,795,11
4,hits,796,4
4,hits,797,4
4,hits,798,9
4,hits,799,7
4,hits,800,5
4,hits,801,14
4,hits,802,8
4,hits,803,9
4,hits,804,3
4,hits,805,6
4,hits,806,6
4,hits,807,13
4,hits,808,4
4,hits,809,4
4,hits,810,5
4,hits,811,8
4,hits,812,2
4,hits,813,7
4,hits,814,3
4,hits,815,12
4,hits,816,8
4,hits,817,2
4,hits,818,12
4,hits,819,10
4,hits,820,1
4,hits,821,4
4,hits,822,9
4,hits,823,8
4,hits,824,8
4,hits,825,8
4,hits,826,2
4,hits,827,7
4,hits,828,2
4,hits,829,6
4,hits,830,8
4,hits,831,7
4,hits,832,7
4,hits,833,6
4,hits,834,4
4,hits,835,9
4,hits,836,3
4,hits,837,16
4,hits,838,6
4,hits,839,4
4,hits,840,5
4,hits,841,3
4,hits,842,7
4,hits,843,2
4,hits,844,8
4,hits,845,3
4,hits,846,5
4,hits,847,4
4,hits,848,4
4,hits,849,3
4,hits,850,11
4,hits,851,1
4,hits,852,5
4,hits,853,5
4,hits,854,10
4,hits,855,15
4,hits,856,4
4,hits,857,9
4,hits,858,6
4,hits,859,4
4,hits,860,8
4,hits,861,4
4,hits,862,11
4,hits,863,4
4,hits,864,6
4,hits,865,8
4,hits,866,9
4,hits,867,4
4,hits,868,11
4,hits,869,8
4,hits,870,9
4,hits,871,8
4,hits,872,10
4,hits,873,10
4,hits,874,5
4,hits,875,11
4,hits,876,11
4,hits,877,8
4,hits,878,10
4,hits,879,10
4,hits,880,2
4,hits,881,5
4,hits,882,10
4,hits,883,6
4,hits,884,8
4,hits,885,5
4,hits,886,3
4,hits,887,8
4,hits,888,7
4,hits,889,14
4,hits,890,8
4,hits,891,5
4,hits,892,4
4,hits,893,5
4,hits,894,2
4,hits,895,5
4,hits,896,3
4,hits,897,6
4,hits,898,6
4,hits,899,8
4,hits,900,8
4,hits,901,5
4,hits,902,6
4,hits,903,7
4,hits,904,10
4,hits,905,4
4,hits,906,4
4,hits,907,4
4,hits,908,7
4,hits,909,10
4,hits,910,10
4,hits,911,9
4,hits,912,5
4,hits,913,9
4,hits,914,2
4,hits,915,2
4,hits,916,10
4,hits,917,3
4,hits,918,9
4,hits,919,6
4,hits,920,8
4,hits,921,9
4,hits,922,3
4,hits,923,7
4,hits,924,7
4,hits,925,12
4,hits,926,9
4,hits,927,8
4,hits,928,4
4,hits,929,4
4,hits,930,8
4,hits,931,8
4,hits,932,4
4,hits,933,5
4,hits,934,10
4,hits,935,14
4,hits,936,8
4,hits,937,9
4,hits,938,6
4,hits,939,2
4,hits,940,5
4,hits,941,2
4,hits,942,6
4,hits,943,9
4,hits,944,8
4,hits,945,5
4,hits,946,7
4,hits,947,11
4,hits,948,12
4,hits,949,1
4,hits,950,13
4,hits,951,5
4,hits,952,9
4,hits,953,6
4,hits,954,7
4,hits,955,5
4,hits,956,3
4,hits,957,10
4,hits,958,7
4,hits,959,2
4,hits,960,8
4,hits,961,4
4,hits,962,5
4,hits,963,7
4,hits,964,7
4,hits,965,8
4,hits,966,4
4,hits,967,7
4,hits,968,5
4,hits,969,8
4,hits,970,3
4,hits,971,3
4,hits,972,10
4,hits,973,4
4,hits,974,7
4,hits,975,4
4,hits,976,7
4,hits,977,4
4,hits,978,10
4,hits,979,10
4,hits,980,6
4,hits,981,3
4,hits,982,7
4,hits,983,8
4,hits,984,4
4,hits,985,8
4,hits,986,9
4,hits,987,4
4,hits,988,6
4,hits,989,5
4,hits,990,3
4,hits,991,7
4,hits,992,3
4,hits,993,3
4,hits,994,5
4,hits,995,8
4,hits,996,6
4,hits,997,1
4,hits,998,6
4,hits,999,4
4,hits,1000,9
4,hits,1001,6
4,hits,1002,7
4,hits,1003,10
4,hits,1004,18
4,hits,1005,7
4,hits,1006,5
4,hits,1007,7
4,hits,1008,7
4,hits,1009,8
4,hits,1010,8
4,hits,1011,4
4,hits,1012,8
4,hits,1013,6
4,hits,1014,5
4,hits,1015,5
4,hits,1016,9
4,hits,1017,7
4,hits,1018,7
4,hits,1019,5
4,hits,1020,5
4,hits,1021,2
4,hits,1022,6
4,hits,1023,6
4,hits,1024,13
4,hits,1025,2
4,hits,1026,3
4,hits,1027,4
4,hits,1028,3
4,hits,1029,8
4,hits,1030,8
4,hits,1031,5
4,hits,1032,7
4,hits,1033,4
4,hits,1034,3
4,hits,1035,5
4,hits,1036,2
4,hits,1037,10
4,hits,1038,6
4,hits,1039,14
4,hits,1040,5
4,hits,1041,8
4,hits,1042,3
4,hits,1043,7
4,hits,1044,6
4,hits,1045,1
4,hits,1046,6
4,hits,1047,1
4,hits,1048,1
4,hits,1049,4
4,hits,1050,8
4,hits,1051,5
4,hits,1052,9
4,hits,1053,6
4,hits,1054,6
4,hits,1055,2
4,hits,1056,8
4,hits,1057,10
4,hits,1058,5
4,hits,1059,8
4,hits,1060,7
4,hits,1061,10
4,hits,1062,6
4,hits,1063,5
4,hits,1064,9
4,hits,1065,6
4,hits,1066,6
4,hits,1067,6
4,hits,1068,7
4,hits,1069,11
4,hits,1070,8
4,hits,1071,9
4,hits,1072,8
4,hits,1073,16
4,hits,1074,8
4,hits,1075,7
4,hits,1076,7
4,hits,1077,5
4,hits,1078,3
4,hits,1079,3
4,hits,1080,4
4,hits,1081,4
4,hits,1082,5
4,hits,1083,9
4,hits,1084,8
4,hits,1085,10
4,hits,1086,3
4,hits,1087,5
4,hits,1088,4
4,hits,1089,5
4,hits,1090,6
4,hits,1091,3
4,hits,1092,3
4,hits,1093,8
4,hits,1094,3
4,hits,1095,8
4,hits,1096,7
4,hits,1097,10
4,hits,1098,7
4,hits,1099,9
4,hits,1100,5
4,hits,1101,9
4,hits,1102,3
4,hits,1103,9
4,hits,1104,5
4,hits,1105,6
4,hits,1106,13
4,hits,1107,1
4,hits,1108,5
4,hits,1109,8
4,hits,1110,1
4,hits,1111,8
4,hits,1112,8
4,hits,1113,12
4,hits,1114,4
4,hits,1115,8
4,hits,1116,10
4,hits,1117,6
4,hits,1118,11
4,hits,1119,7
4,hits,1120,12
4,hits,1121,4
4,hits,1122,4
4,hits,1123,12
4,hits,1124,5
4,hits,1125,5
4,hits,1126,2
4,hits,1127,10
4,hits,1128,10
4,hits,1129,7
4,hits,1130,7
4,hits,1131,3
4,hits,1132,10
4,hits,1133,7
4,hits,1134,6
4,hits,1135,6
4,hits,1136,8
4,hits,1137,6
4,hits,1138,6
4,hits,1139,13
4,hits,1140,3
4,hits,1141,8
4,hits,1142,3
4,hits,1143,4
4,hits,1144,7
4,hits,1145,4
4,hits,1146,7
4,hits,1147,8
4,hits,1148,6
4,hits,1149,6
4,hits,1150,10
4,hits,1151,10
4,hits,1152,4
4,hits,1153,7
4,hits,1154,6
4,hits,1155,5
4,hits,1156,1
4,hits,1157,2
4,hits,1158,6
4,hits,1159,4
4,hits,1160,8
4,hits,1161,18
4,hits,1162,5
4,hits,1163,1
4,hits,1164,8
4,hits,1165,9
4,hits,1166,7
4,hits,1167,8
4,hits,1168,6
4,hits,1169,9
4,hits,1170,13
4,hits,1171,10
4,hits,1172,2
4,hits,1173,7
4,hits,1174,4
4,hits,1175,8
4,hits,1176,5
4,hits,1177,2
4,hits,1178,10
4,hits,1179,3
4,hits,1180,6
4,hits,1181,7
4,hits,1182,4
4,hits,1183,10
4,hits,1184,12
4,hits,1185,9
4,hits,1186,4
4,hits,1187,7
4,hits,1188,7
4,hits,1189,5
4,hits,1190,7
4,hits,1191,4
4,hits,1192,8
4,hits,1193,15
4,hits,1194,3
4,hits,1195,8
4,hits,1196,7
4,hits,1197,8
4,hits,1198,4
4,hits,1199,5
4,hits,1200,7
4,hits,1201,8
4,hits,1202,9
4,hits,1203,3
4,hits,1204,3
4,hits,1205,7
4,hits,1206,7
4,hits,1207,3
4,hits,1208,8
4,hits,1209,6
4,hits,1210,10
4,hits,1211,4
4,hits,1212,7
4,hits,1213,7
4,hits,1214,8
4,hits,1215,5
4,hits,1216,11
4,hits,1217,7
4,hits,1218,12
4,hits,1219,12
4,hits,1220,2
4,hits,1221,7
4,hits,1222,5
4,hits,1223,3
4,hits,1224,8
4,hits,1225,9
4,hits,1226,9
4,hits,1227,8
4,hits,1228,5
4,hits,1229,8
4,hits,1230,5
4,hits,1231,3
4,hits,1232,5
4,hits,1233,9
4,hits,1234,8
4,hits,1235,3
4,hits,1236,6
4,hits,1237,7
4,hits,1238,10
4,hits,1239,8
4,hits,1240,6
4,hits,1241,7
4,hits,1242,8
4,hits,1243,10
4,hits,1244,5
4,hits,1245,3
4,hits,1246,5
4,hits,1247,3
4,hits,1248,6
4,hits,1249,1
4,hits,1250,7
4,hits,1251,9
4,hits,1252,5
4,hits,1253,6
4,hits,1254,6
4,hits,1255,4
4,hits,1256,6
4,hits,1257,9
4,hits,1258,10
4,hits,1259,10
4,hits,1260,3
4,hits,1261,4
4,hits,1262,3
4,hits,1263,4
4,hits,1264,11
4,hits,1265,2
4,hits,1266,8
4,hits,1267,9
4,hits,1268,9
4,hits,1269,4
4,hits,1270,10
4,hits,1271,7
4,hits,1272,8
4,hits,1273,4
4,hits,1274,1
4,hits,1275,7
4,hits,1276,7
4,hits,1277,8
4,hits,1278,6
4,hits,1279,6
4,hits,1280,2
4,hits,1281,4
4,hits,1282,9
4,hits,1283,12
4,hits,1284,7
4,hits,1285,4
4,hits,1286,6
4,hits,1287,2
4,hits,1288,12
4,hits,1289,5
4,hits,1290,6
4,hits,1291,6
4,hits,1292,12
4,hits,1293,2
4,hits,1294,9
4,hits,1295,4
4,hits,1296,4
4,hits,1297,7
4,hits,1298,9
4,hits,1299,6
4,hits,1300,5
4,hits,1301,8
4,hits,1302,5
4,hits,1303,6
4,hits,1304,0
4,hits,1305,3
4,hits,1306,3
4,hits,1307,4
4,hits,1308,2
4,hits,1309,8
4,hits,1310,5
4,hits,1311,6
4,hits,1312,11
4,hits,1313,6
4,hits,1314,14
4,hits,1315,4
4,hits,1316,1
4,hits,1317,5
4,hits,1318,6
4,hits,1319,8
4,hits,1320,5
4,hits,1321,9
4,hits,1322,16
4,hits,1323,5
4,hits,1324,3
4,hits,1325,7
4,hits,1326,10
4,hits,1327,5
4,hits,1328,11
4,hits,1329,6
4,hits,1330,10
4,hits,1331,3
4,hits,1332,5
4,hits,1333,7
4,hits,1334,5
4,hits,1335,3
4,hits,1336,5
4,hits,1337,5
4,hits,1338,10
4,hits,1339,4
4,hits,1340,7
4,hits,1341,5
4,hits,1342,0
4,hits,1343,6
4,hits,1344,14
4,hits,1345,2
4,hits,1346,4
4,hits,1347,6
4,hits,1348,1
4,hits,1349,3
4,hits,1350,16
4,hits,1351,12
4,hits,1352,8
4,hits,1353,5
4,hits,1354,8
4,hits,1355,3
4,hits,1356,7
4,hits,1357,4
4,hits,1358,8
4,hits,1359,9
4,hits,1360,7
4,hits,1361,8
4,hits,1362,6
4,hits,1363,5
4,hits,1364,10
4,hits,1365,4
4,hits,1366,5
4,hits,1367,5
4,hits,1368,4
4,hits,1369,6
4,hits,1370,6
4,hits,1371,6
4,hits,1372,7
4,hits,1373,6
4,hits,1374,5
4,hits,1375,9
4,hits,1376,2
4,hits,1377,9
4,hits,1378,2
4,hits,1379,1
4,hits,1380,6
4,hits,1381,12
4,hits,1382,3
4,hits,1383,8
4,hits,1384,4
4,hits,1385,6
4,hits,1386,7
4,hits,1387,2
4,hits,1388,9
4,hits,1389,5
4,hits,1390,10
4,hits,1391,6
4,hits,1392,4
4,hits,1393,5
4,hits,1394,4
4,hits,1395,5
4,hits,1396,12
4,hits,1397,7
4,hits,1398,6
4,hits,1399,4
4,hits,1400,6
4,hits,1401,6
4,hits,1402,9
4,hits,1403,4
4,hits,1404,5
4,hits,1405,3
4,hits,1406,5
4,hits,1407,6
4,hits,1408,7
4,hits,1409,4
4,hits,1410,6
4,hits,1411,7
4,hits,1412,8
4,hits,1413,3
4,hits,1414,10
4,hits,1415,6
4,hits,1416,3
4,hits,1417,10
4,hits,1418,4
4,hits,1419,9
4,hits,1420,16
4,hits,1421,10
4,hits,1422,7
4,hits,1423,8
4,hits,1424,4
4,hits,1425,7
4,hits,1426,5
4,hits,1427,7
4,hits,1428,5
4,hits,1429,8
4,hits,1430,11
4,hits,1431,4
4,hits,1432,4
4,hits,1433,7
4,hits,1434,6
4,hits,1435,2
4,hits,1436,13
4,hits,1437,7
4,hits,1438,6
4,hits,1439,9
4,hits,1440,4
4,hits,1441,6
4,hits,1442,6
4,hits,1443,4
4,hits,1444,7
4,hits,1445,4
4,hits,1446,14
4,hits,1447,5
4,hits,1448,7
4,hits,1449,5
4,hits,1450,8
4,hits,1451,6
4,hits,1452,2
4,hits,1453,5
4,hits,1454,1
4,hits,1455,8
4,hits,1456,16
4,hits,1457,8
4,hits,1458,12
4,hits,1459,10
4,hits,1460,1
4,hits,1461,8
4,hits,1462,3
4,hits,1463,5
4,hits,1464,6
4,hits,1465,3
4,hits,1466,9
4,hits,1467,6
4,hits,1468,2
4,hits,1469,6
4,hits,1470,5
4,hits,1471,2
4,hits,1472,9
4,hits,1473,0
4,hits,1474,14
4,hits,1475,10
4,hits,1476,7
4,hits,1477,8
4,hits,1478,3
4,hits,1479,2
4,hits,1480,13
4,hits,1481,12
4,hits,1482,14
4,hits,1483,7
4,hits,1484,9
4,hits,1485,4
4,hits,1486,1
4,hits,1487,2
4,hits,1488,6
4,hits,1489,7
4,hits,1490,2
4,hits,1491,7
4,hits,1492,8
4,hits,1493,5
4,hits,1494,3
4,hits,1495,7
4,hits,1496,2
4,hits,1497,2
4,hits,1498,7
4,hits,1499,10
4,hits,1500,4
4,hits,1501,4
4,hits,1502,3
4,hits,1503,6
4,hits,1504,6
4,hits,1505,5
4,hits,1506,3
4,hits,1507,6
4,hits,1508,11
4,hits,1509,2
4,hits,1510,4
4,hits,1511,4
4,hits,1512,6
4,hits,1513,8
4,hits,1514,6
4,hits,1515,4
4,hits,1516,5
4,hits,1517,7
4,hits,1518,7
4,hits,1519,0
4,hits,1520,6
4,hits,1521,3
4,hits,1522,5
4,hits,1523,7
4,hits,1524,3
4,hits,1525,11
4,hits,1526,7
4,hits,1527,1
4,hits,1528,5
4,hits,1529,7
4,hits,1530,7
4,hits,1531,5
4,hits,1532,2
4,hits,1533,9
4,hits,1534,10
4,hits,1535,12
4,hits,1536,5
4,hits,1537,6
4,hits,1538,10
4,hits,1539,9
4,hits,1540,5
4,hits,1541,8
4,hits,1542,4
4,hits,1543,1
4,hits,1544,2
4,hits,1545,1
4,hits,1546,7
4,hits,1547,4
4,hits,1548,12
4,hits,1549,4
4,hits,1550,7
4,hits,1551,5
4,hits,1552,7
4,hits,1553,2
4,hits,1554,8
4,hits,1555,6
4,hits,1556,10
4,hits,1557,4
4,hits,1558,6
4,hits,1559,4
4,hits,1560,6
4,hits,1561,5
4,hits,1562,6
4,hits,1563,6
4,hits,1564,6
4,hits,1565,7
4,hits,1566,9
4,hits,1567,4
4,hits,1568,2
4,hits,1569,4
4,hits,1570,8
4,hits,1571,7
4,hits,1572,6
4,hits,1573,3
4,hits,1574,7
4,hits,1575,8
4,hits,1576,11
4,hits,1577,7
4,hits,1578,2
4,hits,1579,7
4,hits,1580,6
4,hits,1581,9
4,hits,1582,7
4,hits,1583,4
4,hits,1584,5
4,hits,1585,2
4,hits,1586,4
4,hits,1587,1
4,hits,1588,6
4,hits,1589,7
4,hits,1590,4
4,hits,1591,13
4,hits,1592,7
4,hits,1593,5
4,hits,1594,5
4,hits,1595,8
4,hits,1596,3
4,hits,1597,5
4,hits,1598,6
4,hits,1599,6
4,hits,1600,5
4,hits,1601,11
4,hits,1602,7
4,hits,1603,4
4,hits,1604,4
4,hits,1605,2
4,hits,1606,4
4,hits,1607,3
4,hits,1608,8
4,hits,1609,10
4,hits,1610,8
4,hits,1611,6
4,hits,1612,13
4,hits,1613,9
4,hits,1614,6
4,hits,1615,7
4,hits,1616,4
4,hits,1617,5
4,hits,1618,14
4,hits,1619,5
4,hits,1620,7
4,hits,1621,6
4,hits,1622,8
4,hits,1623,3
4,hits,1624,4
4,hits,1625,3
4,hits,1626,10
4,hits,1627,5
4,hits,1628,11
4,hits,1629,5
4,hits,1630,1
4,hits,1631,8
4,hits,1632,5
4,hits,1633,7
4,hits,1634,12
4,hits,1635,7
4,hits,1636,8
4,hits,1637,8
4,hits,1638,5
4,hits,1639,4
4,hits,1640,2
4,hits,1641,9
4,hits,1642,3
4,hits,1643,10
4,hits,1644,4
4,hits,1645,2
4,hits,1646,3
4,hits,1647,5
4,hits,1648,12
4,hits,1649,9
4,hits,1650,6
4,hits,1651,12
4,hits,1652,5
4,hits,1653,4
4,hits,1654,8
4,hits,1655,5
4,hits,1656,9
4,hits,1657,10
4,hits,1658,8
4,hits,1659,5
4,hits,1660,9
4,hits,1661,8
4,hits,1662,5
4,hits,1663,4
4,hits,1664,7
4,hits,1665,7
4,hits,1666,4
4,hits,1667,5
4,hits,1668,9
4,hits,1669,7
4,hits,1670,6
4,hits,1671,4
4,hits,1672,4
4,hits,1673,6
4,hits,1674,8
4,hits,1675,7
4,hits,1676,12
4,hits,1677,6
4,hits,1678,4
4,hits,1679,9
4,hits,1680,4
4,hits,1681,6
4,hits,1682,10
4,hits,1683,7
4,hits,1684,7
4,hits,1685,10
4,hits,1686,5
4,hits,1687,10
4,hits,1688,4
4,hits,1689,6
4,hits,1690,6
4,hits,1691,9
4,hits,1692,11
4,hits,1693,19
4,hits,1694,20
4,hits,1695,2
4,hits,1696,4
4,hits,1697,8
4,hits,1698,1
4,hits,1699,6
4,hits,1700,6
4,hits,1701,8
4,hits,1702,10
4,hits,1703,4
4,hits,1704,9
4,hits,1705,6
4,hits,1706,2
4,hits,1707,3
4,hits,1708,8
4,hits,1709,3
4,hits,1710,7
4,hits,1711,8
4,hits,1712,4
4,hits,1713,6
4,hits,1714,7
4,hits,1715,7
4,hits,1716,8
4,hits,1717,14
4,hits,1718,3
4,hits,1719,9
4,hits,1720,7
4,hits,1721,4
4,hits,1722,3
4,hits,1723,7
4,hits,1724,5
4,hits,1725,6
4,hits,1726,6
4,hits,1727,10
4,hits,1728,6
4,hits,1729,8
4,hits,1730,4
4,hits,1731,2
4,hits,1732,2
4,hits,1733,5
4,hits,1734,8
4,hits,1735,5
4,hits,1736,9
4,hits,1737,3
4,hits,1738,6
4,hits,1739,4
4,hits,1740,9
4,hits,1741,5
4,hits,1742,6
4,hits,1743,12
4,hits,1744,3
4,hits,1745,9
4,hits,1746,5
4,hits,1747,9
4,hits,1748,3
4,hits,1749,5
4,hits,1750,9
4,hits,1751,8
4,hits,1752,9
4,hits,1753,10
4,hits,1754,4
4,hits,1755,16
4,hits,1756,11
4,hits,1757,2
4,hits,1758,5
4,hits,1759,1
4,hits,1760,4
4,hits,1761,3
4,hits,1762,8
4,hits,1763,8
4,hits,1764,5
4,hits,1765,7
4,hits,1766,5
4,hits,1767,13
4,hits,1768,6
4,hits,1769,12
4,hits,1770,11
4,hits,1771,6
4,hits,1772,7
4,hits,1773,4
4,hits,1774,4
4,hits,1775,5
4,hits,1776,13
4,hits,1777,4
4,hits,1778,7
4,hits,1779,9
4,hits,1780,5
4,hits,1781,8
4,hits,1782,3
4,hits,1783,7
4,hits,1784,3
4,hits,1785,10
4,hits,1786,8
4,hits,1787,2
4,hits,1788,3
4,hits,1789,5
4,hits,1790,7
4,hits,1791,6
4,hits,1792,7
4,hits,1793,4
4,hits,1794,5
4,hits,1795,6
4,hits,1796,8
4,hits,1797,11
4,hits,1798,7
4,hits,1799,6
4,hits,1800,5
4,hits,1801,7
4,hits,1802,6
4,hits,1803,10
4,hits,1804,0
4,hits,1805,5
4,hits,1806,4
4,hits,1807,8
4,hits,1808,4
4,hits,1809,6
4,hits,1810,3
4,hits,1811,13
4,hits,1812,7
4,hits,1813,6
4,hits,1814,3
4,hits,1815,3
4,hits,1816,4
4,hits,1817,6
4,hits,1818,6
4,hits,1819,9
4,hits,1820,7
4,hits,1821,6
4,hits,1822,9
4,hits,1823,10
4,hits,1824,11
4,hits,1825,6
4,hits,1826,8
4,hits,1827,4
4,hits,1828,3
4,hits,1829,6
4,hits,1830,6
4,hits,1831,7
4,hits,1832,4
4,hits,1833,4
4,hits,1834,6
4,hits,1835,5
4,hits,1836,9
4,hits,1837,2
4,hits,1838,7
4,hits,1839,7
4,hits,1840,6
4,hits,1841,6
4,hits,1842,10
4,hits,1843,3
4,hits,1844,7
4,hits,1845,4
4,hits,1846,6
4,hits,1847,13
4,hits,1848,6
4,hits,1849,5
4,hits,1850,8
4,hits,1851,5
4,hits,1852,11
4,hits,1853,6
4,hits,1854,1
4,hits,1855,4
4,hits,1856,1
4,hits,1857,8
4,hits,1858,6
4,hits,1859,3
4,hits,1860,7
4,hits,1861,9
4,hits,1862,14
4,hits,1863,5
4,hits,1864,7
4,hits,1865,8
4,hits,1866,16
4,hits,1867,5
4,hits,1868,5
4,hits,1869,7
4,hits,1870,1
4,hits,1871,5
4,hits,1872,12
4,hits,1873,10
4,hits,1874,9
4,hits,1875,9
4,hits,1876,5
4,hits,1877,6
4,hits,1878,6
4,hits,1879,6
4,hits,1880,1
4,hits,1881,5
4,hits,1882,3
4,hits,1883,9
4,hits,1884,4
4,hits,1885,5
4,hits,1886,3
4,hits,1887,9
4,hits,1888,6
4,hits,1889,9
4,hits,1890,4
4,hits,1891,4
4,hits,1892,5
4,hits,1893,8
4,hits,1894,8
4,hits,1895,5
4,hits,1896,6
4,hits,1897,9
4,hits,1898,9
4,hits,1899,6
4,hits,1900,13
4,hits,1901,6
4,hits,1902,7
4,hits,1903,5
4,hits,1904,7
4,hits,1905,10
4,hits,1906,9
4,hits,1907,7
4,hits,1908,5
4,hits,1909,6
4,hits,1910,11
4,hits,1911,4
4,hits,1912,9
4,hits,1913,14
4,hits,1914,6
4,hits,1915,7
4,hits,1916,10
4,hits,1917,12
4,hits,1918,5
4,hits,1919,9
4,hits,1920,5
4,hits,1921,5
4,hits,1922,10
4,hits,1923,4
4,hits,1924,5
4,hits,1925,5
4,hits,1926,6
4,hits,1927,7
4,hits,1928,6
4,hits,1929,8
4,hits,1930,4
4,hits,1931,6
4,hits,1932,2
4,hits,1933,9
4,hits,1934,12
4,hits,1935,8
4,hits,1936,11
4,hits,1937,5
4,hits,1938,6
4,hits,1939,9
4,hits,1940,12
4,hits,1941,11
4,hits,1942,1
4,hits,1943,5
4,hits,1944,9
4,hits,1945,7
4,hits,1946,3
4,hits,1947,2
4,hits,1948,9
4,hits,1949,0
4,hits,1950,7
4,hits,1951,4
4,hits,1952,6
4,hits,1953,8
4,hits,1954,4
4,hits,1955,8
4,hits,1956,5
4,hits,1957,9
4,hits,1958,7
4,hits,1959,9
4,hits,1960,9
4,hits,1961,8
4,hits,1962,4
4,hits,1963,7
4,hits,1964,4
4,hits,1965,5
4,hits,1966,7
4,hits,1967,4
4,hits,1968,5
4,hits,1969,3
4,hits,1970,7
4,hits,1971,7
4,hits,1972,4
4,hits,1973,10
4,hits,1974,9
4,hits,1975,7
4,hits,1976,9
4,hits,1977,6
4,hits,1978,7
4,hits,1979,9
4,hits,1980,7
4,hits,1981,4
4,hits,1982,7
4,hits,1983,1
4,hits,1984,6
4,hits,1985,9
4,hits,1986,3
4,hits,1987,3
4,hits,1988,6
4,hits,1989,5
4,hits,1990,3
4,hits,1991,8
4,hits,1992,5
4,hits,1993,1
4,hits,1994,12
4,hits,1995,6
4,hits,1996,4
4,hits,1997,11
4,hits,1998,8
4,hits,1999,3
5,median,0,0.0
5,median,1,0.0
5,median,2,0.0
5,median,3,0.0
5,median,4,0.0
5,median,5,0.0
5,median,6,0.0
5,median,7,0.0
5,median,8,0.0
5,median,9,0.0
5,median,10,0.0
5,median,11,0.0
5,median,12,0.0
5,median,13,0.0
5,median,14,0.0
5,median,15,0.0
5,median,16,0.0
5,median,17,0.0
5,median,18,0.0
5,median,19,0.0
5,median,20,0.0
5,median,21,0.0
5,median,22,0.0
5,median,23,0.0
5,median,24,0.0
5,median,25,0.0
5,median,26,0.0
5,median,27,0.0
5,median,28,0.0
5,median,29,0.0
5,median,30,0.0
5,median,31,0.0
5,median,32,0.0
5,median,33,0.0
5,median,34,0.0
5,median,35,0.0
5,median,36,0.0
5,median,37,0.0
5,median,38,0.0
5,median,39,0.0
5,median,40,0.0
5,median,41,0.0
5,median,42,0.0
5,median,43,0.0
5,median,44,0.0
5,median,45,0.0
5,median,46,0.0
5,median,47,0.0
5,median,48,0.0
5,median,49,0.0
5,median,50,0.0
5,median,51,0.0
5,median,52,0.0
5,median,53,0.0
5,median,54,0.0
5,median,55,0.0
5,median,56,0.0
5,median,57,0.0
5,median,58,0.0
5,median,59,0.0
5,median,60,0.0
5,median,61,0.0
5,median,62,0.0
5,median,63,0.0
5,median,64,0.0
5,median,65,0.0
5,median,66,0.0
5,median,67,0.0
5,median,68,0.0
5,median,69,0.0
5,median,70,0.0
5,median,71,0.0
5,median,72,0.0
5,median,73,0.0
5,median,74,0.0
5,median,75,0.0
5,median,76,0.0
5,median,77,0.0
5,median,78,0.0
5,median,79,0.0
5,median,80,0.0
5,median,81,0.0
5,median,82,0.0
5,median,83,0.0
5,median,84,0.0
5,median,85,0.0
5,median,86,0.0
5,median,87,0.0
5,median,88,0.0
5,median,89,0.0
5,median,90,0.0
5,median,91,0.0
5,median,92,0.0
5,median,93,0.0
5,median,94,0.0
5,median,95,0.0
5,median,96,0.0
5,median,97,0.0
5,median,98,0.0
5,median,99,0.0
5,median,100,0.0
5,median,101,0.0
5,median,102,0.0
5,median,103,0.0
5,median,104,0.0
5,median,105,0.0
5,median,106,0.0
5,median,107,0.0
5,median,108,0.0
5,median,109,0.0
5,median,110,0.0
5,median,111,0.0
5,median,112,0.0
5,median,113,0.0
5,median,114,0.0
5,median,115,0.0
5,median,116,0.0
5,median,117,0.0
5,median,118,0.0
5,median,119,0.0
5,median,120,0.0
5,median,121,0.0
5,median,122,0.0
5,median,123,0.0
5,median,124,0.0
5,median,125,0.0
5,median,126,0.0
5,median,127,0.0
5,median,128,0.0
5,median,129,0.0
5,median,130,0.0
5,median,131,0.0
5,median,132,0.0
5,median,133,0.0
5,median,134,0.0
5,median,135,0.0
5,median,136,0.0
5,median,137,0.0
5,median,138,0.0
5,median,139,0.0
5,median,140,0.0
5,median,141,0.0
5,median,142,0.0
5,median,143,0.0
5,median,144,0.0
5,median,145,0.0
5,median,146,0.0
5,median,147,0.0
5,median,148,0.0
5,median,149,0.0
5,median,150,0.0
5,median,151,0.0
5,median,152,0.0
5,median,153,0.0
5,median,154,0.0
5,median,155,0.0
5,median,156,0.0
5,median,157,0.0
5,median,158,0.0
5,median,159,0.0
5,median,160,0.0
5,median,161,0.0
5,median,162,0.0
5,median,163,0.0
5,median,164,0.0
5,median,165,0.0
5,median,166,0.0
5,median,167,0.0
5,median,168,0.0
5,median,169,0.0
5,median,170,0.0
5,median,171,0.0
5,median,172,0.0
5,median,173,0.0
5,median,174,0.0
5,median,175,0.0
5,median,176,0.0
5,median,177,0.0
5,median,178,0.0
5,median,179,0.0
5,median,180,0.0
5,median,181,0.0
5,median,182,0.0
5,median,183,0.0
5,median,184,0.0
5,median,185,0.0
5,median,186,0.0
5,median,187,0.0
5,median,188,0.0
5,median,189,0.0
5,median,190,0.0
5,median,191,0.0
5,median,192,0.0
5,median,193,0.0
5,median,194,0.0
5,median,195,0.0
5,median,196,0.0
5,median,197,0.0
5,median,198,0.0
5,median,199,0.0
5,median,200,0.0
5,median,201,0.0
5,median,202,0.0
5,median,203,0.0
5,median,204,0.0
5,median,205,0.0
5,median,206,0.0
5,median,207,0.0
5,median,208,0.0
5,median,209,0.0
5,median,210,0.0
5,median,211,0.0
5,median,212,0.0
5,median,213,0.0
5,median,214,0.0
5,median,215,0.0
5,median,216,0.0
5,median,217,0.0
5,median,218,0.0
5,median,219,0.0
5,median,220,0.0
5,median,221,0.0
5,median,222,0.0
5,median,223,0.0
5,median,224,0.0
5,median,225,0.0
5,median,226,0.0
5,median,227,0.0
5,median,228,0.0
5,median,229,0.0
5,median,230,0.0
5,median,231,0.0
5,median,232,0.0
5,median,233,0.0
5,median,234,0.0
5,median,235,0.0
5,median,236,0.0
5,median,237,0.0
5,median,238,0.0
5,median,239,0.0
5,median,240,0.0
5,median,241,0.0
5,median,242,0.0
5,median,243,0.0
5,median,244,0.0
5,median,245,0.0
5,median,246,0.0
5,median,247,0.0
5,median,248,0.0
5,median,249,0.0
5,median,250,0.0
5,median,251,0.0
5,median,252,0.0
5,median,253,0.0
5,median,254,0.0
5,median,255,0.0
5,median,256,0.0
5,median,257,0.0
5,median,258,0.0
5,median,259,0.0
5,median,260,0.0
5,median,261,0.0
5,median,262,0.0
5,median,263,0.0
5,median,264,0.0
5,median,265,0.0
5,median,266,0.0
5,median,267,0.0
5,median,268,0.0
5,median,269,0.0
5,median,270,0.0
5,median,271,0.0
5,median,272,0.0
5,median,273,0.0
5,median,274,0.0
5,median,275,0.0
5,median,276,0.0
5,median,277,0.0
5,median,278,0.0
5,median,279,0.0
5,median,280,0.0
5,median,281,0.0
5,median,282,0.0
5,median,283,0.0
5,median,284,0.0
5,median,285,0.0
5,median,286,0.0
5,median,287,0.0
5,median,288,0.0
5,median,289,0.0
5,median,290,0.0
5,median,291,0.0
5,median,292,0.0
5,median,293,0.0
5,median,294,0.0
5,median,295,0.0
5,median,296,0.0
5,median,297,0.0
5,median,298,0.0
5,median,299,0.0
5,median,300,0.0
5,median,301,0.0
5,median,302,0.0
5,median,303,0.0
5,median,304,0.0
5,median,305,0.0
5,median,306,0.0
5,median,307,0.0
5,median,308,0.0
5,median,309,0.0
5,median,310,0.0
5,median,311,0.0
5,median,312,0.0
5,median,313,0.0
5,median,314,0.0
5,median,315,0.0
5,median,316,0.0
5,median,317,0.0
5,median,318,0.0
5,median,319,0.0
5,median,320,0.0
5,median,321,0.0
5,median,322,0.0
5,median,323,0.0
5,median,324,0.0
5,median,325,0.0
5,median,326,0.0
5,median,327,0.0
5,median,328,0.0
5,median,329,0.0
5,median,330,0.0
5,median,331,0.0
5,median,332,0.0
5,median,333,0.0
5,median,334,0.0
5,median,335,0.0
5,median,336,0.0
5,median,337,0.0
5,median,338,0.0
5,median,339,0.0
5,median,340,0.0
5,median,341,0.0
5,median,342,0.0
5,median,343,0.0
5,median,344,0.0
5,median,345,0.0
5,median,346,0.0
5,median,347,0.0
5,median,348,0.0
5,median,349,0.0
5,median,350,0.0
5,median,351,0.0
5,median,352,0.0
5,median,353,0.0
5,median,354,0.0
5,median,355,0.0
5,median,356,0.0
5,median,357,0.0
5,median,358,0.0
5,median,359,0.0
5,median,360,0.0
5,median,361,0.0
5,median,362,0.0
5,median,363,0.0
5,median,364,0.0
5,median,365,0.0
5,median,366,0.0
5,median,367,0.0
5,median,368,0.0
5,median,369,0.0
5,median,370,0.0
5,median,371,0.0
5,median,372,0.0
5,median,373,0.0
5,median,374,0.0
5,median,375,0.0
5,median,376,0.0
5,median,377,0.0
5,median,378,0.0
5,median,379,0.0
5,median,380,0.0
5,median,381,0.0
5,median,382,0.0
5,median,383,0.0
5,median,384,0.0
5,median,385,0.0
5,median,386,0.0
5,median,387,0.0
5,median,388,0.0
5,median,389,0.0
5,median,390,0.0
5,median,391,0.0
5,median,392,0.0
5,median,393,0.0
5,median,394,0.0
5,median,395,0.0
5,median,396,0.0
5,median,397,0.0
5,median,398,0.0
5,median,399,0.0
5,median,400,0.0
5,median,401,0.0
5,median,402,0.0
5,median,403,0.0
5,median,404,0.0
5,median,405,0.0
5,median,406,0.0
5,median,407,0.0
5,median,408,0.0
5,median,409,0.0
5,median,410,0.0
5,median,411,0.0
5,median,412,0.0
5,median,413,0.0
5,median,414,0.0
5,median,415,0.0
5,median,416,0.0
5,median,417,0.0
5,median,418,0.0
5,median,419,0.0
5,median,420,0.0
5,median,421,0.0
5,median,422,0.0
5,median,423,0.0
5,median,424,0.0
5,median,425,0.0
5,median,426,0.0
5,median,427,0.0
5,median,428,0.0
5,median,429,0.0
5,median,430,0.0
5,median,431,0.0
5,median,432,0.0
5,median,433,0.0
5,median,434,0.0
5,median,435,0.0
5,median,436,0.0
5,median,437,0.0
5,median,438,0.0
5,median,439,0.0
5,median,440,0.0
5,median,441,0.0
5,median,442,0.0
5,median,443,0.0
5,median,444,0.0
5,median,445,0.0
5,median,446,0.0
5,median,447,0.0
5,median,448,0.0
5,median,449,0.0
5,median,450,0.0
5,median,451,0.0
5,median,452,0.0
5,median,453,0.0
5,median,454,0.0
5,median,455,0.0
5,median,456,0.0
5,median,457,0.0
5,median,458,0.0
5,median,459,0.0
5,median,460,0.0
5,median,461,0.0
5,median,462,0.0
5,median,463,0.0
5,median,464,0.0
5,median,465,0.0
5,median,466,0.0
5,median,467,0.0
5,median,468,0.0
5,median,469,0.0
5,median,470,0.0
5,median,471,0.0
5,median,472,0.0
5,median,473,0.0
5,median,474,0.0
5,median,475,0.0
5,median,476,0.0
5,median,477,0.0
5,median,478,0.0
5,median,479,0.0
5,median,480,0.0
5,median,481,0.0
5,median,482,0.0
5,median,483,0.0
5,median,484,0.0
5,median,485,0.0
5,median,486,0.0
5,median,487,0.0
5,median,488,0.0
5,median,489,0.0
5,median,490,0.0
5,median,491,0.0
5,median,492,0.0
5,median,493,0.0
5,median,494,0.0
5,median,495,0.0
5,median,496,0.0
5,median,497,0.0
5,median,498,0.0
5,median,499,0.0
5,median,500,0.0
5,median,501,0.0
5,median,502,0.0
5,median,503,0.0
5,median,504,0.0
5,median,505,0.0
5,median,506,0.0
5,median,507,0.0
5,median,508,0.0
5,median,509,0.0
5,median,510,0.0
5,median,511,0.0
5,median,512,0.0
5,median,513,0.0
5,median,514,0.0
5,median,515,0.0
5,median,516,0.0
5,median,517,0.0
5,median,518,0.0
5,median,519,0.0
5,median,520,0.0
5,median,521,0.0
5,median,522,0.0
5,median,523,0.0
5,median,524,0.0
5,median,525,0.0
5,median,526,0.0
5,median,527,0.0
5,median,528,0.0
5,median,529,0.0
5,median,530,0.0
5,median,531,0.0
5,median,532,0.0
5,median,533,0.0
5,median,534,0.0
5,median,535,0.0
5,median,536,0.0
5,median,537,0.0
5,median,538,0.0
5,median,539,0.0
5,median,540,0.0
5,median,541,0.0
5,median,542,0.0
5,median,543,0.0
5,median,544,0.0
5,median,545,0.0
5,median,546,0.0
5,median,547,0.0
5,median,548,0.0
5,median,549,0.0
5,median,550,0.0
5,median,551,0.0
5,median,552,0.0
5,median,553,0.0
5,median,554,0.0
5,median,555,0.0
5,median,556,0.0
5,median,557,0.0
5,median,558,0.0
5,median,559,0.0
5,median,560,0.0
5,median,561,0.0
5,median,562,0.0
5,median,563,0.0
5,median,564,0.0
5,median,565,0.0
5,median,566,0.0
5,median,567,0.0
5,median,568,0.0
5,median,569,0.0
5,median,570,0.0
5,median,571,0.0
5,median,572,0.0
5,median,573,0.0
5,median,574,0.0
5,median,575,0.0
5,median,576,0.0
5,median,577,0.0
5,median,578,0.0
5,median,579,0.0
5,median,580,0.0
5,median,581,0.0
5,median,582,0.0
5,median,583,0.0
5,median,584,0.0
5,median,585,0.0
5,median,586,0.0
5,median,587,0.0
5,median,588,0.0
5,median,589,0.0
5,median,590,0.0
5,median,591,0.0
5,median,592,0.0
5,median,593,0.0
5,median,594,0.0
5,median,595,0.0
5,median,596,0.0
5,median,597,0.0
5,median,598,0.0
5,median,599,0.0
5,median,600,0.0
5,median,601,0.0
5,median,602,0.0
5,median,603,0.0
5,median,604,0.0
5,median,605,0.0
5,median,606,0.0
5,median,607,0.0
5,median,608,0.0
5,median,609,0.0
5,median,610,0.0
5,median,611,0.0
5,median,612,0.0
5,median,613,0.0
5,median,614,0.0
5,median,615,0.0
5,median,616,0.0
5,median,617,0.0
5,median,618,0.0
5,median,619,0.0
5,median,620,0.0
5,median,621,0.0
5,median,622,0.0
5,median,623,0.0
5,median,624,0.0
5,median,625,0.0
5,median,626,0.0
5,median,627,0.0
5,median,628,0.0
5,median,629,0.0
5,median,630,0.0
5,median,631,0.0
5,median,632,0.0
5,median,633,0.0
5,median,634,0.0
5,median,635,0.0
5,median,636,0.0
5,median,637,0.0
5,median,638,0.0
5,median,639,0.0
5,median,640,0.0
5,median,641,0.0
5,median,642,0.0
5,median,643,0.0
5,median,644,0.0
5,median,645,0.0
5,median,646,0.0
5,median,647,0.0
5,median,648,0.0
5,median,649,0.0
5,median,650,0.0
5,median,651,0.0
5,median,652,0.0
5,median,653,0.0
5,median,654,0.0
5,median,655,0.0
5,median,656,0.0
5,median,657,0.0
5,median,658,0.0
5,median,659,0.0
5,median,660,0.0
5,median,661,0.0
5,median,662,0.0
5,median,663,0.0
5,median,664,0.0
5,median,665,0.0
5,median,666,0.0
5,median,667,0.0
5,median,668,0.0
5,median,669,0.0
5,median,670,0.0
5,median,671,0.0
5,median,672,0.0
5,median,673,0.0
5,median,674,0.0
5,median,675,0.0
5,median,676,0.0
5,median,677,0.0
5,median,678,0.0
5,median,679,0.0
5,median,680,0.0
5,median,681,0.0
5,median,682,0.0
5,median,683,0.0
5,median,684,0.0
5,median,685,0.0
5,median,686,0.0
5,median,687,0.0
5,median,688,0.0
5,median,689,0.0
5,median,690,0.0
5,median,691,0.0
5,median,692,0.0
5,median,693,0.0
5,median,694,0.0
5,median,695,0.0
5,median,696,0.0
5,median,697,0.0
5,median,698,0.0
5,median,699,0.0
5,median,700,0.0
5,median,701,0.0
5,median,702,0.0
5,median,703,0.0
5,median,704,0.0
5,median,705,0.0
5,median,706,0.0
5,median,707,0.0
5,median,708,0.0
5,median,709,0.0
5,median,710,0.0
5,median,711,0.0
5,median,712,0.0
5,median,713,0.0
5,median,714,0.0
5,median,715,0.0
5,median,716,0.0
5,median,717,0.0
5,median,718,0.0
5,median,719,0.0
5,median,720,0.0
5,median,721,0.0
5,median,722,0.0
5,median,723,0.0
5,median,724,0.0
5,median,725,0.0
5,median,726,0.0
5,median,727,0.0
5,median,728,0.0
5,median,729,0.0
5,median,730,0.0
5,median,731,0.0
5,median,732,0.0
5,median,733,0.0
5,median,734,0.0
5,median,735,0.0
5,median,736,0.0
5,median,737,0.0
5,median,738,0.0
5,median,739,0.0
5,median,740,0.0
5,median,741,0.0
5,median,742,0.0
5,median,743,0.0
5,median,744,0.0
5,median,745,0.0
5,median,746,0.0
5,median,747,0.0
5,median,748,0.0
5,median,749,0.0
5,median,750,0.0
5,median,751,0.0
5,median,752,0.0
5,median,753,0.0
5,median,754,0.0
5,median,755,0.0
5,median,756,0.0
5,median,757,0.0
5,median,758,0.0
5,median,759,0.0
5,median,760,0.0
5,median,761,0.0
5,median,762,0.0
5,median,763,0.0
5,median,764,0.0
5,median,765,0.0
5,median,766,0.0
5,median,767,0.0
5,median,768,0.0
5,median,769,0.0
5,median,770,0.0
5,median,771,0.0
5,median,772,0.0
5,median,773,0.0
5,median,774,0.0
5,median,775,0.0
5,median,776,0.0
5,median,777,0.0
5,median,778,0.0
5,median,779,0.0
5,median,780,0.0
5,median,781,0.0
5,median,782,0.0
5,median,783,0.0
5,median,784,0.0
5,median,785,0.0
5,median,786,0.0
5,median,787,0.0
5,median,788,0.0
5,median,789,0.0
5,median,790,0.0
5,median,791,0.0
5,median,792,0.0
5,median,793,0.0
5,median,794,0.0
5,median,795,0.0
5,median,796,0.0
5,median,797,0.0
5,median,798,0.0
5,median,799,0.0
5,median,800,0.0
5,median,801,0.0
5,median,802,0.0
5,median,803,0.0
5,median,804,0.0
5,median,805,0.0
5,median,806,0.0
5,median,807,0.0
5,median,808,0.0
5,median,809,0.0
5,median,810,0.0
5,median,811,0.0
5,median,812,0.0
5,median,813,0.0
5,median,814,0.0
5,median,815,0.0
5,median,816,0.0
5,median,817,0.0
5,median,818,0.0
5,median,819,0.0
5,median,820,0.0
5,median,821,0.0
5,median,822,0.0
5,median,823,0.0
5,median,824,0.0
5,median,825,0.0
5,median,826,0.0
5,median,827,0.0
5,median,828,0.0
5,median,829,0.0
5,median,830,0.0
5,median,831,0.0
5,median,832,0.0
5,median,833,0.0
5,median,834,0.0
5,median,835,0.0
5,median,836,0.0
5,median,837,0.0
5,median,838,0.0
5,median,839,0.0
5,median,840,0.0
5,median,841,0.0
5,median,842,0.0
5,median,843,0.0
5,median,844,0.0
5,median,845,0.0
5,median,846,0.0
5,median,847,0.0
5,median,848,0.0
5,median,849,0.0
5,median,850,0.0
5,median,851,0.0
5,median,852,0.0
5,median,853,0.0
5,median,854,0.0
5,median,855,0.0
5,median,856,0.0
5,median,857,0.0
5,median,858,0.0
5,median,859,0.0
5,median,860,0.0
5,median,861,0.0
5,median,862,0.0
5,median,863,0.0
5,median,864,0.0
5,median,865,0.0
5,median,866,0.0
5,median,867,0.0
5,median,868,0.0
5,median,869,0.0
5,median,870,0.0
5,median,871,0.0
5,median,872,0.0
5,median,873,0.0
5,median,874,0.0
5,median,875,0.0
5,median,876,0.0
5,median,877,0.0
5,median,878,0.0
5,median,879,0.0
5,median,880,0.0
5,median,881,0.0
5,median,882,0.0
5,median,883,0.0
5,median,884,0.0
5,median,885,0.0
5,median,886,0.0
5,median,887,0.0
5,median,888,0.0
5,median,889,0.0
5,median,890,0.0
5,median,891,0.0
5,median,892,0.0
5,median,893,0.0
5,median,894,0.0
5,median,895,0.0
5,median,896,0.0
5,median,897,0.0
5,median,898,0.0
5,median,899,0.0
5,median,900,0.0
5,median,901,0.0
5,median,902,0.0
5,median,903,0.0
5,median,904,0.0
5,median,905,0.0
5,median,906,0.0
5,median,907,0.0
5,median,908,0.0
5,median,909,0.0
5,median,910,0.0
5,median,911,0.0
5,median,912,0.0
5,median,913,0.0
5,median,914,0.0
5,median,915,0.0
5,median,916,0.0
5,median,917,0.0
5,median,918,0.0
5,median,919,0.0
5,median,920,0.0
5,median,921,0.0
5,median,922,0.0
5,median,923,0.0
5,median,924,0.0
5,median,925,0.0
5,median,926,0.0
5,median,927,0.0
5,median,928,0.0
5,median,929,0.0
5,median,930,0.0
5,median,931,0.0
5,median,932,0.0
5,median,933,0.0
5,median,934,0.0
5,median,935,0.0
5,median,936,0.0
5,median,937,0.0
5,median,938,0.0
5,median,939,0.0
5,median,940,0.0
5,median,941,0.0
5,median,942,0.0
5,median,943,0.0
5,median,944,0.0
5,median,945,0.0
5,median,946,0.0
5,median,947,0.0
5,median,948,0.0
5,median,949,0.0
5,median,950,0.0
5,median,951,0.0
5,median,952,0.0
5,median,953,0.0
5,median,954,0.0
5,median,955,0.0
5,median,956,0.0
5,median,957,0.0
5,median,958,0.0
5,median,959,0.0
5,median,960,0.0
5,median,961,0.0
5,median,962,0.0
5,median,963,0.0
5,median,964,0.0
5,median,965,0.0
5,median,966,0.0
5,median,967,0.0
5,median,968,0.0
5,median,969,0.0
5,median,970,0.0
5,median,971,0.0
5,median,972,0.0
5,median,973,0.0
5,median,974,0.0
5,median,975,0.0
5,median,976,0.0
5,median,977,0.0
5,median,978,0.0
5,median,979,0.0
5,median,980,0.0
5,median,981,0.0
5,median,982,0.0
5,median,983,0.0
5,median,984,0.0
5,median,985,0.0
5,median,986,0.0
5,median,987,0.0
5,median,988,0.0
5,median,989,0.0
5,median,990,0.0
5,median,991,0.0
5,median,992,0.0
5,median,993,0.0
5,median,994,0.0
5,median,995,0.0
5,median,996,0.0
5,median,997,0.0
5,median,998,0.0
5,median,999,0.0
5,median,1000,0.0
5,median,1001,0.0
5,median,1002,0.0
5,median,1003,0.0
5,median,1004,0.0
5,median,1005,0.0
5,median,1006,0.0
5,median,1007,0.0
5,median,1008,0.0
5,median,1009,0.0
5,median,1010,0.0
5,median,1011,0.0
5,median,1012,0.0
5,median,1013,0.0
5,median,1014,0.0
5,median,1015,0.0
5,median,1016,0.0
5,median,1017,0.0
5,median,1018,0.0
5,median,1019,0.0
5,median,1020,0.0
5,median,1021,0.0
5,median,1022,0.0
5,median,1023,0.0
5,median,1024,0.0
5,median,1025,0.0
5,median,1026,0.0
5,median,1027,0.0
5,median,1028,0.0
5,median,1029,0.0
5,median,1030,0.0
5,median,1031,0.0
5,median,1032,0.0
5,median,1033,0.0
5,median,1034,0.0
5,median,1035,0.0
5,median,1036,0.0
5,median,1037,0.0
5,median,1038,0.0
5,median,1039,0.0
5,median,1040,0.0
5,median,1041,0.0
5,median,1042,0.0
5,median,1043,0.0
5,median,1044,0.0
5,median,1045,0.0
5,median,1046,0.0
5,median,1047,0.0
5,median,1048,0.0
5,median,1049,0.0
5,median,1050,0.0
5,median,1051,0.0
5,median,1052,0.0
5,median,1053,0.0
5,median,1054,0.0
5,median,1055,0.0
5,median,1056,0.0
5,median,1057,0.0
5,median,1058,0.0
5,median,1059,0.0
5,median,1060,0.0
5,median,1061,0.0
5,median,1062,0.0
5,median,1063,0.0
5,median,1064,0.0
5,median,1065,0.0
5,median,1066,0.0
5,median,1067,0.0
5,median,1068,0.0
5,median,1069,0.0
5,median,1070,0.0
5,median,1071,0.0
5,median,1072,0.0
5,median,1073,0.0
5,median,1074,0.0
5,median,1075,0.0
5,median,1076,0.0
5,median,1077,0.0
5,median,1078,0.0
5,median,1079,0.0
5,median,1080,0.0
5,median,1081,0.0
5,median,1082,0.0
5,median,1083,0.0
5,median,1084,0.0
5,median,1085,0.0
5,median,1086,0.0
5,median,1087,0.0
5,median,1088,0.0
5,median,1089,0.0
5,median,1090,0.0
5,median,1091,0.0
5,median,1092,0.0
5,median,1093,0.0
5,median,1094,0.0
5,median,1095,0.0
5,median,1096,0.0
5,median,1097,0.0
5,median,1098,0.0
5,median,1099,0.0
5,median,1100,0.0
5,median,1101,0.0
5,median,1102,0.0
5,median,1103,0.0
5,median,1104,0.0
5,median,1105,0.0
5,median,1106,0.0
5,median,1107,0.0
5,median,1108,0.0
5,median,1109,0.0
5,median,1110,0.0
5,median,1111,0.0
5,median,1112,0.0
5,median,1113,0.0
5,median,1114,0.0
5,median,1115,0.0
5,median,1116,0.0
5,median,1117,0.0
5,median,1118,0.0
5,median,1119,0.0
5,median,1120,0.0
5,median,1121,0.0
5,median,1122,0.0
5,median,1123,0.0
5,median,1124,0.0
5,median,1125,0.0
5,median,1126,0.0
5,median,1127,0.0
5,median,1128,0.0
5,median,1129,0.0
5,median,1130,0.0
5,median,1131,0.0
5,median,1132,0.0
5,median,1133,0.0
5,median,1134,0.0
5,median,1135,0.0
5,median,1136,0.0
5,median,1137,0.0
5,median,1138,0.0
5,median,1139,0.0
5,median,1140,0.0
5,median,1141,0.0
5,median,1142,0.0
5,median,1143,0.0
5,median,1144,0.0
5,median,1145,0.0
5,median,1146,0.0
5,median,1147,0.0
5,median,1148,0.0
5,median,1149,0.0
5,median,1150,0.0
5,median,1151,0.0
5,median,1152,0.0
5,median,1153,0.0
5,median,1154,0.0
5,median,1155,0.0
5,median,1156,0.0
5,median,1157,0.0
5,median,1158,0.0
5,median,1159,0.0
5,median,1160,0.0
5,median,1161,0.0
5,median,1162,0.0
5,median,1163,0.0
5,median,1164,0.0
5,median,1165,0.0
5,median,1166,0.0
5,median,1167,0.0
5,median,1168,0.0
5,median,1169,0.0
5,median,1170,0.0
5,median,1171,0.0
5,median,1172,0.0
5,median,1173,0.0
5,median,1174,0.0
5,median,1175,0.0
5,median,1176,0.0
5,median,1177,0.0
5,median,1178,0.0
5,median,1179,0.0
5,median,1180,0.0
5,median,1181,0.0
5,median,1182,0.0
5,median,1183,0.0
5,median,1184,0.0
5,median,1185,0.0
5,median,1186,0.0
5,median,1187,0.0
5,median,1188,0.0
5,median,1189,0.0
5,median,1190,0.0
5,median,1191,0.0
5,median,1192,0.0
5,median,1193,0.0
5,median,1194,0.0
5,median,1195,0.0
5,median,1196,0.0
5,median,1197,0.0
5,median,1198,0.0
5,median,1199,0.0
5,median,1200,0.0
5,median,1201,0.0
5,median,1202,0.0
5,median,1203,0.0
5,median,1204,0.0
5,median,1205,0.0
5,median,1206,0.0
5,median,1207,0.0
5,median,1208,0.0
5,median,1209,0.0
5,median,1210,0.0
5,median,1211,0.0
5,median,1212,0.0
5,median,1213,0.0
5,median,1214,0.0
5,median,1215,0.0
5,median,1216,0.0
5,median,1217,0.0
5,median,1218,0.0
5,median,1219,0.0
5,median,1220,0.0
5,median,1221,0.0
5,median,1222,0.0
5,median,1223,0.0
5,median,1224,0.0
5,median,1225,0.0
5,median,1226,0.0
5,median,1227,0.0
5,median,1228,0.0
5,median,1229,0.0
5,median,1230,0.0
5,median,1231,0.0
5,median,1232,0.0
5,median,1233,0.0
5,median,1234,0.0
5,median,1235,0.0
5,median,1236,0.0
5,median,1237,0.0
5,median,1238,0.0
5,median,1239,0.0
5,median,1240,0.0
5,median,1241,0.0
5,median,1242,0.0
5,median,1243,0.0
5,median,1244,0.0
5,median,1245,0.0
5,median,1246,0.0
5,median,1247,0.0
5,median,1248,0.0
5,median,1249,0.0
5,median,1250,0.0
5,median,1251,0.0
5,median,1252,0.0
5,median,1253,0.0
5,median,1254,0.0
5,median,1255,0.0
5,median,1256,0.0
5,median,1257,0.0
5,median,1258,0.0
5,median,1259,0.0
5,median,1260,0.0
5,median,1261,0.0
5,median,1262,0.0
5,median,1263,0.0
5,median,1264,0.0
5,median,1265,0.0
5,median,1266,0.0
5,median,1267,0.0
5,median,1268,0.0
5,median,1269,0.0
5,median,1270,0.0
5,median,1271,0.0
5,median,1272,0.0
5,median,1273,0.0
5,median,1274,0.0
5,median,1275,0.0
5,median,1276,0.0
5,median,1277,0.0
5,median,1278,0.0
5,median,1279,0.0
5,median,1280,0.0
5,median,1281,0.0
5,median,1282,0.0
5,median,1283,0.0
5,median,1284,0.0
5,median,1285,0.0
5,median,1286,0.0
5,median,1287,0.0
5,median,1288,0.0
5,median,1289,0.0
5,median,1290,0.0
5,median,1291,0.0
5,median,1292,0.0
5,median,1293,0.0
5,median,1294,0.0
5,median,1295,0.0
5,median,1296,0.0
5,median,1297,0.0
5,median,1298,0.0
5,median,1299,0.0
5,median,1300,0.0
5,median,1301,0.0
5,median,1302,0.0
5,median,1303,0.0
5,median,1304,0.0
5,median,1305,0.0
5,median,1306,0.0
5,median,1307,0.0
5,median,1308,0.0
5,median,1309,0.0
5,median,1310,0.0
5,median,1311,0.0
5,median,1312,0.0
5,median,1313,0.0
5,median,1314,0.0
5,median,1315,0.0
5,median,1316,0.0
5,median,1317,0.0
5,median,1318,0.0
5,median,1319,0.0
5,median,1320,0.0
5,median,1321,0.0
5,median,1322,0.0
5,median,1323,0.0
5,median,1324,0.0
5,median,1325,0.0
5,median,1326,0.0
5,median,1327,0.0
5,median,1328,0.0
5,median,1329,0.0
5,median,1330,0.0
5,median,1331,0.0
5,median,1332,0.0
5,median,1333,0.0
5,median,1334,0.0
5,median,1335,0.0
5,median,1336,0.0
5,median,1337,0.0
5,median,1338,0.0
5,median,1339,0.0
5,median,1340,0.0
5,median,1341,0.0
5,median,1342,0.0
5,median,1343,0.0
5,median,1344,0.0
5,median,1345,0.0
5,median,1346,0.0
5,median,1347,0.0
5,median,1348,0.0
5,median,1349,0.0
5,median,1350,0.0
5,median,1351,0.0
5,median,1352,0.0
5,median,1353,0.0
5,median,1354,0.0
5,median,1355,0.0
5,median,1356,0.0
5,median,1357,0.0
5,median,1358,0.0
5,median,1359,0.0
5,median,1360,0.0
5,median,1361,0.0
5,median,1362,0.0
5,median,1363,0.0
5,median,1364,0.0
5,median,1365,0.0
5,median,1366,0.0
5,median,1367,0.0
5,median,1368,0.0
5,median,1369,0.0
5,median,1370,0.0
5,median,1371,0.0
5,median,1372,0.0
5,median,1373,0.0
5,median,1374,0.0
5,median,1375,0.0
5,median,1376,0.0
5,median,1377,0.0
5,median,1378,0.0
5,median,1379,0.0
5,median,1380,0.0
5,median,1381,0.0
5,median,1382,0.0
5,median,1383,0.0
5,median,1384,0.0
5,median,1385,0.0
5,median,1386,0.0
5,median,1387,0.0
5,median,1388,0.0
5,median,1389,0.0
5,median,1390,0.0
5,median,1391,0.0
5,median,1392,0.0
5,median,1393,0.0
5,median,1394,0.0
5,median,1395,0.0
5,median,1396,0.0
5,median,1397,0.0
5,median,1398,0.0
5,median,1399,0.0
5,median,1400,0.0
5,median,1401,0.0
5,median,1402,0.0
5,median,1403,0.0
5,median,1404,0.0
5,median,1405,0.0
5,median,1406,0.0
5,median,1407,0.0
5,median,1408,0.0
5,median,1409,0.0
5,median,1410,0.0
5,median,1411,0.0
5,median,1412,0.0
5,median,1413,0.0
5,median,1414,0.0
5,median,1415,0.0
5,median,1416,0.0
5,median,1417,0.0
5,median,1418,0.0
5,median,1419,0.0
5,median,1420,0.0
5,median,1421,0.0
5,median,1422,0.0
5,median,1423,0.0
5,median,1424,0.0
5,median,1425,0.0
5,median,1426,0.0
5,median,1427,0.0
5,median,1428,0.0
5,median,1429,0.0
5,median,1430,0.0
5,median,1431,0.0
5,median,1432,0.0
5,median,1433,0.0
5,median,1434,0.0
5,median,1435,0.0
5,median,1436,0.0
5,median,1437,0.0
5,median,1438,0.0
5,median,1439,0.0
5,median,1440,0.0
5,median,1441,0.0
5,median,1442,0.0
5,median,1443,0.0
5,median,1444,0.0
5,median,1445,0.0
5,median,1446,0.0
5,median,1447,0.0
5,median,1448,0.0
5,median,1449,0.0
5,median,1450,0.0
5,median,1451,0.0
5,median,1452,0.0
5,median,1453,0.0
5,median,1454,0.0
5,median,1455,0.0
5,median,1456,0.0
5,median,1457,0.0
5,median,1458,0.0
5,median,1459,0.0
5,median,1460,0.0
5,median,1461,0.0
5,median,1462,0.0
5,median,1463,0.0
5,median,1464,0.0
5,median,1465,0.0
5,median,1466,0.0
5,median,1467,0.0
5,median,1468,0.0
5,median,1469,0.0
5,median,1470,0.0
5,median,1471,0.0
5,median,1472,0.0
5,median,1473,0.0
5,median,1474,0.0
5,median,1475,0.0
5,median,1476,0.0
5,median,1477,0.0
5,median,1478,0.0
5,median,1479,0.0
5,median,1480,0.0
5,median,1481,0.0
5,median,1482,0.0
5,median,1483,0.0
5,median,1484,0.0
5,median,1485,0.0
5,median,1486,0.0
5,median,1487,0.0
5,median,1488,0.0
5,median,1489,0.0
5,median,1490,0.0
5,median,1491,0.0
5,median,1492,0.0
5,median,1493,0.0
5,median,1494,0.0
5,median,1495,0.0
5,median,1496,0.0
5,median,1497,0.0
5,median,1498,0.0
5,median,1499,0.0
5,median,1500,0.0
5,median,1501,0.0
5,median,1502,0.0
5,median,1503,0.0
5,median,1504,0.0
5,median,1505,0.0
5,median,1506,0.0
5,median,1507,0.0
5,median,1508,0.0
5,median,1509,0.0
5,median,1510,0.0
5,median,1511,0.0
5,median,1512,0.0
5,median,1513,0.0
5,median,1514,0.0
5,median,1515,0.0
5,median,1516,0.0
5,median,1517,0.0
5,median,1518,0.0
5,median,1519,0.0
5,median,1520,0.0
5,median,1521,0.0
5,median,1522,0.0
5,median,1523,0.0
5,median,1524,0.0
5,median,1525,0.0
5,median,1526,0.0
5,median,1527,0.0
5,median,1528,0.0
5,median,1529,0.0
5,median,1530,0.0
5,median,1531,0.0
5,median,1532,0.0
5,median,1533,0.0
5,median,1534,0.0
5,median,1535,0.0
5,median,1536,0.0
5,median,1537,0.0
5,median,1538,0.0
5,median,1539,0.0
5,median,1540,0.0
5,median,1541,0.0
5,median,1542,0.0
5,median,1543,0.0
5,median,1544,0.0
5,median,1545,0.0
5,median,1546,0.0
5,median,1547,0.0
5,median,1548,0.0
5,median,1549,0.0
5,median,1550,0.0
5,median,1551,0.0
5,median,1552,0.0
5,median,1553,0.0
5,median,1554,0.0
5,median,1555,0.0
5,median,1556,0.0
5,median,1557,0.0
5,median,1558,0.0
5,median,1559,0.0
5,median,1560,0.0
5,median,1561,0.0
5,median,1562,0.0
5,median,1563,0.0
5,median,1564,0.0
5,median,1565,0.0
5,median,1566,0.0
5,median,1567,0.0
5,median,1568,0.0
5,median,1569,0.0
5,median,1570,0.0
5,median,1571,0.0
5,median,1572,0.0
5,median,1573,0.0
5,median,1574,0.0
5,median,1575,0.0
5,median,1576,0.0
5,median,1577,0.0
5,median,1578,0.0
5,median,1579,0.0
5,median,1580,0.0
5,median,1581,0.0
5,median,1582,0.0
5,median,1583,0.0
5,median,1584,0.0
5,median,1585,0.0
5,median,1586,0.0
5,median,1587,0.0
5,median,1588,0.0
5,median,1589,0.0
5,median,1590,0.0
5,median,1591,0.0
5,median,1592,0.0
5,median,1593,0.0
5,median,1594,0.0
5,median,1595,0.0
5,median,1596,0.0
5,median,1597,0.0
5,median,1598,0.0
5,median,1599,0.0
5,median,1600,0.0
5,median,1601,0.0
5,median,1602,0.0
5,median,1603,0.0
5,median,1604,0.0
5,median,1605,0.0
5,median,1606,0.0
5,median,1607,0.0
5,median,1608,0.0
5,median,1609,0.0
5,median,1610,0.0
5,median,1611,0.0
5,median,1612,0.0
5,median,1613,0.0
5,median,1614,0.0
5,median,1615,0.0
5,median,1616,0.0
5,median,1617,0.0
5,median,1618,0.0
5,median,1619,0.0
5,median,1620,0.0
5,median,1621,0.0
5,median,1622,0.0
5,median,1623,0.0
5,median,1624,0.0
5,median,1625,0.0
5,median,1626,0.0
5,median,1627,0.0
5,median,1628,0.0
5,median,1629,0.0
5,median,1630,0.0
5,median,1631,0.0
5,median,1632,0.0
5,median,1633,0.0
5,median,1634,0.0
5,median,1635,0.0
5,median,1636,0.0
5,median,1637,0.0
5,median,1638,0.0
5,median,1639,0.0
5,median,1640,0.0
5,median,1641,0.0
5,median,1642,0.0
5,median,1643,0.0
5,median,1644,0.0
5,median,1645,0.0
5,median,1646,0.0
5,median,1647,0.0
5,median,1648,0.0
5,median,1649,0.0
5,median,1650,0.0
5,median,1651,0.0
5,median,1652,0.0
5,median,1653,0.0
5,median,1654,0.0
5,median,1655,0.0
5,median,1656,0.0
5,median,1657,0.0
5,median,1658,0.0
5,median,1659,0.0
5,median,1660,0.0
5,median,1661,0.0
5,median,1662,0.0
5,median,1663,0.0
5,median,1664,0.0
5,median,1665,0.0
5,median,1666,0.0
5,median,1667,0.0
5,median,1668,0.0
5,median,1669,0.0
5,median,1670,0.0
5,median,1671,0.0
5,median,1672,0.0
5,median,1673,0.0
5,median,1674,0.0
5,median,1675,0.0
5,median,1676,0.0
5,median,1677,0.0
5,median,1678,0.0
5,median,1679,0.0
5,median,1680,0.0
5,median,1681,0.0
5,median,1682,0.0
5,median,1683,0.0
5,median,1684,0.0
5,median,1685,0.0
5,median,1686,0.0
5,median,1687,0.0
5,median,1688,0.0
5,median,1689,0.0
5,median,1690,0.0
5,median,1691,0.0
5,median,1692,0.0
5,median,1693,0.0
5,median,1694,0.0
5,median,1695,0.0
5,median,1696,0.0
5,median,1697,0.0
5,median,1698,0.0
5,median,1699,0.0
5,median,1700,0.0
5,median,1701,0.0
5,median,1702,0.0
5,median,1703,0.0
5,median,1704,0.0
5,median,1705,0.0
5,median,1706,0.0
5,median,1707,0.0
5,median,1708,0.0
5,median,1709,0.0
5,median,1710,0.0
5,median,1711,0.0
5,median,1712,0.0
5,median,1713,0.0
5,median,1714,0.0
5,median,1715,0.0
5,median,1716,0.0
5,median,1717,0.0
5,median,1718,0.0
5,median,1719,0.0
5,median,1720,0.0
5,median,1721,0.0
5,median,1722,0.0
5,median,1723,0.0
5,median,1724,0.0
5,median,1725,0.0
5,median,1726,0.0
5,median,1727,0.0
5,median,1728,0.0
5,median,1729,0.0
5,median,1730,0.0
5,median,1731,0.0
5,median,1732,0.0
5,median,1733,0.0
5,median,1734,0.0
5,median,1735,0.0
5,median,1736,0.0
5,median,1737,0.0
5,median,1738,0.0
5,median,1739,0.0
5,median,1740,0.0
5,median,1741,0.0
5,median,1742,0.0
5,median,1743,0.0
5,median,1744,0.0
5,median,1745,0.0
5,median,1746,0.0
5,median,1747,0.0
5,median,1748,0.0
5,median,1749,0.0
5,median,1750,0.0
5,median,1751,0.0
5,median,1752,0.0
5,median,1753,0.0
5,median,1754,0.0
5,median,1755,0.0
5,median,1756,0.0
5,median,1757,0.0
5,median,1758,0.0
5,median,1759,0.0
5,median,1760,0.0
5,median,1761,0.0
5,median,1762,0.0
5,median,1763,0.0
5,median,1764,0.0
5,median,1765,0.0
5,median,1766,0.0
5,median,1767,0.0
5,median,1768,0.0
5,median,1769,0.0
5,median,1770,0.0
5,median,1771,0.0
5,median,1772,0.0
5,median,1773,0.0
5,median,1774,0.0
5,median,1775,0.0
5,median,1776,0.0
5,median,1777,0.0
5,median,1778,0.0
5,median,1779,0.0
5,median,1780,0.0
5,median,1781,0.0
5,median,1782,0.0
5,median,1783,0.0
5,median,1784,0.0
5,median,1785,0.0
5,median,1786,0.0
5,median,1787,0.0
5,median,1788,0.0
5,median,1789,0.0
5,median,1790,0.0
5,median,1791,0.0
5,median,1792,0.0
5,median,1793,0.0
5,median,1794,0.0
5,median,1795,0.0
5,median,1796,0.0
5,median,1797,0.0
5,median,1798,0.0
5,median,1799,0.0
5,median,1800,0.0
5,median,1801,0.0
5,median,1802,0.0
5,median,1803,0.0
5,median,1804,0.0
5,median,1805,0.0
5,median,1806,0.0
5,median,1807,0.0
5,median,1808,0.0
5,median,1809,0.0
5,median,1810,0.0
5,median,1811,0.0
5,median,1812,0.0
5,median,1813,0.0
5,median,1814,0.0
5,median,1815,0.0
5,median,1816,0.0
5,median,1817,0.0
5,median,1818,0.0
5,median,1819,0.0
5,median,1820,0.0
5,median,1821,0.0
5,median,1822,0.0
5,median,1823,0.0
5,median,1824,0.0
5,median,1825,0.0
5,median,1826,0.0
5,median,1827,0.0
5,median,1828,0.0
5,median,1829,0.0
5,median,1830,0.0
5,median,1831,0.0
5,median,1832,0.0
5,median,1833,0.0
5,median,1834,0.0
5,median,1835,0.0
5,median,1836,0.0
5,median,1837,0.0
5,median,1838,0.0
5,median,1839,0.0
5,median,1840,0.0
5,median,1841,0.0
5,median,1842,0.0
5,median,1843,0.0
5,median,1844,0.0
5,median,1845,0.0
5,median,1846,0.0
5,median,1847,0.0
5,median,1848,0.0
5,median,1849,0.0
5,median,1850,0.0
5,median,1851,0.0
5,median,1852,0.0
5,median,1853,0.0
5,median,1854,0.0
5,median,1855,0.0
5,median,1856,0.0
5,median,1857,0.0
5,median,1858,0.0
5,median,1859,0.0
5,median,1860,0.0
5,median,1861,0.0
5,median,1862,0.0
5,median,1863,0.0
5,median,1864,0.0
5,median,1865,0.0
5,median,1866,0.0
5,median,1867,0.0
5,median,1868,0.0
5,median,1869,0.0
5,median,1870,0.0
5,median,1871,0.0
5,median,1872,0.0
5,median,1873,0.0
5,median,1874,0.0
5,median,1875,0.0
5,median,1876,0.0
5,median,1877,0.0
5,median,1878,0.0
5,median,1879,0.0
5,median,1880,0.0
5,median,1881,0.0
5,median,1882,0.0
5,median,1883,0.0
5,median,1884,0.0
5,median,1885,0.0
5,median,1886,0.0
5,median,1887,0.0
5,median,1888,0.0
5,median,1889,0.0
5,median,1890,0.0
5,median,1891,0.0
5,median,1892,0.0
5,median,1893,0.0
5,median,1894,0.0
5,median,1895,0.0
5,median,1896,0.0
5,median,1897,0.0
5,median,1898,0.0
5,median,1899,0.0
5,median,1900,0.0
5,median,1901,0.0
5,median,1902,0.0
5,median,1903,0.0
5,median,1904,0.0
5,median,1905,0.0
5,median,1906,0.0
5,median,1907,0.0
5,median,1908,0.0
5,median,1909,0.0
5,median,1910,0.0
5,median,1911,0.0
5,median,1912,0.0
5,median,1913,0.0
5,median,1914,0.0
5,median,1915,0.0
5,median,1916,0.0
5,median,1917,0.0
5,median,1918,0.0
5,median,1919,0.0
5,median,1920,0.0
5,median,1921,0.0
5,median,1922,0.0
5,median,1923,0.0
5,median,1924,0.0
5,median,1925,0.0
5,median,1926,0.0
5,median,1927,0.0
5,median,1928,0.0
5,median,1929,0.0
5,median,1930,0.0
5,median,1931,0.0
5,median,1932,0.0
5,median,1933,0.0
5,median,1934,0.0
5,median,1935,0.0
5,median,1936,0.0
5,median,1937,0.0
5,median,1938,0.0
5,median,1939,0.0
5,median,1940,0.0
5,median,1941,0.0
5,median,1942,0.0
5,median,1943,0.0
5,median,1944,0.0
5,median,1945,0.0
5,median,1946,0.0
5,median,1947,0.0
5,median,1948,0.0
5,median,1949,0.0
5,median,1950,0.0
5,median,1951,0.0
5,median,1952,0.0
5,median,1953,0.0
5,median,1954,0.0
5,median,1955,0.0
5,median,1956,0.0
5,median,1957,0.0
5,median,1958,0.0
5,median,1959,0.0
5,median,1960,0.0
5,median,1961,0.0
5,median,1962,0.0
5,median,1963,0.0
5,median,1964,0.0
5,median,1965,0.0
5,median,1966,0.0
5,median,1967,0.0
5,median,1968,0.0
5,median,1969,0.0
5,median,1970,0.0
5,median,1971,0.0
5,median,1972,0.0
5,median,1973,0.0
5,median,1974,0.0
5,median,1975,0.0
5,median,1976,0.0
5,median,1977,0.0
5,median,1978,0.0
5,median,1979,0.0
5,median,1980,0.0
5,median,1981,0.0
5,median,1982,0.0
5,median,1983,0.0
5,median,1984,0.0
5,median,1985,0.0
5,median,1986,0.0
5,median,1987,0.0
5,median,1988,0.0
5,median,1989,0.0
5,median,1990,0.0
5,median,1991,0.0
5,median,1992,0.0
5,median,1993,0.0
5,median,1994,0.0
5,median,1995,0.0
5,median,1996,0.0
5,median,1997,0.0
5,median,1998,0.0
5,median,1999,0.0
5,mean,0,0.026666666666666665
5,mean,1,0.015555555555555555
5,mean,2,0.013333333333333332
5,mean,3,0.015555555555555555
5,mean,4,0.03333333333333334
5,mean,5,0.011111111111111112
5,mean,6,0.026666666666666665
5,mean,7,0.024444444444444442
5,mean,8,0.017777777777777778
5,mean,9,0.03333333333333334
5,mean,10,0.019999999999999997
5,mean,11,0.024444444444444442
5,mean,12,0.019999999999999997
5,mean,13,0.017777777777777778
5,mean,14,0.013333333333333332
5,mean,15,0.02888888888888889
5,mean,16,0.0044444444444444444
5,mean,17,0.008888888888888889
5,mean,18,0.008888888888888889
5,mean,19,0.024444444444444442
5,mean,20,0.026666666666666665
5,mean,21,0.0044444444444444444
5,mean,22,0.015555555555555555
5,mean,23,0.011111111111111112
5,mean,24,0.02888888888888889
5,mean,25,0.026666666666666665
5,mean,26,0.013333333333333332
5,mean,27,0.031111111111111114
5,mean,28,0.02888888888888889
5,mean,29,0.031111111111111114
5,mean,30,0.019999999999999997
5,mean,31,0.02222222222222222
5,mean,32,0.008888888888888889
5,mean,33,0.03333333333333333
5,mean,34,0.019999999999999997
5,mean,35,0.011111111111111112
5,mean,36,0.024444444444444442
5,mean,37,0.026666666666666665
5,mean,38,0.026666666666666665
5,mean,39,0.03333333333333334
5,mean,40,0.02222222222222222
5,mean,41,0.015555555555555555
5,mean,42,0.024444444444444442
5,mean,43,0.011111111111111112
5,mean,44,0.026666666666666665
5,mean,45,0.015555555555555555
5,mean,46,0.019999999999999997
5,mean,47,0.03333333333333333
5,mean,48,0.024444444444444442
5,mean,49,0.024444444444444446
5,mean,50,0.013333333333333332
5,mean,51,0.017777777777777778
5,mean,52,0.026666666666666665
5,mean,53,0.017777777777777778
5,mean,54,0.03111111111111112
5,mean,55,0.026666666666666665
5,mean,56,0.02888888888888889
5,mean,57,0.013333333333333332
5,mean,58,0.019999999999999997
5,mean,59,0.026666666666666665
5,mean,60,0.017777777777777778
5,mean,61,0.03333333333333334
5,mean,62,0.019999999999999997
5,mean,63,0.02
5,mean,64,0.028888888888888895
5,mean,65,0.017777777777777778
5,mean,66,0.008888888888888889
5,mean,67,0.019999999999999997
5,mean,68,0.015555555555555555
5,mean,69,0.02888888888888889
5,mean,70,0.024444444444444442
5,mean,71,0.013333333333333332
5,mean,72,0.04444444444444445
5,mean,73,0.011111111111111112
5,mean,74,0.019999999999999997
5,mean,75,0.03111111111111112
5,mean,76,0.024444444444444442
5,mean,77,0.02222222222222222
5,mean,78,0.017777777777777778
5,mean,79,0.008888888888888889
5,mean,80,0.008888888888888889
5,mean,81,0.02222222222222222
5,mean,82,0.02
5,mean,83,0.02888888888888889
5,mean,84,0.024444444444444442
5,mean,85,0.019999999999999997
5,mean,86,0.02888888888888889
5,mean,87,0.019999999999999997
5,mean,88,0.04000000000000001
5,mean,89,0.013333333333333332
5,mean,90,0.008888888888888889
5,mean,91,0.011111111111111112
5,mean,92,0.03333333333333334
5,mean,93,0.015555555555555555
5,mean,94,0.017777777777777778
5,mean,95,0.019999999999999997
5,mean,96,0.037777777777777785
5,mean,97,0.013333333333333332
5,mean,98,0.04000000000000001
5,mean,99,0.024444444444444442
5,mean,100,0.017777777777777778
5,mean,101,0.008888888888888889
5,mean,102,0.017777777777777778
5,mean,103,0.006666666666666668
5,mean,104,0.019999999999999997
5,mean,105,0.037777777777777785
5,mean,106,0.031111111111111114
5,mean,107,0.024444444444444442
5,mean,108,0.019999999999999997
5,mean,109,0.017777777777777778
5,mean,110,0.024444444444444442
5,mean,111,0.015555555555555555
5,mean,112,0.024444444444444442
5,mean,113,0.017777777777777778
5,mean,114,0.006666666666666668
5,mean,115,0.02888888888888889
5,mean,116,0.017777777777777778
5,mean,117,0.026666666666666665
5,mean,118,0.02888888888888889
5,mean,119,0.019999999999999997
5,mean,120,0.019999999999999997
5,mean,121,0.017777777777777778
5,mean,122,0.006666666666666668
5,mean,123,0.02222222222222222
5,mean,124,0.02888888888888889
5,mean,125,0.019999999999999997
5,mean,126,0.019999999999999997
5,mean,127,0.006666666666666668
5,mean,128,0.011111111111111112
5,mean,129,0.015555555555555555
5,mean,130,0.024444444444444442
5,mean,131,0.02222222222222222
5,mean,132,0.011111111111111112
5,mean,133,0.015555555555555555
5,mean,134,0.017777777777777778
5,mean,135,0.024444444444444442
5,mean,136,0.024444444444444442
5,mean,137,0.019999999999999997
5,mean,138,0.026666666666666665
5,mean,139,0.017777777777777778
5,mean,140,0.017777777777777778
5,mean,141,0.03333333333333334
5,mean,142,0.02888888888888889
5,mean,143,0.006666666666666668
5,mean,144,0.024444444444444442
5,mean,145,0.03333333333333334
5,mean,146,0.013333333333333332
5,mean,147,0.026666666666666665
5,mean,148,0.017777777777777778
5,mean,149,0.037777777777777785
5,mean,150,0.024444444444444442
5,mean,151,0.011111111111111112
5,mean,152,0.008888888888888889
5,mean,153,0.02888888888888889
5,mean,154,0.017777777777777778
5,mean,155,0.026666666666666672
5,mean,156,0.02222222222222222
5,mean,157,0.026666666666666665
5,mean,158,0.019999999999999997
5,mean,159,0.013333333333333332
5,mean,160,0.017777777777777778
5,mean,161,0.017777777777777778
5,mean,162,0.031111111111111114
5,mean,163,0.048888888888888905
5,mean,164,0.031111111111111114
5,mean,165,0.015555555555555555
5,mean,166,0.017777777777777778
5,mean,167,0.017777777777777778
5,mean,168,0.015555555555555557
5,mean,169,0.026666666666666665
5,mean,170,0.019999999999999997
5,mean,171,0.019999999999999997
5,mean,172,0.011111111111111112
5,mean,173,0.017777777777777778
5,mean,174,0.017777777777777778
5,mean,175,0.013333333333333332
5,mean,176,0.015555555555555555
5,mean,177,0.008888888888888889
5,mean,178,0.02222222222222222
5,mean,179,0.011111111111111112
5,mean,180,0.03333333333333334
5,mean,181,0.024444444444444442
5,mean,182,0.026666666666666672
5,mean,183,0.02888888888888889
5,mean,184,0.02888888888888889
5,mean,185,0.046666666666666676
5,mean,186,0.024444444444444442
5,mean,187,0.02222222222222222
5,mean,188,0.013333333333333332
5,mean,189,0.026666666666666665
5,mean,190,0.008888888888888889
5,mean,191,0.017777777777777778
5,mean,192,0.02888888888888889
5,mean,193,0.017777777777777778
5,mean,194,0.031111111111111114
5,mean,195,0.02888888888888889
5,mean,196,0.015555555555555557
5,mean,197,0.011111111111111112
5,mean,198,0.008888888888888889
5,mean,199,0.019999999999999997
5,mean,200,0.03111111111111112
5,mean,201,0.013333333333333332
5,mean,202,0.011111111111111112
5,mean,203,0.031111111111111114
5,mean,204,0.026666666666666665
5,mean,205,0.011111111111111112
5,mean,206,0.031111111111111114
5,mean,207,0.031111111111111114
5,mean,208,0.017777777777777778
5,mean,209,0.017777777777777778
5,mean,210,0.017777777777777778
5,mean,211,0.015555555555555555
5,mean,212,0.03555555555555556
5,mean,213,0.013333333333333332
5,mean,214,0.02222222222222222
5,mean,215,0.02222222222222222
5,mean,216,0.015555555555555555
5,mean,217,0.024444444444444442
5,mean,218,0.031111111111111114
5,mean,219,0.046666666666666676
5,mean,220,0.02888888888888889
5,mean,221,0.031111111111111114
5,mean,222,0.024444444444444442
5,mean,223,0.024444444444444442
5,mean,224,0.006666666666666668
5,mean,225,0.02222222222222222
5,mean,226,0.008888888888888889
5,mean,227,0.026666666666666665
5,mean,228,0.013333333333333332
5,mean,229,0.019999999999999997
5,mean,230,0.017777777777777778
5,mean,231,0.02222222222222222
5,mean,232,0.008888888888888889
5,mean,233,0.015555555555555555
5,mean,234,0.017777777777777778
5,mean,235,0.013333333333333332
5,mean,236,0.019999999999999997
5,mean,237,0.02888888888888889
5,mean,238,0.008888888888888889
5,mean,239,0.02222222222222222
5,mean,240,0.017777777777777778
5,mean,241,0.013333333333333332
5,mean,242,0.017777777777777778
5,mean,243,0.04000000000000001
5,mean,244,0.02222222222222222
5,mean,245,0.031111111111111114
5,mean,246,0.011111111111111112
5,mean,247,0.017777777777777778
5,mean,248,0.026666666666666665
5,mean,249,0.011111111111111112
5,mean,250,0.019999999999999997
5,mean,251,0.02222222222222222
5,mean,252,0.024444444444444446
5,mean,253,0.026666666666666665
5,mean,254,0.04000000000000001
5,mean,255,0.017777777777777778
5,mean,256,0.013333333333333332
5,mean,257,0.019999999999999997
5,mean,258,0.02222222222222222
5,mean,259,0.03333333333333334
5,mean,260,0.024444444444444446
5,mean,261,0.017777777777777778
5,mean,262,0.017777777777777778
5,mean,263,0.04444444444444445
5,mean,264,0.02888888888888889
5,mean,265,0.013333333333333332
5,mean,266,0.013333333333333332
5,mean,267,0.008888888888888889
5,mean,268,0.026666666666666665
5,mean,269,0.011111111111111112
5,mean,270,0.04222222222222224
5,mean,271,0.024444444444444446
5,mean,272,0.015555555555555555
5,mean,273,0.03333333333333334
5,mean,274,0.013333333333333332
5,mean,275,0.006666666666666668
5,mean,276,0.02222222222222222
5,mean,277,0.019999999999999997
5,mean,278,0.024444444444444442
5,mean,279,0.013333333333333332
5,mean,280,0.031111111111111114
5,mean,281,0.019999999999999997
5,mean,282,0.03333333333333334
5,mean,283,0.02222222222222222
5,mean,284,0.04222222222222224
5,mean,285,0.015555555555555555
5,mean,286,0.03333333333333334
5,mean,287,0.019999999999999997
5,mean,288,0.03555555555555556
5,mean,289,0.02222222222222222
5,mean,290,0.03111111111111111
5,mean,291,0.013333333333333332
5,mean,292,0.02222222222222222
5,mean,293,0.015555555555555555
5,mean,294,0.02222222222222222
5,mean,295,0.017777777777777778
5,mean,296,0.02222222222222222
5,mean,297,0.017777777777777778
5,mean,298,0.019999999999999997
5,mean,299,0.013333333333333332
5,mean,300,0.013333333333333332
5,mean,301,0.017777777777777778
5,mean,302,0.0044444444444444444
5,mean,303,0.015555555555555555
5,mean,304,0.024444444444444442
5,mean,305,0.019999999999999997
5,mean,306,0.024444444444444442
5,mean,307,0.011111111111111112
5,mean,308,0.03333333333333334
5,mean,309,0.017777777777777778
5,mean,310,0.024444444444444442
5,mean,311,0.015555555555555555
5,mean,312,0.024444444444444442
5,mean,313,0.008888888888888889
5,mean,314,0.008888888888888889
5,mean,315,0.02222222222222222
5,mean,316,0.015555555555555555
5,mean,317,0.02222222222222222
5,mean,318,0.03333333333333334
5,mean,319,0.024444444444444442
5,mean,320,0.02888888888888889
5,mean,321,0.017777777777777778
5,mean,322,0.03333333333333334
5,mean,323,0.013333333333333332
5,mean,324,0.02222222222222222
5,mean,325,0.013333333333333332
5,mean,326,0.03555555555555556
5,mean,327,0.02222222222222222
5,mean,328,0.03333333333333334
5,mean,329,0.017777777777777778
5,mean,330,0.017777777777777778
5,mean,331,0.024444444444444442
5,mean,332,0.019999999999999997
5,mean,333,0.026666666666666665
5,mean,334,0.03333333333333334
5,mean,335,0.017777777777777778
5,mean,336,0.015555555555555555
5,mean,337,0.02888888888888889
5,mean,338,0.017777777777777778
5,mean,339,0.011111111111111112
5,mean,340,0.008888888888888889
5,mean,341,0.026666666666666665
5,mean,342,0.017777777777777778
5,mean,343,0.013333333333333332
5,mean,344,0.02222222222222222
5,mean,345,0.017777777777777778
5,mean,346,0.015555555555555555
5,mean,347,0.019999999999999997
5,mean,348,0.011111111111111112
5,mean,349,0.013333333333333332
5,mean,350,0.026666666666666665
5,mean,351,0.006666666666666668
5,mean,352,0.02222222222222222
5,mean,353,0.013333333333333332
5,mean,354,0.024444444444444442
5,mean,355,0.008888888888888889
5,mean,356,0.015555555555555555
5,mean,357,0.04000000000000001
5,mean,358,0.019999999999999997
5,mean,359,0.026666666666666665
5,mean,360,0.03333333333333334
5,mean,361,0.02888888888888889
5,mean,362,0.0044444444444444444
5,mean,363,0.026666666666666665
5,mean,364,0.006666666666666668
5,mean,365,0.03555555555555556
5,mean,366,0.026666666666666665
5,mean,367,0.02888888888888889
5,mean,368,0.024444444444444442
5,mean,369,0.024444444444444446
5,mean,370,0.022222222222222223
5,mean,371,0.017777777777777778
5,mean,372,0.02222222222222222
5,mean,373,0.03333333333333334
5,mean,374,0.008888888888888889
5,mean,375,0.015555555555555555
5,mean,376,0.019999999999999997
5,mean,377,0.02222222222222222
5,mean,378,0.008888888888888889
5,mean,379,0.011111111111111112
5,mean,380,0.015555555555555555
5,mean,381,0.031111111111111114
5,mean,382,0.019999999999999997
5,mean,383,0.017777777777777778
5,mean,384,0.011111111111111112
5,mean,385,0.008888888888888889
5,mean,386,0.03111111111111111
5,mean,387,0.011111111111111112
5,mean,388,0.017777777777777778
5,mean,389,0.006666666666666668
5,mean,390,0.019999999999999997
5,mean,391,0.015555555555555555
5,mean,392,0.015555555555555557
5,mean,393,0.024444444444444442
5,mean,394,0.024444444444444442
5,mean,395,0.026666666666666665
5,mean,396,0.015555555555555555
5,mean,397,0.008888888888888889
5,mean,398,0.015555555555555555
5,mean,399,0.017777777777777778
5,mean,400,0.037777777777777785
5,mean,401,0.031111111111111114
5,mean,402,0.017777777777777778
5,mean,403,0.019999999999999997
5,mean,404,0.015555555555555555
5,mean,405,0.028888888888888895
5,mean,406,0.019999999999999997
5,mean,407,0.03333333333333334
5,mean,408,0.024444444444444442
5,mean,409,0.03555555555555556
5,mean,410,0.024444444444444442
5,mean,411,0.04000000000000001
5,mean,412,0.019999999999999997
5,mean,413,0.02222222222222222
5,mean,414,0.022222222222222223
5,mean,415,0.022222222222222223
5,mean,416,0.013333333333333332
5,mean,417,0.017777777777777778
5,mean,418,0.02888888888888889
5,mean,419,0.015555555555555555
5,mean,420,0.0044444444444444444
5,mean,421,0.02222222222222222
5,mean,422,0.026666666666666665
5,mean,423,0.02222222222222222
5,mean,424,0.031111111111111114
5,mean,425,0.008888888888888889
5,mean,426,0.013333333333333332
5,mean,427,0.03333333333333334
5,mean,428,0.015555555555555555
5,mean,429,0.015555555555555555
5,mean,430,0.015555555555555555
5,mean,431,0.019999999999999997
5,mean,432,0.02222222222222222
5,mean,433,0.008888888888888889
5,mean,434,0.008888888888888889
5,mean,435,0.04000000000000001
5,mean,436,0.02888888888888889
5,mean,437,0.024444444444444442
5,mean,438,0.017777777777777778
5,mean,439,0.017777777777777778
5,mean,440,0.019999999999999997
5,mean,441,0.03333333333333334
5,mean,442,0.013333333333333332
5,mean,443,0.013333333333333332
5,mean,444,0.019999999999999997
5,mean,445,0.026666666666666665
5,mean,446,0.015555555555555555
5,mean,447,0.0022222222222222222
5,mean,448,0.03333333333333334
5,mean,449,0.024444444444444442
5,mean,450,0.013333333333333332
5,mean,451,0.017777777777777778
5,mean,452,0.03333333333333334
5,mean,453,0.015555555555555555
5,mean,454,0.026666666666666665
5,mean,455,0.015555555555555557
5,mean,456,0.008888888888888889
5,mean,457,0.02888888888888889
5,mean,458,0.026666666666666665
5,mean,459,0.03777777777777778
5,mean,460,0.028888888888888895
5,mean,461,0.024444444444444442
5,mean,462,0.017777777777777778
5,mean,463,0.017777777777777778
5,mean,464,0.024444444444444442
5,mean,465,0.019999999999999997
5,mean,466,0.019999999999999997
5,mean,467,0.008888888888888889
5,mean,468,0.011111111111111112
5,mean,469,0.026666666666666665
5,mean,470,0.008888888888888889
5,mean,471,0.026666666666666665
5,mean,472,0.011111111111111112
5,mean,473,0.019999999999999997
5,mean,474,0.026666666666666665
5,mean,475,0.011111111111111112
5,mean,476,0.015555555555555555
5,mean,477,0.02222222222222222
5,mean,478,0.02888888888888889
5,mean,479,0.011111111111111112
5,mean,480,0.031111111111111114
5,mean,481,0.04222222222222224
5,mean,482,0.017777777777777778
5,mean,483,0.024444444444444442
5,mean,484,0.024444444444444442
5,mean,485,0.017777777777777778
5,mean,486,0.017777777777777778
5,mean,487,0.03555555555555556
5,mean,488,0.017777777777777778
5,mean,489,0.019999999999999997
5,mean,490,0.019999999999999997
5,mean,491,0.013333333333333332
5,mean,492,0.031111111111111114
5,mean,493,0.02222222222222222
5,mean,494,0.019999999999999997
5,mean,495,0.03555555555555556
5,mean,496,0.019999999999999997
5,mean,497,0.024444444444444442
5,mean,498,0.008888888888888889
5,mean,499,0.024444444444444442
5,mean,500,0.017777777777777778
5,mean,501,0.02222222222222222
5,mean,502,0.019999999999999997
5,mean,503,0.011111111111111112
5,mean,504,0.024444444444444442
5,mean,505,0.015555555555555555
5,mean,506,0.02888888888888889
5,mean,507,0.024444444444444442
5,mean,508,0.03333333333333334
5,mean,509,0.019999999999999997
5,mean,510,0.011111111111111112
5,mean,511,0.02222222222222222
5,mean,512,0.019999999999999997
5,mean,513,0.015555555555555555
5,mean,514,0.019999999999999997
5,mean,515,0.015555555555555555
5,mean,516,0.037777777777777785
5,mean,517,0.019999999999999997
5,mean,518,0.011111111111111112
5,mean,519,0.008888888888888889
5,mean,520,0.015555555555555555
5,mean,521,0.02222222222222222
5,mean,522,0.019999999999999997
5,mean,523,0.011111111111111112
5,mean,524,0.019999999999999997
5,mean,525,0.02888888888888889
5,mean,526,0.013333333333333332
5,mean,527,0.02222222222222222
5,mean,528,0.019999999999999997
5,mean,529,0.006666666666666668
5,mean,530,0.024444444444444442
5,mean,531,0.011111111111111112
5,mean,532,0.015555555555555555
5,mean,533,0.02888888888888889
5,mean,534,0.015555555555555555
5,mean,535,0.013333333333333332
5,mean,536,0.019999999999999997
5,mean,537,0.019999999999999997
5,mean,538,0.019999999999999997
5,mean,539,0.015555555555555555
5,mean,540,0.017777777777777778
5,mean,541,0.019999999999999997
5,mean,542,0.011111111111111112
5,mean,543,0.019999999999999997
5,mean,544,0.035555555555555556
5,mean,545,0.019999999999999997
5,mean,546,0.019999999999999997
5,mean,547,0.017777777777777778
5,mean,548,0.017777777777777778
5,mean,549,0.037777777777777785
5,mean,550,0.017777777777777778
5,mean,551,0.024444444444444442
5,mean,552,0.015555555555555555
5,mean,553,0.015555555555555555
5,mean,554,0.02888888888888889
5,mean,555,0.024444444444444442
5,mean,556,0.026666666666666665
5,mean,557,0.02222222222222222
5,mean,558,0.015555555555555555
5,mean,559,0.02888888888888889
5,mean,560,0.011111111111111112
5,mean,561,0.017777777777777778
5,mean,562,0.019999999999999997
5,mean,563,0.013333333333333332
5,mean,564,0.019999999999999997
5,mean,565,0.02888888888888889
5,mean,566,0.024444444444444442
5,mean,567,0.008888888888888889
5,mean,568,0.02222222222222222
5,mean,569,0.031111111111111114
5,mean,570,0.03111111111111112
5,mean,571,0.024444444444444442
5,mean,572,0.04222222222222223
5,mean,573,0.02222222222222222
5,mean,574,0.013333333333333332
5,mean,575,0.02888888888888889
5,mean,576,0.015555555555555555
5,mean,577,0.006666666666666668
5,mean,578,0.019999999999999997
5,mean,579,0.013333333333333332
5,mean,580,0.019999999999999997
5,mean,581,0.04222222222222224
5,mean,582,0.02222222222222222
5,mean,583,0.031111111111111114
5,mean,584,0.031111111111111114
5,mean,585,0.013333333333333332
5,mean,586,0.008888888888888889
5,mean,587,0.011111111111111112
5,mean,588,0.013333333333333332
5,mean,589,0.015555555555555555
5,mean,590,0.011111111111111112
5,mean,591,0.03555555555555556
5,mean,592,0.008888888888888889
5,mean,593,0.013333333333333332
5,mean,594,0.03555555555555556
5,mean,595,0.037777777777777785
5,mean,596,0.019999999999999997
5,mean,597,0.02888888888888889
5,mean,598,0.017777777777777778
5,mean,599,0.015555555555555555
5,mean,600,0.013333333333333332
5,mean,601,0.013333333333333332
5,mean,602,0.008888888888888889
5,mean,603,0.024444444444444442
5,mean,604,0.019999999999999997
5,mean,605,0.013333333333333332
5,mean,606,0.04444444444444445
5,mean,607,0.008888888888888889
5,mean,608,0.02222222222222222
5,mean,609,0.022222222222222223
5,mean,610,0.015555555555555555
5,mean,611,0.026666666666666665
5,mean,612,0.031111111111111114
5,mean,613,0.022222222222222223
5,mean,614,0.015555555555555555
5,mean,615,0.02888888888888889
5,mean,616,0.02222222222222222
5,mean,617,0.02888888888888889
5,mean,618,0.017777777777777778
5,mean,619,0.026666666666666665
5,mean,620,0.03555555555555557
5,mean,621,0.024444444444444442
5,mean,622,0.008888888888888889
5,mean,623,0.022222222222222223
5,mean,624,0.015555555555555555
5,mean,625,0.04000000000000001
5,mean,626,0.008888888888888889
5,mean,627,0.026666666666666665
5,mean,628,0.006666666666666668
5,mean,629,0.03333333333333334
5,mean,630,0.019999999999999997
5,mean,631,0.03333333333333334
5,mean,632,0.02888888888888889
5,mean,633,0.008888888888888889
5,mean,634,0.062222222222222255
5,mean,635,0.02888888888888889
5,mean,636,0.019999999999999997
5,mean,637,0.017777777777777778
5,mean,638,0.0022222222222222222
5,mean,639,0.011111111111111112
5,mean,640,0.015555555555555555
5,mean,641,0.013333333333333332
5,mean,642,0.008888888888888889
5,mean,643,0.03555555555555556
5,mean,644,0.019999999999999997
5,mean,645,0.019999999999999997
5,mean,646,0.017777777777777778
5,mean,647,0.015555555555555555
5,mean,648,0.019999999999999997
5,mean,649,0.011111111111111112
5,mean,650,0.019999999999999997
5,mean,651,0.031111111111111114
5,mean,652,0.031111111111111114
5,mean,653,0.013333333333333332
5,mean,654,0.008888888888888889
5,mean,655,0.011111111111111112
5,mean,656,0.026666666666666665
5,mean,657,0.015555555555555555
5,mean,658,0.013333333333333332
5,mean,659,0.017777777777777778
5,mean,660,0.03555555555555556
5,mean,661,0.006666666666666668
5,mean,662,0.048888888888888905
5,mean,663,0.019999999999999997
5,mean,664,0.02222222222222222
5,mean,665,0.011111111111111112
5,mean,666,0.017777777777777778
5,mean,667,0.015555555555555555
5,mean,668,0.017777777777777778
5,mean,669,0.017777777777777778
5,mean,670,0.017777777777777778
5,mean,671,0.013333333333333332
5,mean,672,0.026666666666666665
5,mean,673,0.031111111111111114
5,mean,674,0.019999999999999997
5,mean,675,0.013333333333333332
5,mean,676,0.019999999999999997
5,mean,677,0.024444444444444442
5,mean,678,0.02222222222222222
5,mean,679,0.011111111111111112
5,mean,680,0.017777777777777778
5,mean,681,0.006666666666666668
5,mean,682,0.006666666666666668
5,mean,683,0.017777777777777778
5,mean,684,0.013333333333333332
5,mean,685,0.019999999999999997
5,mean,686,0.031111111111111114
5,mean,687,0.013333333333333332
5,mean,688,0.006666666666666668
5,mean,689,0.008888888888888889
5,mean,690,0.026666666666666665
5,mean,691,0.03555555555555556
5,mean,692,0.026666666666666672
5,mean,693,0.013333333333333332
5,mean,694,0.017777777777777778
5,mean,695,0.017777777777777778
5,mean,696,0.019999999999999997
5,mean,697,0.019999999999999997
5,mean,698,0.037777777777777785
5,mean,699,0.028888888888888884
5,mean,700,0.024444444444444442
5,mean,701,0.02222222222222222
5,mean,702,0.037777777777777785
5,mean,703,0.019999999999999997
5,mean,704,0.02222222222222222
5,mean,705,0.026666666666666665
5,mean,706,0.02222222222222222
5,mean,707,0.03333333333333334
5,mean,708,0.024444444444444442
5,mean,709,0.03555555555555556
5,mean,710,0.024444444444444442
5,mean,711,0.022222222222222223
5,mean,712,0.03555555555555556
5,mean,713,0.03555555555555556
5,mean,714,0.013333333333333332
5,mean,715,0.026666666666666665
5,mean,716,0.02888888888888889
5,mean,717,0.015555555555555555
5,mean,718,0.019999999999999997
5,mean,719,0.03333333333333334
5,mean,720,0.017777777777777778
5,mean,721,0.02222222222222222
5,mean,722,0.019999999999999997
5,mean,723,0.013333333333333332
5,mean,724,0.013333333333333332
5,mean,725,0.013333333333333332
5,mean,726,0.024444444444444442
5,mean,727,0.008888888888888889
5,mean,728,0.011111111111111112
5,mean,729,0.026666666666666665
5,mean,730,0.028888888888888895
5,mean,731,0.02888888888888889
5,mean,732,0.019999999999999997
5,mean,733,0.037777777777777785
5,mean,734,0.02888888888888889
5,mean,735,0.017777777777777778
5,mean,736,0.0044444444444444444
5,mean,737,0.026666666666666672
5,mean,738,0.017777777777777778
5,mean,739,0.019999999999999997
5,mean,740,0.02888888888888889
5,mean,741,0.017777777777777778
5,mean,742,0.03777777777777778
5,mean,743,0.019999999999999997
5,mean,744,0.026666666666666665
5,mean,745,0.019999999999999997
5,mean,746,0.011111111111111112
5,mean,747,0.019999999999999997
5,mean,748,0.026666666666666665
5,mean,749,0.017777777777777778
5,mean,750,0.017777777777777778
5,mean,751,0.017777777777777778
5,mean,752,0.02222222222222222
5,mean,753,0.024444444444444442
5,mean,754,0.015555555555555555
5,mean,755,0.04000000000000001
5,mean,756,0.026666666666666665
5,mean,757,0.015555555555555555
5,mean,758,0.013333333333333332
5,mean,759,0.02888888888888889
5,mean,760,0.013333333333333332
5,mean,761,0.011111111111111112
5,mean,762,0.017777777777777778
5,mean,763,0.011111111111111112
5,mean,764,0.02222222222222222
5,mean,765,0.015555555555555555
5,mean,766,0.013333333333333332
5,mean,767,0.015555555555555555
5,mean,768,0.02222222222222222
5,mean,769,0.024444444444444442
5,mean,770,0.017777777777777778
5,mean,771,0.0044444444444444444
5,mean,772,0.013333333333333332
5,mean,773,0.008888888888888889
5,mean,774,0.015555555555555555
5,mean,775,0.017777777777777778
5,mean,776,0.015555555555555555
5,mean,777,0.019999999999999997
5,mean,778,0.03333333333333334
5,mean,779,0.015555555555555555
5,mean,780,0.006666666666666668
5,mean,781,0.019999999999999997
5,mean,782,0.05555555555555557
5,mean,783,0.015555555555555555
5,mean,784,0.006666666666666668
5,mean,785,0.026666666666666665
5,mean,786,0.026666666666666665
5,mean,787,0.013333333333333332
5,mean,788,0.017777777777777778
5,mean,789,0.011111111111111112
5,mean,790,0.026666666666666665
5,mean,791,0.011111111111111112
5,mean,792,0.02222222222222222
5,mean,793,0.035555555555555556
5,mean,794,0.017777777777777778
5,mean,795,0.03333333333333334
5,mean,796,0.011111111111111112
5,mean,797,0.015555555555555555
5,mean,798,0.024444444444444442
5,mean,799,0.02222222222222222
5,mean,800,0.013333333333333332
5,mean,801,0.03333333333333334
5,mean,802,0.024444444444444442
5,mean,803,0.037777777777777785
5,mean,804,0.013333333333333332
5,mean,805,0.013333333333333332
5,mean,806,0.02222222222222222
5,mean,807,0.037777777777777785
5,mean,808,0.011111111111111112
5,mean,809,0.02888888888888889
5,mean,810,0.015555555555555555
5,mean,811,0.02222222222222222
5,mean,812,0.011111111111111112
5,mean,813,0.017777777777777778
5,mean,814,0.015555555555555555
5,mean,815,0.031111111111111114
5,mean,816,0.02222222222222222
5,mean,817,0.019999999999999997
5,mean,818,0.03111111111111111
5,mean,819,0.024444444444444442
5,mean,820,0.006666666666666668
5,mean,821,0.017777777777777778
5,mean,822,0.02888888888888889
5,mean,823,0.024444444444444442
5,mean,824,0.024444444444444442
5,mean,825,0.02222222222222222
5,mean,826,0.006666666666666668
5,mean,827,0.02222222222222222
5,mean,828,0.013333333333333332
5,mean,829,0.015555555555555555
5,mean,830,0.02222222222222222
5,mean,831,0.02222222222222222
5,mean,832,0.017777777777777778
5,mean,833,0.015555555555555555
5,mean,834,0.008888888888888889
5,mean,835,0.031111111111111114
5,mean,836,0.011111111111111112
5,mean,837,0.037777777777777785
5,mean,838,0.017777777777777778
5,mean,839,0.017777777777777778
5,mean,840,0.017777777777777778
5,mean,841,0.008888888888888889
5,mean,842,0.019999999999999997
5,mean,843,0.008888888888888889
5,mean,844,0.024444444444444442
5,mean,845,0.015555555555555555
5,mean,846,0.02
5,mean,847,0.015555555555555555
5,mean,848,0.017777777777777778
5,mean,849,0.017777777777777778
5,mean,850,0.037777777777777785
5,mean,851,0.011111111111111112
5,mean,852,0.015555555555555555
5,mean,853,0.017777777777777778
5,mean,854,0.026666666666666665
5,mean,855,0.04000000000000001
5,mean,856,0.011111111111111112
5,mean,857,0.03333333333333334
5,mean,858,0.019999999999999997
5,mean,859,0.024444444444444446
5,mean,860,0.02888888888888889
5,mean,861,0.013333333333333332
5,mean,862,0.04222222222222223
5,mean,863,0.015555555555555555
5,mean,864,0.015555555555555555
5,mean,865,0.022222222222222223
5,mean,866,0.019999999999999997
5,mean,867,0.011111111111111112
5,mean,868,0.037777777777777785
5,mean,869,0.024444444444444442
5,mean,870,0.024444444444444442
5,mean,871,0.026666666666666665
5,mean,872,0.026666666666666665
5,mean,873,0.03333333333333334
5,mean,874,0.017777777777777778
5,mean,875,0.03333333333333334
5,mean,876,0.02888888888888889
5,mean,877,0.024444444444444442
5,mean,878,0.02888888888888889
5,mean,879,0.024444444444444442
5,mean,880,0.011111111111111112
5,mean,881,0.015555555555555555
5,mean,882,0.02888888888888889
5,mean,883,0.013333333333333332
5,mean,884,0.02222222222222222
5,mean,885,0.015555555555555555
5,mean,886,0.011111111111111112
5,mean,887,0.02
5,mean,888,0.019999999999999997
5,mean,889,0.03333333333333334
5,mean,890,0.019999999999999997
5,mean,891,0.011111111111111112
5,mean,892,0.015555555555555555
5,mean,893,0.017777777777777778
5,mean,894,0.013333333333333332
5,mean,895,0.013333333333333332
5,mean,896,0.015555555555555555
5,mean,897,0.019999999999999997
5,mean,898,0.02222222222222222
5,mean,899,0.019999999999999997
5,mean,900,0.031111111111111114
5,mean,901,0.015555555555555555
5,mean,902,0.02222222222222222
5,mean,903,0.017777777777777778
5,mean,904,0.02222222222222222
5,mean,905,0.011111111111111112
5,mean,906,0.013333333333333332
5,mean,907,0.011111111111111112
5,mean,908,0.019999999999999997
5,mean,909,0.031111111111111114
5,mean,910,0.02888888888888889
5,mean,911,0.026666666666666665
5,mean,912,0.019999999999999997
5,mean,913,0.026666666666666665
5,mean,914,0.011111111111111112
5,mean,915,0.013333333333333332
5,mean,916,0.031111111111111114
5,mean,917,0.008888888888888889
5,mean,918,0.024444444444444442
5,mean,919,0.015555555555555555
5,mean,920,0.019999999999999997
5,mean,921,0.028888888888888884
5,mean,922,0.011111111111111112
5,mean,923,0.019999999999999997
5,mean,924,0.019999999999999997
5,mean,925,0.031111111111111114
5,mean,926,0.028888888888888895
5,mean,927,0.024444444444444442
5,mean,928,0.008888888888888889
5,mean,929,0.015555555555555555
5,mean,930,0.026666666666666665
5,mean,931,0.024444444444444442
5,mean,932,0.015555555555555555
5,mean,933,0.026666666666666672
5,mean,934,0.024444444444444442
5,mean,935,0.04000000000000001
5,mean,936,0.031111111111111114
5,mean,937,0.026666666666666672
5,mean,938,0.015555555555555555
5,mean,939,0.006666666666666668
5,mean,940,0.019999999999999997
5,mean,941,0.011111111111111112
5,mean,942,0.024444444444444442
5,mean,943,0.024444444444444442
5,mean,944,0.019999999999999997
5,mean,945,0.015555555555555557
5,mean,946,0.024444444444444442
5,mean,947,0.037777777777777785
5,mean,948,0.046666666666666676
5,mean,949,0.008888888888888889
5,mean,950,0.04222222222222224
5,mean,951,0.019999999999999997
5,mean,952,0.024444444444444442
5,mean,953,0.015555555555555555
5,mean,954,0.017777777777777778
5,mean,955,0.011111111111111112
5,mean,956,0.015555555555555555
5,mean,957,0.024444444444444442
5,mean,958,0.031111111111111114
5,mean,959,0.011111111111111112
5,mean,960,0.024444444444444442
5,mean,961,0.015555555555555555
5,mean,962,0.02222222222222222
5,mean,963,0.026666666666666665
5,mean,964,0.02
5,mean,965,0.02222222222222222
5,mean,966,0.013333333333333332
5,mean,967,0.019999999999999997
5,mean,968,0.026666666666666665
5,mean,969,0.02222222222222222
5,mean,970,0.013333333333333332
5,mean,971,0.013333333333333332
5,mean,972,0.02888888888888889
5,mean,973,0.015555555555555555
5,mean,974,0.024444444444444442
5,mean,975,0.017777777777777778
5,mean,976,0.019999999999999997
5,mean,977,0.019999999999999997
5,mean,978,0.024444444444444442
5,mean,979,0.026666666666666665
5,mean,980,0.015555555555555555
5,mean,981,0.008888888888888889
5,mean,982,0.017777777777777778
5,mean,983,0.02222222222222222
5,mean,984,0.017777777777777778
5,mean,985,0.03333333333333334
5,mean,986,0.03333333333333334
5,mean,987,0.015555555555555555
5,mean,988,0.013333333333333332
5,mean,989,0.015555555555555555
5,mean,990,0.015555555555555555
5,mean,991,0.026666666666666665
5,mean,992,0.011111111111111112
5,mean,993,0.011111111111111112
5,mean,994,0.02888888888888889
5,mean,995,0.02222222222222222
5,mean,996,0.019999999999999997
5,mean,997,0.006666666666666668
5,mean,998,0.026666666666666665
5,mean,999,0.015555555555555555
5,mean,1000,0.02888888888888889
5,mean,1001,0.02222222222222222
5,mean,1002,0.024444444444444442
5,mean,1003,0.026666666666666665
5,mean,1004,0.04222222222222224
5,mean,1005,0.019999999999999997
5,mean,1006,0.019999999999999997
5,mean,1007,0.026666666666666665
5,mean,1008,0.02222222222222222
5,mean,1009,0.02888888888888889
5,mean,1010,0.02222222222222222
5,mean,1011,0.015555555555555555
5,mean,1012,0.02222222222222222
5,mean,1013,0.019999999999999997
5,mean,1014,0.015555555555555555
5,mean,1015,0.017777777777777778
5,mean,1016,0.02222222222222222
5,mean,1017,0.019999999999999997
5,mean,1018,0.031111111111111114
5,mean,1019,0.017777777777777778
5,mean,1020,0.017777777777777778
5,mean,1021,0.008888888888888889
5,mean,1022,0.019999999999999997
5,mean,1023,0.019999999999999997
5,mean,1024,0.037777777777777785
5,mean,1025,0.013333333333333332
5,mean,1026,0.015555555555555555
5,mean,1027,0.015555555555555555
5,mean,1028,0.008888888888888889
5,mean,1029,0.02222222222222222
5,mean,1030,0.019999999999999997
5,mean,1031,0.015555555555555555
5,mean,1032,0.019999999999999997
5,mean,1033,0.02222222222222222
5,mean,1034,0.008888888888888889
5,mean,1035,0.019999999999999997
5,mean,1036,0.011111111111111112
5,mean,1037,0.03333333333333334
5,mean,1038,0.024444444444444442
5,mean,1039,0.03555555555555556
5,mean,1040,0.015555555555555555
5,mean,1041,0.02222222222222222
5,mean,1042,0.013333333333333332
5,mean,1043,0.019999999999999997
5,mean,1044,0.017777777777777778
5,mean,1045,0.015555555555555555
5,mean,1046,0.017777777777777778
5,mean,1047,0.006666666666666668
5,mean,1048,0.013333333333333332
5,mean,1049,0.02
5,mean,1050,0.024444444444444442
5,mean,1051,0.015555555555555555
5,mean,1052,0.03555555555555556
5,mean,1053,0.02222222222222222
5,mean,1054,0.017777777777777778
5,mean,1055,0.008888888888888889
5,mean,1056,0.026666666666666665
5,mean,1057,0.03333333333333334
5,mean,1058,0.015555555555555555
5,mean,1059,0.026666666666666672
5,mean,1060,0.019999999999999997
5,mean,1061,0.031111111111111114
5,mean,1062,0.013333333333333332
5,mean,1063,0.017777777777777778
5,mean,1064,0.026666666666666665
5,mean,1065,0.02222222222222222
5,mean,1066,0.013333333333333332
5,mean,1067,0.024444444444444442
5,mean,1068,0.017777777777777778
5,mean,1069,0.031111111111111114
5,mean,1070,0.02222222222222222
5,mean,1071,0.024444444444444442
5,mean,1072,0.02222222222222222
5,mean,1073,0.037777777777777785
5,mean,1074,0.02222222222222222
5,mean,1075,0.02222222222222222
5,mean,1076,0.02222222222222222
5,mean,1077,0.013333333333333332
5,mean,1078,0.015555555555555555
5,mean,1079,0.015555555555555555
5,mean,1080,0.008888888888888889
5,mean,1081,0.011111111111111112
5,mean,1082,0.013333333333333332
5,mean,1083,0.026666666666666665
5,mean,1084,0.024444444444444442
5,mean,1085,0.03777777777777779
5,mean,1086,0.017777777777777778
5,mean,1087,0.02222222222222222
5,mean,1088,0.013333333333333332
5,mean,1089,0.015555555555555555
5,mean,1090,0.02222222222222222
5,mean,1091,0.008888888888888889
5,mean,1092,0.015555555555555557
5,mean,1093,0.019999999999999997
5,mean,1094,0.013333333333333332
5,mean,1095,0.02222222222222222
5,mean,1096,0.017777777777777778
5,mean,1097,0.02888888888888889
5,mean,1098,0.024444444444444442
5,mean,1099,0.024444444444444442
5,mean,1100,0.013333333333333332
5,mean,1101,0.026666666666666672
5,mean,1102,0.011111111111111112
5,mean,1103,0.02888888888888889
5,mean,1104,0.013333333333333332
5,mean,1105,0.02222222222222222
5,mean,1106,0.04222222222222223
5,mean,1107,0.008888888888888889
5,mean,1108,0.015555555555555555
5,mean,1109,0.019999999999999997
5,mean,1110,0.008888888888888889
5,mean,1111,0.026666666666666665
5,mean,1112,0.024444444444444442
5,mean,1113,0.04000000000000001
5,mean,1114,0.015555555555555555
5,mean,1115,0.02888888888888889
5,mean,1116,0.02888888888888889
5,mean,1117,0.024444444444444442
5,mean,1118,0.03333333333333334
5,mean,1119,0.017777777777777778
5,mean,1120,0.03555555555555556
5,mean,1121,0.015555555555555555
5,mean,1122,0.011111111111111112
5,mean,1123,0.026666666666666672
5,mean,1124,0.013333333333333332
5,mean,1125,0.013333333333333332
5,mean,1126,0.015555555555555555
5,mean,1127,0.024444444444444442
5,mean,1128,0.024444444444444442
5,mean,1129,0.019999999999999997
5,mean,1130,0.019999999999999997
5,mean,1131,0.008888888888888889
5,mean,1132,0.02888888888888889
5,mean,1133,0.019999999999999997
5,mean,1134,0.019999999999999997
5,mean,1135,0.013333333333333332
5,mean,1136,0.026666666666666665
5,mean,1137,0.015555555555555555
5,mean,1138,0.015555555555555555
5,mean,1139,0.037777777777777785
5,mean,1140,0.013333333333333332
5,mean,1141,0.026666666666666665
5,mean,1142,0.011111111111111112
5,mean,1143,0.013333333333333332
5,mean,1144,0.022222222222222223
5,mean,1145,0.015555555555555555
5,mean,1146,0.017777777777777778
5,mean,1147,0.026666666666666665
5,mean,1148,0.019999999999999997
5,mean,1149,0.015555555555555555
5,mean,1150,0.026666666666666665
5,mean,1151,0.02222222222222222
5,mean,1152,0.015555555555555555
5,mean,1153,0.019999999999999997
5,mean,1154,0.013333333333333332
5,mean,1155,0.015555555555555555
5,mean,1156,0.006666666666666668
5,mean,1157,0.013333333333333332
5,mean,1158,0.015555555555555555
5,mean,1159,0.011111111111111112
5,mean,1160,0.026666666666666672
5,mean,1161,0.05555555555555559
5,mean,1162,0.02222222222222222
5,mean,1163,0.008888888888888889
5,mean,1164,0.02222222222222222
5,mean,1165,0.024444444444444442
5,mean,1166,0.022222222222222223
5,mean,1167,0.02
5,mean,1168,0.019999999999999997
5,mean,1169,0.031111111111111114
5,mean,1170,0.04444444444444445
5,mean,1171,0.02888888888888889
5,mean,1172,0.015555555555555555
5,mean,1173,0.022222222222222223
5,mean,1174,0.011111111111111112
5,mean,1175,0.019999999999999997
5,mean,1176,0.015555555555555555
5,mean,1177,0.008888888888888889
5,mean,1178,0.02888888888888889
5,mean,1179,0.011111111111111112
5,mean,1180,0.019999999999999997
5,mean,1181,0.026666666666666672
5,mean,1182,0.013333333333333332
5,mean,1183,0.024444444444444446
5,mean,1184,0.03333333333333334
5,mean,1185,0.026666666666666665
5,mean,1186,0.017777777777777778
5,mean,1187,0.017777777777777778
5,mean,1188,0.022222222222222223
5,mean,1189,0.02222222222222222
5,mean,1190,0.019999999999999997
5,mean,1191,0.017777777777777778
5,mean,1192,0.02222222222222222
5,mean,1193,0.04222222222222224
5,mean,1194,0.013333333333333332
5,mean,1195,0.02222222222222222
5,mean,1196,0.024444444444444442
5,mean,1197,0.019999999999999997
5,mean,1198,0.02222222222222222
5,mean,1199,0.02222222222222222
5,mean,1200,0.02888888888888889
5,mean,1201,0.02222222222222222
5,mean,1202,0.03333333333333334
5,mean,1203,0.019999999999999997
5,mean,1204,0.011111111111111112
5,mean,1205,0.02222222222222222
5,mean,1206,0.031111111111111114
5,mean,1207,0.008888888888888889
5,mean,1208,0.017777777777777778
5,mean,1209,0.017777777777777778
5,mean,1210,0.02888888888888889
5,mean,1211,0.017777777777777778
5,mean,1212,0.017777777777777778
5,mean,1213,0.017777777777777778
5,mean,1214,0.019999999999999997
5,mean,1215,0.019999999999999997
5,mean,1216,0.02888888888888889
5,mean,1217,0.026666666666666665
5,mean,1218,0.02888888888888889
5,mean,1219,0.03111111111111112
5,mean,1220,0.013333333333333332
5,mean,1221,0.019999999999999997
5,mean,1222,0.013333333333333332
5,mean,1223,0.013333333333333332
5,mean,1224,0.019999999999999997
5,mean,1225,0.024444444444444442
5,mean,1226,0.024444444444444442
5,mean,1227,0.024444444444444442
5,mean,1228,0.015555555555555555
5,mean,1229,0.026666666666666665
5,mean,1230,0.02222222222222222
5,mean,1231,0.017777777777777778
5,mean,1232,0.013333333333333332
5,mean,1233,0.026666666666666665
5,mean,1234,0.02222222222222222
5,mean,1235,0.011111111111111112
5,mean,1236,0.022222222222222223
5,mean,1237,0.015555555555555555
5,mean,1238,0.03333333333333334
5,mean,1239,0.02888888888888889
5,mean,1240,0.017777777777777778
5,mean,1241,0.02222222222222222
5,mean,1242,0.02222222222222222
5,mean,1243,0.028888888888888895
5,mean,1244,0.017777777777777778
5,mean,1245,0.015555555555555555
5,mean,1246,0.013333333333333332
5,mean,1247,0.015555555555555555
5,mean,1248,0.024444444444444442
5,mean,1249,0.0022222222222222222
5,mean,1250,0.02222222222222222
5,mean,1251,0.026666666666666665
5,mean,1252,0.015555555555555555
5,mean,1253,0.013333333333333332
5,mean,1254,0.02222222222222222
5,mean,1255,0.015555555555555555
5,mean,1256,0.017777777777777778
5,mean,1257,0.02222222222222222
5,mean,1258,0.02888888888888889
5,mean,1259,0.026666666666666665
5,mean,1260,0.008888888888888889
5,mean,1261,0.008888888888888889
5,mean,1262,0.013333333333333332
5,mean,1263,0.017777777777777778
5,mean,1264,0.02888888888888889
5,mean,1265,0.011111111111111112
5,mean,1266,0.02888888888888889
5,mean,1267,0.024444444444444442
5,mean,1268,0.026666666666666672
5,mean,1269,0.011111111111111112
5,mean,1270,0.026666666666666665
5,mean,1271,0.017777777777777778
5,mean,1272,0.026666666666666665
5,mean,1273,0.011111111111111112
5,mean,1274,0.0022222222222222222
5,mean,1275,0.02222222222222222
5,mean,1276,0.019999999999999997
5,mean,1277,0.02222222222222222
5,mean,1278,0.017777777777777778
5,mean,1279,0.019999999999999997
5,mean,1280,0.015555555555555555
5,mean,1281,0.013333333333333332
5,mean,1282,0.031111111111111114
5,mean,1283,0.03333333333333334
5,mean,1284,0.02222222222222222
5,mean,1285,0.015555555555555555
5,mean,1286,0.02222222222222222
5,mean,1287,0.008888888888888889
5,mean,1288,0.028888888888888895
5,mean,1289,0.015555555555555555
5,mean,1290,0.02222222222222222
5,mean,1291,0.017777777777777778
5,mean,1292,0.03333333333333334
5,mean,1293,0.0044444444444444444
5,mean,1294,0.02222222222222222
5,mean,1295,0.02222222222222222
5,mean,1296,0.015555555555555555
5,mean,1297,0.019999999999999997
5,mean,1298,0.026666666666666665
5,mean,1299,0.017777777777777778
5,mean,1300,0.013333333333333332
5,mean,1301,0.024444444444444442
5,mean,1302,0.015555555555555555
5,mean,1303,0.019999999999999997
5,mean,1304,0.0044444444444444444
5,mean,1305,0.008888888888888889
5,mean,1306,0.006666666666666668
5,mean,1307,0.015555555555555555
5,mean,1308,0.011111111111111112
5,mean,1309,0.02222222222222222
5,mean,1310,0.017777777777777778
5,mean,1311,0.017777777777777778
5,mean,1312,0.02888888888888889
5,mean,1313,0.022222222222222223
5,mean,1314,0.03333333333333334
5,mean,1315,0.013333333333333332
5,mean,1316,0.0044444444444444444
5,mean,1317,0.019999999999999997
5,mean,1318,0.017777777777777778
5,mean,1319,0.019999999999999997
5,mean,1320,0.026666666666666665
5,mean,1321,0.026666666666666665
5,mean,1322,0.04000000000000001
5,mean,1323,0.017777777777777778
5,mean,1324,0.015555555555555555
5,mean,1325,0.03333333333333334
5,mean,1326,0.02888888888888889
5,mean,1327,0.011111111111111112
5,mean,1328,0.03333333333333334
5,mean,1329,0.024444444444444442
5,mean,1330,0.026666666666666665
5,mean,1331,0.006666666666666668
5,mean,1332,0.013333333333333332
5,mean,1333,0.019999999999999997
5,mean,1334,0.017777777777777778
5,mean,1335,0.013333333333333332
5,mean,1336,0.017777777777777778
5,mean,1337,0.024444444444444442
5,mean,1338,0.026666666666666665
5,mean,1339,0.024444444444444442
5,mean,1340,0.026666666666666665
5,mean,1341,0.02222222222222222
5,mean,1342,0.0044444444444444444
5,mean,1343,0.026666666666666665
5,mean,1344,0.03333333333333333
5,mean,1345,0.011111111111111112
5,mean,1346,0.017777777777777778
5,mean,1347,0.017777777777777778
5,mean,1348,0.006666666666666668
5,mean,1349,0.013333333333333332
5,mean,1350,0.04000000000000001
5,mean,1351,0.02888888888888889
5,mean,1352,0.02
5,mean,1353,0.015555555555555555
5,mean,1354,0.017777777777777778
5,mean,1355,0.011111111111111112
5,mean,1356,0.019999999999999997
5,mean,1357,0.008888888888888889
5,mean,1358,0.031111111111111114
5,mean,1359,0.019999999999999997
5,mean,1360,0.019999999999999997
5,mean,1361,0.017777777777777778
5,mean,1362,0.015555555555555555
5,mean,1363,0.026666666666666665
5,mean,1364,0.02888888888888889
5,mean,1365,0.013333333333333332
5,mean,1366,0.015555555555555555
5,mean,1367,0.017777777777777778
5,mean,1368,0.017777777777777778
5,mean,1369,0.022222222222222223
5,mean,1370,0.017777777777777778
5,mean,1371,0.02222222222222222
5,mean,1372,0.017777777777777778
5,mean,1373,0.017777777777777778
5,mean,1374,0.02222222222222222
5,mean,1375,0.024444444444444442
5,mean,1376,0.013333333333333332
5,mean,1377,0.02888888888888889
5,mean,1378,0.015555555555555555
5,mean,1379,0.006666666666666668
5,mean,1380,0.026666666666666665
5,mean,1381,0.03555555555555557
5,mean,1382,0.008888888888888889
5,mean,1383,0.024444444444444442
5,mean,1384,0.008888888888888889
5,mean,1385,0.013333333333333336
5,mean,1386,0.024444444444444442
5,mean,1387,0.006666666666666668
5,mean,1388,0.024444444444444442
5,mean,1389,0.015555555555555555
5,mean,1390,0.026666666666666665
5,mean,1391,0.019999999999999997
5,mean,1392,0.017777777777777778
5,mean,1393,0.024444444444444442
5,mean,1394,0.019999999999999997
5,mean,1395,0.013333333333333332
5,mean,1396,0.03555555555555556
5,mean,1397,0.028888888888888895
5,mean,1398,0.024444444444444442
5,mean,1399,0.013333333333333332
5,mean,1400,0.026666666666666665
5,mean,1401,0.02222222222222222
5,mean,1402,0.024444444444444442
5,mean,1403,0.02222222222222222
5,mean,1404,0.019999999999999997
5,mean,1405,0.013333333333333332
5,mean,1406,0.024444444444444442
5,mean,1407,0.024444444444444442
5,mean,1408,0.017777777777777778
5,mean,1409,0.015555555555555555
5,mean,1410,0.02222222222222222
5,mean,1411,0.019999999999999997
5,mean,1412,0.019999999999999997
5,mean,1413,0.013333333333333332
5,mean,1414,0.026666666666666665
5,mean,1415,0.019999999999999997
5,mean,1416,0.013333333333333332
5,mean,1417,0.02222222222222222
5,mean,1418,0.013333333333333332
5,mean,1419,0.019999999999999997
5,mean,1420,0.04444444444444447
5,mean,1421,0.026666666666666665
5,mean,1422,0.019999999999999997
5,mean,1423,0.02222222222222222
5,mean,1424,0.019999999999999997
5,mean,1425,0.026666666666666665
5,mean,1426,0.015555555555555555
5,mean,1427,0.024444444444444446
5,mean,1428,0.015555555555555555
5,mean,1429,0.026666666666666665
5,mean,1430,0.031111111111111114
5,mean,1431,0.017777777777777778
5,mean,1432,0.011111111111111112
5,mean,1433,0.024444444444444442
5,mean,1434,0.019999999999999997
5,mean,1435,0.006666666666666668
5,mean,1436,0.037777777777777785
5,mean,1437,0.019999999999999997
5,mean,1438,0.015555555555555555
5,mean,1439,0.02888888888888889
5,mean,1440,0.017777777777777778
5,mean,1441,0.024444444444444442
5,mean,1442,0.015555555555555555
5,mean,1443,0.013333333333333332
5,mean,1444,0.019999999999999997
5,mean,1445,0.015555555555555555
5,mean,1446,0.037777777777777785
5,mean,1447,0.02222222222222222
5,mean,1448,0.017777777777777778
5,mean,1449,0.019999999999999997
5,mean,1450,0.024444444444444442
5,mean,1451,0.013333333333333332
5,mean,1452,0.0044444444444444444
5,mean,1453,0.013333333333333332
5,mean,1454,0.008888888888888889
5,mean,1455,0.02222222222222222
5,mean,1456,0.037777777777777785
5,mean,1457,0.02888888888888889
5,mean,1458,0.026666666666666672
5,mean,1459,0.02888888888888889
5,mean,1460,0.008888888888888889
5,mean,1461,0.022222222222222223
5,mean,1462,0.015555555555555555
5,mean,1463,0.017777777777777778
5,mean,1464,0.013333333333333332
5,mean,1465,0.008888888888888889
5,mean,1466,0.028888888888888895
5,mean,1467,0.019999999999999997
5,mean,1468,0.011111111111111112
5,mean,1469,0.013333333333333332
5,mean,1470,0.013333333333333332
5,mean,1471,0.011111111111111112
5,mean,1472,0.02888888888888889
5,mean,1473,0.0022222222222222222
5,mean,1474,0.04
5,mean,1475,0.026666666666666665
5,mean,1476,0.019999999999999997
5,mean,1477,0.028888888888888895
5,mean,1478,0.008888888888888889
5,mean,1479,0.008888888888888889
5,mean,1480,0.03333333333333334
5,mean,1481,0.028888888888888884
5,mean,1482,0.04000000000000001
5,mean,1483,0.02222222222222222
5,mean,1484,0.04000000000000001
5,mean,1485,0.008888888888888889
5,mean,1486,0.0044444444444444444
5,mean,1487,0.008888888888888889
5,mean,1488,0.024444444444444442
5,mean,1489,0.02
5,mean,1490,0.011111111111111112
5,mean,1491,0.04444444444444445
5,mean,1492,0.017777777777777778
5,mean,1493,0.019999999999999997
5,mean,1494,0.006666666666666668
5,mean,1495,0.024444444444444442
5,mean,1496,0.008888888888888889
5,mean,1497,0.008888888888888889
5,mean,1498,0.02222222222222222
5,mean,1499,0.026666666666666672
5,mean,1500,0.015555555555555555
5,mean,1501,0.017777777777777778
5,mean,1502,0.006666666666666668
5,mean,1503,0.024444444444444442
5,mean,1504,0.019999999999999997
5,mean,1505,0.02222222222222222
5,mean,1506,0.015555555555555555
5,mean,1507,0.024444444444444442
5,mean,1508,0.03333333333333334
5,mean,1509,0.011111111111111112
5,mean,1510,0.026666666666666665
5,mean,1511,0.015555555555555555
5,mean,1512,0.017777777777777778
5,mean,1513,0.03111111111111112
5,mean,1514,0.017777777777777778
5,mean,1515,0.024444444444444442
5,mean,1516,0.017777777777777778
5,mean,1517,0.02888888888888889
5,mean,1518,0.026666666666666665
5,mean,1519,0.0
5,mean,1520,0.017777777777777778
5,mean,1521,0.013333333333333332
5,mean,1522,0.015555555555555557
5,mean,1523,0.024444444444444442
5,mean,1524,0.017777777777777778
5,mean,1525,0.03333333333333334
5,mean,1526,0.02222222222222222
5,mean,1527,0.006666666666666668
5,mean,1528,0.02222222222222222
5,mean,1529,0.02888888888888889
5,mean,1530,0.019999999999999997
5,mean,1531,0.019999999999999997
5,mean,1532,0.011111111111111112
5,mean,1533,0.02222222222222222
5,mean,1534,0.031111111111111114
5,mean,1535,0.03555555555555556
5,mean,1536,0.017777777777777778
5,mean,1537,0.024444444444444442
5,mean,1538,0.026666666666666665
5,mean,1539,0.026666666666666665
5,mean,1540,0.024444444444444453
5,mean,1541,0.022222222222222223
5,mean,1542,0.02
5,mean,1543,0.006666666666666668
5,mean,1544,0.013333333333333332
5,mean,1545,0.013333333333333332
5,mean,1546,0.015555555555555555
5,mean,1547,0.026666666666666665
5,mean,1548,0.03333333333333334
5,mean,1549,0.02222222222222222
5,mean,1550,0.019999999999999997
5,mean,1551,0.015555555555555555
5,mean,1552,0.019999999999999997
5,mean,1553,0.015555555555555555
5,mean,1554,0.03111111111111112
5,mean,1555,0.02888888888888889
5,mean,1556,0.02888888888888889
5,mean,1557,0.013333333333333332
5,mean,1558,0.02222222222222222
5,mean,1559,0.019999999999999997
5,mean,1560,0.02222222222222222
5,mean,1561,0.017777777777777778
5,mean,1562,0.02222222222222222
5,mean,1563,0.017777777777777778
5,mean,1564,0.015555555555555555
5,mean,1565,0.02222222222222222
5,mean,1566,0.035555555555555556
5,mean,1567,0.017777777777777778
5,mean,1568,0.006666666666666668
5,mean,1569,0.011111111111111112
5,mean,1570,0.026666666666666665
5,mean,1571,0.026666666666666665
5,mean,1572,0.019999999999999997
5,mean,1573,0.011111111111111112
5,mean,1574,0.015555555555555555
5,mean,1575,0.026666666666666665
5,mean,1576,0.02888888888888889
5,mean,1577,0.019999999999999997
5,mean,1578,0.006666666666666668
5,mean,1579,0.019999999999999997
5,mean,1580,0.019999999999999997
5,mean,1581,0.024444444444444442
5,mean,1582,0.019999999999999997
5,mean,1583,0.008888888888888889
5,mean,1584,0.017777777777777778
5,mean,1585,0.017777777777777778
5,mean,1586,0.013333333333333332
5,mean,1587,0.008888888888888889
5,mean,1588,0.013333333333333332
5,mean,1589,0.026666666666666665
5,mean,1590,0.02
5,mean,1591,0.031111111111111114
5,mean,1592,0.017777777777777778
5,mean,1593,0.017777777777777778
5,mean,1594,0.013333333333333332
5,mean,1595,0.026666666666666665
5,mean,1596,0.008888888888888889
5,mean,1597,0.015555555555555555
5,mean,1598,0.019999999999999997
5,mean,1599,0.013333333333333332
5,mean,1600,0.015555555555555555
5,mean,1601,0.02888888888888889
5,mean,1602,0.02222222222222222
5,mean,1603,0.013333333333333332
5,mean,1604,0.02222222222222222
5,mean,1605,0.011111111111111112
5,mean,1606,0.013333333333333332
5,mean,1607,0.017777777777777778
5,mean,1608,0.024444444444444442
5,mean,1609,0.026666666666666665
5,mean,1610,0.024444444444444442
5,mean,1611,0.019999999999999997
5,mean,1612,0.03777777777777779
5,mean,1613,0.024444444444444442
5,mean,1614,0.019999999999999997
5,mean,1615,0.03333333333333334
5,mean,1616,0.013333333333333332
5,mean,1617,0.024444444444444442
5,mean,1618,0.04000000000000001
5,mean,1619,0.013333333333333332
5,mean,1620,0.019999999999999997
5,mean,1621,0.02
5,mean,1622,0.024444444444444442
5,mean,1623,0.011111111111111112
5,mean,1624,0.013333333333333332
5,mean,1625,0.008888888888888889
5,mean,1626,0.02888888888888889
5,mean,1627,0.011111111111111112
5,mean,1628,0.031111111111111114
5,mean,1629,0.019999999999999997
5,mean,1630,0.008888888888888889
5,mean,1631,0.02222222222222222
5,mean,1632,0.019999999999999997
5,mean,1633,0.019999999999999997
5,mean,1634,0.026666666666666665
5,mean,1635,0.017777777777777778
5,mean,1636,0.024444444444444446
5,mean,1637,0.02222222222222222
5,mean,1638,0.015555555555555555
5,mean,1639,0.017777777777777778
5,mean,1640,0.008888888888888889
5,mean,1641,0.031111111111111114
5,mean,1642,0.011111111111111112
5,mean,1643,0.02888888888888889
5,mean,1644,0.015555555555555555
5,mean,1645,0.008888888888888889
5,mean,1646,0.015555555555555555
5,mean,1647,0.017777777777777778
5,mean,1648,0.035555555555555556
5,mean,1649,0.024444444444444442
5,mean,1650,0.02222222222222222
5,mean,1651,0.03555555555555556
5,mean,1652,0.017777777777777778
5,mean,1653,0.019999999999999997
5,mean,1654,0.02888888888888889
5,mean,1655,0.017777777777777778
5,mean,1656,0.031111111111111114
5,mean,1657,0.03777777777777778
5,mean,1658,0.019999999999999997
5,mean,1659,0.017777777777777778
5,mean,1660,0.024444444444444442
5,mean,1661,0.03333333333333334
5,mean,1662,0.015555555555555555
5,mean,1663,0.017777777777777778
5,mean,1664,0.019999999999999997
5,mean,1665,0.017777777777777778
5,mean,1666,0.019999999999999997
5,mean,1667,0.024444444444444442
5,mean,1668,0.02222222222222222
5,mean,1669,0.019999999999999997
5,mean,1670,0.015555555555555555
5,mean,1671,0.015555555555555555
5,mean,1672,0.013333333333333332
5,mean,1673,0.017777777777777778
5,mean,1674,0.03555555555555556
5,mean,1675,0.019999999999999997
5,mean,1676,0.031111111111111114
5,mean,1677,0.02222222222222222
5,mean,1678,0.017777777777777778
5,mean,1679,0.026666666666666665
5,mean,1680,0.015555555555555555
5,mean,1681,0.019999999999999997
5,mean,1682,0.031111111111111114
5,mean,1683,0.017777777777777778
5,mean,1684,0.019999999999999997
5,mean,1685,0.02888888888888889
5,mean,1686,0.024444444444444442
5,mean,1687,0.026666666666666665
5,mean,1688,0.013333333333333332
5,mean,1689,0.024444444444444442
5,mean,1690,0.019999999999999997
5,mean,1691,0.026666666666666665
5,mean,1692,0.026666666666666665
5,mean,1693,0.048888888888888905
5,mean,1694,0.046666666666666676
5,mean,1695,0.013333333333333332
5,mean,1696,0.015555555555555555
5,mean,1697,0.024444444444444442
5,mean,1698,0.006666666666666668
5,mean,1699,0.017777777777777778
5,mean,1700,0.017777777777777778
5,mean,1701,0.024444444444444442
5,mean,1702,0.02888888888888889
5,mean,1703,0.013333333333333332
5,mean,1704,0.02888888888888889
5,mean,1705,0.02222222222222222
5,mean,1706,0.008888888888888889
5,mean,1707,0.013333333333333332
5,mean,1708,0.024444444444444446
5,mean,1709,0.015555555555555555
5,mean,1710,0.019999999999999997
5,mean,1711,0.02222222222222222
5,mean,1712,0.015555555555555555
5,mean,1713,0.024444444444444442
5,mean,1714,0.017777777777777778
5,mean,1715,0.024444444444444442
5,mean,1716,0.019999999999999997
5,mean,1717,0.04444444444444445
5,mean,1718,0.017777777777777778
5,mean,1719,0.02222222222222222
5,mean,1720,0.02222222222222222
5,mean,1721,0.015555555555555555
5,mean,1722,0.015555555555555555
5,mean,1723,0.02222222222222222
5,mean,1724,0.011111111111111112
5,mean,1725,0.03333333333333334
5,mean,1726,0.017777777777777778
5,mean,1727,0.03333333333333334
5,mean,1728,0.026666666666666665
5,mean,1729,0.031111111111111114
5,mean,1730,0.015555555555555555
5,mean,1731,0.008888888888888889
5,mean,1732,0.0044444444444444444
5,mean,1733,0.019999999999999997
5,mean,1734,0.02888888888888889
5,mean,1735,0.019999999999999997
5,mean,1736,0.026666666666666665
5,mean,1737,0.008888888888888889
5,mean,1738,0.02
5,mean,1739,0.013333333333333332
5,mean,1740,0.02888888888888889
5,mean,1741,0.017777777777777778
5,mean,1742,0.015555555555555555
5,mean,1743,0.03333333333333334
5,mean,1744,0.013333333333333332
5,mean,1745,0.024444444444444442
5,mean,1746,0.019999999999999997
5,mean,1747,0.03333333333333333
5,mean,1748,0.013333333333333332
5,mean,1749,0.019999999999999997
5,mean,1750,0.02888888888888889
5,mean,1751,0.024444444444444442
5,mean,1752,0.026666666666666665
5,mean,1753,0.031111111111111114
5,mean,1754,0.013333333333333332
5,mean,1755,0.05333333333333336
5,mean,1756,0.031111111111111114
5,mean,1757,0.013333333333333332
5,mean,1758,0.015555555555555555
5,mean,1759,0.011111111111111112
5,mean,1760,0.011111111111111112
5,mean,1761,0.017777777777777778
5,mean,1762,0.024444444444444442
5,mean,1763,0.022222222222222223
5,mean,1764,0.022222222222222223
5,mean,1765,0.02222222222222222
5,mean,1766,0.02222222222222222
5,mean,1767,0.03555555555555556
5,mean,1768,0.026666666666666672
5,mean,1769,0.03777777777777779
5,mean,1770,0.03333333333333334
5,mean,1771,0.019999999999999997
5,mean,1772,0.024444444444444442
5,mean,1773,0.024444444444444442
5,mean,1774,0.019999999999999997
5,mean,1775,0.017777777777777778
5,mean,1776,0.03555555555555556
5,mean,1777,0.017777777777777778
5,mean,1778,0.017777777777777778
5,mean,1779,0.026666666666666665
5,mean,1780,0.024444444444444442
5,mean,1781,0.02222222222222222
5,mean,1782,0.013333333333333332
5,mean,1783,0.019999999999999997
5,mean,1784,0.008888888888888889
5,mean,1785,0.03555555555555556
5,mean,1786,0.019999999999999997
5,mean,1787,0.006666666666666668
5,mean,1788,0.017777777777777778
5,mean,1789,0.019999999999999997
5,mean,1790,0.024444444444444442
5,mean,1791,0.019999999999999997
5,mean,1792,0.026666666666666665
5,mean,1793,0.015555555555555555
5,mean,1794,0.017777777777777778
5,mean,1795,0.02222222222222222
5,mean,1796,0.02
5,mean,1797,0.03111111111111112
5,mean,1798,0.017777777777777778
5,mean,1799,0.015555555555555555
5,mean,1800,0.019999999999999997
5,mean,1801,0.024444444444444446
5,mean,1802,0.024444444444444442
5,mean,1803,0.028888888888888884
5,mean,1804,0.008888888888888889
5,mean,1805,0.017777777777777778
5,mean,1806,0.017777777777777778
5,mean,1807,0.02222222222222222
5,mean,1808,0.017777777777777778
5,mean,1809,0.019999999999999997
5,mean,1810,0.011111111111111112
5,mean,1811,0.040000000000000015
5,mean,1812,0.019999999999999997
5,mean,1813,0.02222222222222222
5,mean,1814,0.006666666666666668
5,mean,1815,0.011111111111111112
5,mean,1816,0.011111111111111112
5,mean,1817,0.026666666666666665
5,mean,1818,0.017777777777777778
5,mean,1819,0.026666666666666665
5,mean,1820,0.026666666666666665
5,mean,1821,0.02222222222222222
5,mean,1822,0.02888888888888889
5,mean,1823,0.031111111111111114
5,mean,1824,0.02888888888888889
5,mean,1825,0.015555555555555555
5,mean,1826,0.024444444444444442
5,mean,1827,0.013333333333333332
5,mean,1828,0.015555555555555555
5,mean,1829,0.017777777777777778
5,mean,1830,0.02
5,mean,1831,0.024444444444444442
5,mean,1832,0.017777777777777778
5,mean,1833,0.017777777777777778
5,mean,1834,0.02222222222222222
5,mean,1835,0.017777777777777778
5,mean,1836,0.026666666666666665
5,mean,1837,0.011111111111111112
5,mean,1838,0.024444444444444442
5,mean,1839,0.017777777777777778
5,mean,1840,0.017777777777777778
5,mean,1841,0.017777777777777778
5,mean,1842,0.026666666666666665
5,mean,1843,0.006666666666666668
5,mean,1844,0.02222222222222222
5,mean,1845,0.011111111111111112
5,mean,1846,0.02888888888888889
5,mean,1847,0.03333333333333334
5,mean,1848,0.017777777777777778
5,mean,1849,0.02
5,mean,1850,0.024444444444444442
5,mean,1851,0.017777777777777778
5,mean,1852,0.037777777777777785
5,mean,1853,0.015555555555555555
5,mean,1854,0.0044444444444444444
5,mean,1855,0.026666666666666665
5,mean,1856,0.006666666666666668
5,mean,1857,0.02222222222222222
5,mean,1858,0.019999999999999997
5,mean,1859,0.008888888888888889
5,mean,1860,0.02222222222222222
5,mean,1861,0.026666666666666665
5,mean,1862,0.037777777777777785
5,mean,1863,0.011111111111111112
5,mean,1864,0.02222222222222222
5,mean,1865,0.024444444444444442
5,mean,1866,0.04000000000000001
5,mean,1867,0.011111111111111112
5,mean,1868,0.017777777777777778
5,mean,1869,0.031111111111111114
5,mean,1870,0.006666666666666668
5,mean,1871,0.015555555555555555
5,mean,1872,0.03333333333333334
5,mean,1873,0.02222222222222222
5,mean,1874,0.02888888888888889
5,mean,1875,0.026666666666666665
5,mean,1876,0.015555555555555555
5,mean,1877,0.017777777777777778
5,mean,1878,0.03111111111111112
5,mean,1879,0.013333333333333332
5,mean,1880,0.0044444444444444444
5,mean,1881,0.02222222222222222
5,mean,1882,0.017777777777777778
5,mean,1883,0.0288888888888889
5,mean,1884,0.017777777777777778
5,mean,1885,0.013333333333333332
5,mean,1886,0.011111111111111112
5,mean,1887,0.031111111111111114
5,mean,1888,0.024444444444444442
5,mean,1889,0.028888888888888895
5,mean,1890,0.008888888888888889
5,mean,1891,0.015555555555555555
5,mean,1892,0.019999999999999997
5,mean,1893,0.024444444444444446
5,mean,1894,0.02888888888888889
5,mean,1895,0.013333333333333332
5,mean,1896,0.02222222222222222
5,mean,1897,0.026666666666666665
5,mean,1898,0.02888888888888889
5,mean,1899,0.02222222222222222
5,mean,1900,0.048888888888888905
5,mean,1901,0.02222222222222222
5,mean,1902,0.026666666666666665
5,mean,1903,0.017777777777777778
5,mean,1904,0.024444444444444442
5,mean,1905,0.024444444444444446
5,mean,1906,0.02222222222222222
5,mean,1907,0.026666666666666665
5,mean,1908,0.017777777777777778
5,mean,1909,0.019999999999999997
5,mean,1910,0.03333333333333334
5,mean,1911,0.017777777777777778
5,mean,1912,0.028888888888888895
5,mean,1913,0.04444444444444445
5,mean,1914,0.026666666666666665
5,mean,1915,0.024444444444444442
5,mean,1916,0.03555555555555556
5,mean,1917,0.037777777777777785
5,mean,1918,0.015555555555555555
5,mean,1919,0.031111111111111114
5,mean,1920,0.02222222222222222
5,mean,1921,0.013333333333333332
5,mean,1922,0.02888888888888889
5,mean,1923,0.013333333333333332
5,mean,1924,0.017777777777777778
5,mean,1925,0.015555555555555555
5,mean,1926,0.015555555555555555
5,mean,1927,0.026666666666666665
5,mean,1928,0.026666666666666665
5,mean,1929,0.026666666666666665
5,mean,1930,0.011111111111111112
5,mean,1931,0.017777777777777778
5,mean,1932,0.013333333333333332
5,mean,1933,0.024444444444444446
5,mean,1934,0.03333333333333334
5,mean,1935,0.026666666666666665
5,mean,1936,0.026666666666666665
5,mean,1937,0.017777777777777778
5,mean,1938,0.026666666666666665
5,mean,1939,0.02222222222222222
5,mean,1940,0.03333333333333334
5,mean,1941,0.03333333333333333
5,mean,1942,0.008888888888888889
5,mean,1943,0.015555555555555555
5,mean,1944,0.02222222222222222
5,mean,1945,0.017777777777777778
5,mean,1946,0.015555555555555555
5,mean,1947,0.013333333333333332
5,mean,1948,0.019999999999999997
5,mean,1949,0.0022222222222222222
5,mean,1950,0.02888888888888889
5,mean,1951,0.013333333333333332
5,mean,1952,0.019999999999999997
5,mean,1953,0.02888888888888889
5,mean,1954,0.011111111111111112
5,mean,1955,0.02222222222222222
5,mean,1956,0.017777777777777778
5,mean,1957,0.02888888888888889
5,mean,1958,0.019999999999999997
5,mean,1959,0.02222222222222222
5,mean,1960,0.026666666666666665
5,mean,1961,0.024444444444444442
5,mean,1962,0.015555555555555555
5,mean,1963,0.02222222222222222
5,mean,1964,0.017777777777777778
5,mean,1965,0.017777777777777778
5,mean,1966,0.019999999999999997
5,mean,1967,0.015555555555555555
5,mean,1968,0.015555555555555555
5,mean,1969,0.017777777777777778
5,mean,1970,0.019999999999999997
5,mean,1971,0.017777777777777778
5,mean,1972,0.015555555555555555
5,mean,1973,0.02888888888888889
5,mean,1974,0.02888888888888889
5,mean,1975,0.019999999999999997
5,mean,1976,0.031111111111111114
5,mean,1977,0.02
5,mean,1978,0.02888888888888889
5,mean,1979,0.02222222222222222
5,mean,1980,0.019999999999999997
5,mean,1981,0.019999999999999997
5,mean,1982,0.017777777777777778
5,mean,1983,0.006666666666666668
5,mean,1984,0.017777777777777778
5,mean,1985,0.024444444444444442
5,mean,1986,0.017777777777777778
5,mean,1987,0.013333333333333332
5,mean,1988,0.019999999999999997
5,mean,1989,0.013333333333333332
5,mean,1990,0.019999999999999997
5,mean,1991,0.02888888888888889
5,mean,1992,0.013333333333333332
5,mean,1993,0.0022222222222222222
5,mean,1994,0.03333333333333334
5,mean,1995,0.015555555555555555
5,mean,1996,0.013333333333333332
5,mean,1997,0.031111111111111114
5,mean,1998,0.024444444444444442
5,mean,1999,0.006666666666666668
5,hits,0,12
5,hits,1,7
5,hits,2,6
5,hits,3,7
5,hits,4,15
5,hits,5,5
5,hits,6,12
5,hits,7,11
5,hits,8,8
5,hits,9,15
5,hits,10,9
5,hits,11,11
5,hits,12,9
5,hits,13,8
5,hits,14,6
5,hits,15,13
5,hits,16,2
5,hits,17,4
5,hits,18,4
5,hits,19,11
5,hits,20,12
5,hits,21,2
5,hits,22,7
5,hits,23,5
5,hits,24,13
5,hits,25,12
5,hits,26,6
5,hits,27,14
5,hits,28,13
5,hits,29,14
5,hits,30,9
5,hits,31,10
5,hits,32,4
5,hits,33,15
5,hits,34,9
5,hits,35,5
5,hits,36,11
5,hits,37,12
5,hits,38,12
5,hits,39,15
5,hits,40,10
5,hits,41,7
5,hits,42,11
5,hits,43,5
5,hits,44,12
5,hits,45,7
5,hits,46,9
5,hits,47,15
5,hits,48,11
5,hits,49,11
5,hits,50,6
5,hits,51,8
5,hits,52,12
5,hits,53,8
5,hits,54,14
5,hits,55,12
5,hits,56,13
5,hits,57,6
5,hits,58,9
5,hits,59,12
5,hits,60,8
5,hits,61,15
5,hits,62,9
5,hits,63,9
5,hits,64,13
5,hits,65,8
5,hits,66,4
5,hits,67,9
5,hits,68,7
5,hits,69,13
5,hits,70,11
5,hits,71,6
5,hits,72,20
5,hits,73,5
5,hits,74,9
5,hits,75,14
5,hits,76,11
5,hits,77,10
5,hits,78,8
5,hits,79,4
5,hits,80,4
5,hits,81,10
5,hits,82,9
5,hits,83,13
5,hits,84,11
5,hits,85,9
5,hits,86,13
5,hits,87,9
5,hits,88,18
5,hits,89,6
5,hits,90,4
5,hits,91,5
5,hits,92,15
5,hits,93,7
5,hits,94,8
5,hits,95,9
5,hits,96,17
5,hits,97,6
5,hits,98,18
5,hits,99,11
5,hits,100,8
5,hits,101,4
5,hits,102,8
5,hits,103,3
5,hits,104,9
5,hits,105,17
5,hits,106,14
5,hits,107,11
5,hits,108,9
5,hits,109,8
5,hits,110,11
5,hits,111,7
5,hits,112,11
5,hits,113,8
5,hits,114,3
5,hits,115,13
5,hits,116,8
5,hits,117,12
5,hits,118,13
5,hits,119,9
5,hits,120,9
5,hits,121,8
5,hits,122,3
5,hits,123,10
5,hits,124,13
5,hits,125,9
5,hits,126,9
5,hits,127,3
5,hits,128,5
5,hits,129,7
5,hits,130,11
5,hits,131,10
5,hits,132,5
5,hits,133,7
5,hits,134,8
5,hits,135,11
5,hits,136,11
5,hits,137,9
5,hits,138,12
5,hits,139,8
5,hits,140,8
5,hits,141,15
5,hits,142,13
5,hits,143,3
5,hits,144,11
5,hits,145,15
5,hits,146,6
5,hits,147,12
5,hits,148,8
5,hits,149,17
5,hits,150,11
5,hits,151,5
5,hits,152,4
5,hits,153,13
5,hits,154,8
5,hits,155,12
5,hits,156,10
5,hits,157,12
5,hits,158,9
5,hits,159,6
5,hits,160,8
5,hits,161,8
5,hits,162,14
5,hits,163,22
5,hits,164,14
5,hits,165,7
5,hits,166,8
5,hits,167,8
5,hits,168,7
5,hits,169,12
5,hits,170,9
5,hits,171,9
5,hits,172,5
5,hits,173,8
5,hits,174,8
5,hits,175,6
5,hits,176,7
5,hits,177,4
5,hits,178,10
5,hits,179,5
5,hits,180,15
5,hits,181,11
5,hits,182,12
5,hits,183,13
5,hits,184,13
5,hits,185,21
5,hits,186,11
5,hits,187,10
5,hits,188,6
5,hits,189,12
5,hits,190,4
5,hits,191,8
5,hits,192,13
5,hits,193,8
5,hits,194,14
5,hits,195,13
5,hits,196,7
5,hits,197,5
5,hits,198,4
5,hits,199,9
5,hits,200,14
5,hits,201,6
5,hits,202,5
5,hits,203,14
5,hits,204,12
5,hits,205,5
5,hits,206,14
5,hits,207,14
5,hits,208,8
5,hits,209,8
5,hits,210,8
5,hits,211,7
5,hits,212,16
5,hits,213,6
5,hits,214,10
5,hits,215,10
5,hits,216,7
5,hits,217,11
5,hits,218,14
5,hits,219,21
5,hits,220,13
5,hits,221,14
5,hits,222,11
5,hits,223,11
5,hits,224,3
5,hits,225,10
5,hits,226,4
5,hits,227,12
5,hits,228,6
5,hits,229,9
5,hits,230,8
5,hits,231,10
5,hits,232,4
5,hits,233,7
5,hits,234,8
5,hits,235,6
5,hits,236,9
5,hits,237,13
5,hits,238,4
5,hits,239,10
5,hits,240,8
5,hits,241,6
5,hits,242,8
5,hits,243,18
5,hits,244,10
5,hits,245,14
5,hits,246,5
5,hits,247,8
5,hits,248,12
5,hits,249,5
5,hits,250,9
5,hits,251,10
5,hits,252,11
5,hits,253,12
5,hits,254,18
5,hits,255,8
5,hits,256,6
5,hits,257,9
5,hits,258,10
5,hits,259,15
5,hits,260,11
5,hits,261,8
5,hits,262,8
5,hits,263,20
5,hits,264,13
5,hits,265,6
5,hits,266,6
5,hits,267,4
5,hits,268,12
5,hits,269,5
5,hits,270,19
5,hits,271,11
5,hits,272,7
5,hits,273,15
5,hits,274,6
5,hits,275,3
5,hits,276,10
5,hits,277,9
5,hits,278,11
5,hits,279,6
5,hits,280,14
5,hits,281,9
5,hits,282,15
5,hits,283,10
5,hits,284,19
5,hits,285,7
5,hits,286,15
5,hits,287,9
5,hits,288,16
5,hits,289,10
5,hits,290,14
5,hits,291,6
5,hits,292,10
5,hits,293,7
5,hits,294,10
5,hits,295,8
5,hits,296,10
5,hits,297,8
5,hits,298,9
5,hits,299,6
5,hits,300,6
5,hits,301,8
5,hits,302,2
5,hits,303,7
5,hits,304,11
5,hits,305,9
5,hits,306,11
5,hits,307,5
5,hits,308,15
5,hits,309,8
5,hits,310,11
5,hits,311,7
5,hits,312,11
5,hits,313,4
5,hits,314,4
5,hits,315,10
5,hits,316,7
5,hits,317,10
5,hits,318,15
5,hits,319,11
5,hits,320,13
5,hits,321,8
5,hits,322,15
5,hits,323,6
5,hits,324,10
5,hits,325,6
5,hits,326,16
5,hits,327,10
5,hits,328,15
5,hits,329,8
5,hits,330,8
5,hits,331,11
5,hits,332,9
5,hits,333,12
5,hits,334,15
5,hits,335,8
5,hits,336,7
5,hits,337,13
5,hits,338,8
5,hits,339,5
5,hits,340,4
5,hits,341,12
5,hits,342,8
5,hits,343,6
5,hits,344,10
5,hits,345,8
5,hits,346,7
5,hits,347,9
5,hits,348,5
5,hits,349,6
5,hits,350,12
5,hits,351,3
5,hits,352,10
5,hits,353,6
5,hits,354,11
5,hits,355,4
5,hits,356,7
5,hits,357,18
5,hits,358,9
5,hits,359,12
5,hits,360,15
5,hits,361,13
5,hits,362,2
5,hits,363,12
5,hits,364,3
5,hits,365,16
5,hits,366,12
5,hits,367,13
5,hits,368,11
5,hits,369,11
5,hits,370,10
5,hits,371,8
5,hits,372,10
5,hits,373,15
5,hits,374,4
5,hits,375,7
5,hits,376,9
5,hits,377,10
5,hits,378,4
5,hits,379,5
5,hits,380,7
5,hits,381,14
5,hits,382,9
5,hits,383,8
5,hits,384,5
5,hits,385,4
5,hits,386,14
5,hits,387,5
5,hits,388,8
5,hits,389,3
5,hits,390,9
5,hits,391,7
5,hits,392,7
5,hits,393,11
5,hits,394,11
5,hits,395,12
5,hits,396,7
5,hits,397,4
5,hits,398,7
5,hits,399,8
5,hits,400,17
5,hits,401,14
5,hits,402,8
5,hits,403,9
5,hits,404,7
5,hits,405,13
5,hits,406,9
5,hits,407,15
5,hits,408,11
5,hits,409,16
5,hits,410,11
5,hits,411,18
5,hits,412,9
5,hits,413,10
5,hits,414,10
5,hits,415,10
5,hits,416,6
5,hits,417,8
5,hits,418,13
5,hits,419,7
5,hits,420,2
5,hits,421,10
5,hits,422,12
5,hits,423,10
5,hits,424,14
5,hits,425,4
5,hits,426,6
5,hits,427,15
5,hits,428,7
5,hits,429,7
5,hits,430,7
5,hits,431,9
5,hits,432,10
5,hits,433,4
5,hits,434,4
5,hits,435,18
5,hits,436,13
5,hits,437,11
5,hits,438,8
5,hits,439,8
5,hits,440,9
5,hits,441,15
5,hits,442,6
5,hits,443,6
5,hits,444,9
5,hits,445,12
5,hits,446,7
5,hits,447,1
5,hits,448,15
5,hits,449,11
5,hits,450,6
5,hits,451,8
5,hits,452,15
5,hits,453,7
5,hits,454,12
5,hits,455,7
5,hits,456,4
5,hits,457,13
5,hits,458,12
5,hits,459,17
5,hits,460,13
5,hits,461,11
5,hits,462,8
5,hits,463,8
5,hits,464,11
5,hits,465,9
5,hits,466,9
5,hits,467,4
5,hits,468,5
5,hits,469,12
5,hits,470,4
5,hits,471,12
5,hits,472,5
5,hits,473,9
5,hits,474,12
5,hits,475,5
5,hits,476,7
5,hits,477,10
5,hits,478,13
5,hits,479,5
5,hits,480,14
5,hits,481,19
5,hits,482,8
5,hits,483,11
5,hits,484,11
5,hits,485,8
5,hits,486,8
5,hits,487,16
5,hits,488,8
5,hits,489,9
5,hits,490,9
5,hits,491,6
5,hits,492,14
5,hits,493,10
5,hits,494,9
5,hits,495,16
5,hits,496,9
5,hits,497,11
5,hits,498,4
5,hits,499,11
5,hits,500,8
5,hits,501,10
5,hits,502,9
5,hits,503,5
5,hits,504,11
5,hits,505,7
5,hits,506,13
5,hits,507,11
5,hits,508,15
5,hits,509,9
5,hits,510,5
5,hits,511,10
5,hits,512,9
5,hits,513,7
5,hits,514,9
5,hits,515,7
5,hits,516,17
5,hits,517,9
5,hits,518,5
5,hits,519,4
5,hits,520,7
5,hits,521,10
5,hits,522,9
5,hits,523,5
5,hits,524,9
5,hits,525,13
5,hits,526,6
5,hits,527,10
5,hits,528,9
5,hits,529,3
5,hits,530,11
5,hits,531,5
5,hits,532,7
5,hits,533,13
5,hits,534,7
5,hits,535,6
5,hits,536,9
5,hits,537,9
5,hits,538,9
5,hits,539,7
5,hits,540,8
5,hits,541,9
5,hits,542,5
5,hits,543,9
5,hits,544,16
5,hits,545,9
5,hits,546,9
5,hits,547,8
5,hits,548,8
5,hits,549,17
5,hits,550,8
5,hits,551,11
5,hits,552,7
5,hits,553,7
5,hits,554,13
5,hits,555,11
5,hits,556,12
5,hits,557,10
5,hits,558,7
5,hits,559,13
5,hits,560,5
5,hits,561,8
5,hits,562,9
5,hits,563,6
5,hits,564,9
5,hits,565,13
5,hits,566,11
5,hits,567,4
5,hits,568,10
5,hits,569,14
5,hits,570,14
5,hits,571,11
5,hits,572,19
5,hits,573,10
5,hits,574,6
5,hits,575,13
5,hits,576,7
5,hits,577,3
5,hits,578,9
5,hits,579,6
5,hits,580,9
5,hits,581,19
5,hits,582,10
5,hits,583,14
5,hits,584,14
5,hits,585,6
5,hits,586,4
5,hits,587,5
5,hits,588,6
5,hits,589,7
5,hits,590,5
5,hits,591,16
5,hits,592,4
5,hits,593,6
5,hits,594,16
5,hits,595,17
5,hits,596,9
5,hits,597,13
5,hits,598,8
5,hits,599,7
5,hits,600,6
5,hits,601,6
5,hits,602,4
5,hits,603,11
5,hits,604,9
5,hits,605,6
5,hits,606,20
5,hits,607,4
5,hits,608,10
5,hits,609,10
5,hits,610,7
5,hits,611,12
5,hits,612,14
5,hits,613,10
5,hits,614,7
5,hits,615,13
5,hits,616,10
5,hits,617,13
5,hits,618,8
5,hits,619,12
5,hits,620,16
5,hits,621,11
5,hits,622,4
5,hits,623,10
5,hits,624,7
5,hits,625,18
5,hits,626,4
5,hits,627,12
5,hits,628,3
5,hits,629,15
5,hits,630,9
5,hits,631,15
5,hits,632,13
5,hits,633,4
5,hits,634,28
5,hits,635,13
5,hits,636,9
5,hits,637,8
5,hits,638,1
5,hits,639,5
5,hits,640,7
5,hits,641,6
5,hits,642,4
5,hits,643,16
5,hits,644,9
5,hits,645,9
5,hits,646,8
5,hits,647,7
5,hits,648,9
5,hits,649,5
5,hits,650,9
5,hits,651,14
5,hits,652,14
5,hits,653,6
5,hits,654,4
5,hits,655,5
5,hits,656,12
5,hits,657,7
5,hits,658,6
5,hits,659,8
5,hits,660,16
5,hits,661,3
5,hits,662,22
5,hits,663,9
5,hits,664,10
5,hits,665,5
5,hits,666,8
5,hits,667,7
5,hits,668,8
5,hits,669,8
5,hits,670,8
5,hits,671,6
5,hits,672,12
5,hits,673,14
5,hits,674,9
5,hits,675,6
5,hits,676,9
5,hits,677,11
5,hits,678,10
5,hits,679,5
5,hits,680,8
5,hits,681,3
5,hits,682,3
5,hits,683,8
5,hits,684,6
5,hits,685,9
5,hits,686,14
5,hits,687,6
5,hits,688,3
5,hits,689,4
5,hits,690,12
5,hits,691,16
5,hits,692,12
5,hits,693,6
5,hits,694,8
5,hits,695,8
5,hits,696,9
5,hits,697,9
5,hits,698,17
5,hits,699,13
5,hits,700,11
5,hits,701,10
5,hits,702,17
5,hits,703,9
5,hits,704,10
5,hits,705,12
5,hits,706,10
5,hits,707,15
5,hits,708,11
5,hits,709,16
5,hits,710,11
5,hits,711,10
5,hits,712,16
5,hits,713,16
5,hits,714,6
5,hits,715,12
5,hits,716,13
5,hits,717,7
5,hits,718,9
5,hits,719,15
5,hits,720,8
5,hits,721,10
5,hits,722,9
5,hits,723,6
5,hits,724,6
5,hits,725,6
5,hits,726,11
5,hits,727,4
5,hits,728,5
5,hits,729,12
5,hits,730,13
5,hits,731,13
5,hits,732,9
5,hits,733,17
5,hits,734,13
5,hits,735,8
5,hits,736,2
5,hits,737,12
5,hits,738,8
5,hits,739,9
5,hits,740,13
5,hits,741,8
5,hits,742,17
5,hits,743,9
5,hits,744,12
5,hits,745,9
5,hits,746,5
5,hits,747,9
5,hits,748,12
5,hits,749,8
5,hits,750,8
5,hits,751,8
5,hits,752,10
5,hits,753,11
5,hits,754,7
5,hits,755,18
5,hits,756,12
5,hits,757,7
5,hits,758,6
5,hits,759,13
5,hits,760,6
5,hits,761,5
5,hits,762,8
5,hits,763,5
5,hits,764,10
5,hits,765,7
5,hits,766,6
5,hits,767,7
5,hits,768,10
5,hits,769,11
5,hits,770,8
5,hits,771,2
5,hits,772,6
5,hits,773,4
5,hits,774,7
5,hits,775,8
5,hits,776,7
5,hits,777,9
5,hits,778,15
5,hits,779,7
5,hits,780,3
5,hits,781,9
5,hits,782,25
5,hits,783,7
5,hits,784,3
5,hits,785,12
5,hits,786,12
5,hits,787,6
5,hits,788,8
5,hits,789,5
5,hits,790,12
5,hits,791,5
5,hits,792,10
5,hits,793,16
5,hits,794,8
5,hits,795,15
5,hits,796,5
5,hits,797,7
5,hits,798,11
5,hits,799,10
5,hits,800,6
5,hits,801,15
5,hits,802,11
5,hits,803,17
5,hits,804,6
5,hits,805,6
5,hits,806,10
5,hits,807,17
5,hits,808,5
5,hits,809,13
5,hits,810,7
5,hits,811,10
5,hits,812,5
5,hits,813,8
5,hits,814,7
5,hits,815,14
5,hits,816,10
5,hits,817,9
5,hits,818,14
5,hits,819,11
5,hits,820,3
5,hits,821,8
5,hits,822,13
5,hits,823,11
5,hits,824,11
5,hits,825,10
5,hits,826,3
5,hits,827,10
5,hits,828,6
5,hits,829,7
5,hits,830,10
5,hits,831,10
5,hits,832,8
5,hits,833,7
5,hits,834,4
5,hits,835,14
5,hits,836,5
5,hits,837,17
5,hits,838,8
5,hits,839,8
5,hits,840,8
5,hits,841,4
5,hits,842,9
5,hits,843,4
5,hits,844,11
5,hits,845,7
5,hits,846,9
5,hits,847,7
5,hits,848,8
5,hits,849,8
5,hits,850,17
5,hits,851,5
5,hits,852,7
5,hits,853,8
5,hits,854,12
5,hits,855,18
5,hits,856,5
5,hits,857,15
5,hits,858,9
5,hits,859,11
5,hits,860,13
5,hits,861,6
5,hits,862,19
5,hits,863,7
5,hits,864,7
5,hits,865,10
5,hits,866,9
5,hits,867,5
5,hits,868,17
5,hits,869,11
5,hits,870,11
5,hits,871,12
5,hits,872,12
5,hits,873,15
5,hits,874,8
5,hits,875,15
5,hits,876,13
5,hits,877,11
5,hits,878,13
5,hits,879,11
5,hits,880,5
5,hits,881,7
5,hits,882,13
5,hits,883,6
5,hits,884,10
5,hits,885,7
5,hits,886,5
5,hits,887,9
5,hits,888,9
5,hits,889,15
5,hits,890,9
5,hits,891,5
5,hits,892,7
5,hits,893,8
5,hits,894,6
5,hits,895,6
5,hits,896,7
5,hits,897,9
5,hits,898,10
5,hits,899,9
5,hits,900,14
5,hits,901,7
5,hits,902,10
5,hits,903,8
5,hits,904,10
5,hits,905,5
5,hits,906,6
5,hits,907,5
5,hits,908,9
5,hits,909,14
5,hits,910,13
5,hits,911,12
5,hits,912,9
5,hits,913,12
5,hits,914,5
5,hits,915,6
5,hits,916,14
5,hits,917,4
5,hits,918,11
5,hits,919,7
5,hits,920,9
5,hits,921,13
5,hits,922,5
5,hits,923,9
5,hits,924,9
5,hits,925,14
5,hits,926,13
5,hits,927,11
5,hits,928,4
5,hits,929,7
5,hits,930,12
5,hits,931,11
5,hits,932,7
5,hits,933,12
5,hits,934,11
5,hits,935,18
5,hits,936,14
5,hits,937,12
5,hits,938,7
5,hits,939,3
5,hits,940,9
5,hits,941,5
5,hits,942,11
5,hits,943,11
5,hits,944,9
5,hits,945,7
5,hits,946,11
5,hits,947,17
5,hits,948,21
5,hits,949,4
5,hits,950,19
5,hits,951,9
5,hits,952,11
5,hits,953,7
5,hits,954,8
5,hits,955,5
5,hits,956,7
5,hits,957,11
5,hits,958,14
5,hits,959,5
5,hits,960,11
5,hits,961,7
5,hits,962,10
5,hits,963,12
5,hits,964,9
5,hits,965,10
5,hits,966,6
5,hits,967,9
5,hits,968,12
5,hits,969,10
5,hits,970,6
5,hits,971,6
5,hits,972,13
5,hits,973,7
5,hits,974,11
5,hits,975,8
5,hits,976,9
5,hits,977,9
5,hits,978,11
5,hits,979,12
5,hits,980,7
5,hits,981,4
5,hits,982,8
5,hits,983,10
5,hits,984,8
5,hits,985,15
5,hits,986,15
5,hits,987,7
5,hits,988,6
5,hits,989,7
5,hits,990,7
5,hits,991,12
5,hits,992,5
5,hits,993,5
5,hits,994,13
5,hits,995,10
5,hits,996,9
5,hits,997,3
5,hits,998,12
5,hits,999,7
5,hits,1000,13
5,hits,1001,10
5,hits,1002,11
5,hits,1003,12
5,hits,1004,19
5,hits,1005,9
5,hits,1006,9
5,hits,1007,12
5,hits,1008,10
5,hits,1009,13
5,hits,1010,10
5,hits,1011,7
5,hits,1012,10
5,hits,1013,9
5,hits,1014,7
5,hits,1015,8
5,hits,1016,10
5,hits,1017,9
5,hits,1018,14
5,hits,1019,8
5,hits,1020,8
5,hits,1021,4
5,hits,1022,9
5,hits,1023,9
5,hits,1024,17
5,hits,1025,6
5,hits,1026,7
5,hits,1027,7
5,hits,1028,4
5,hits,1029,10
5,hits,1030,9
5,hits,1031,7
5,hits,1032,9
5,hits,1033,10
5,hits,1034,4
5,hits,1035,9
5,hits,1036,5
5,hits,1037,15
5,hits,1038,11
5,hits,1039,16
5,hits,1040,7
5,hits,1041,10
5,hits,1042,6
5,hits,1043,9
5,hits,1044,8
5,hits,1045,7
5,hits,1046,8
5,hits,1047,3
5,hits,1048,6
5,hits,1049,9
5,hits,1050,11
5,hits,1051,7
5,hits,1052,16
5,hits,1053,10
5,hits,1054,8
5,hits,1055,4
5,hits,1056,12
5,hits,1057,15
5,hits,1058,7
5,hits,1059,12
5,hits,1060,9
5,hits,1061,14
5,hits,1062,6
5,hits,1063,8
5,hits,1064,12
5,hits,1065,10
5,hits,1066,6
5,hits,1067,11
5,hits,1068,8
5,hits,1069,14
5,hits,1070,10
5,hits,1071,11
5,hits,1072,10
5,hits,1073,17
5,hits,1074,10
5,hits,1075,10
5,hits,1076,10
5,hits,1077,6
5,hits,1078,7
5,hits,1079,7
5,hits,1080,4
5,hits,1081,5
5,hits,1082,6
5,hits,1083,12
5,hits,1084,11
5,hits,1085,17
5,hits,1086,8
5,hits,1087,10
5,hits,1088,6
5,hits,1089,7
5,hits,1090,10
5,hits,1091,4
5,hits,1092,7
5,hits,1093,9
5,hits,1094,6
5,hits,1095,10
5,hits,1096,8
5,hits,1097,13
5,hits,1098,11
5,hits,1099,11
5,hits,1100,6
5,hits,1101,12
5,hits,1102,5
5,hits,1103,13
5,hits,1104,6
5,hits,1105,10
5,hits,1106,19
5,hits,1107,4
5,hits,1108,7
5,hits,1109,9
5,hits,1110,4
5,hits,1111,12
5,hits,1112,11
5,hits,1113,18
5,hits,1114,7
5,hits,1115,13
5,hits,1116,13
5,hits,1117,11
5,hits,1118,15
5,hits,1119,8
5,hits,1120,16
5,hits,1121,7
5,hits,1122,5
5,hits,1123,12
5,hits,1124,6
5,hits,1125,6
5,hits,1126,7
5,hits,1127,11
5,hits,1128,11
5,hits,1129,9
5,hits,1130,9
5,hits,1131,4
5,hits,1132,13
5,hits,1133,9
5,hits,1134,9
5,hits,1135,6
5,hits,1136,12
5,hits,1137,7
5,hits,1138,7
5,hits,1139,17
5,hits,1140,6
5,hits,1141,12
5,hits,1142,5
5,hits,1143,6
5,hits,1144,10
5,hits,1145,7
5,hits,1146,8
5,hits,1147,12
5,hits,1148,9
5,hits,1149,7
5,hits,1150,12
5,hits,1151,10
5,hits,1152,7
5,hits,1153,9
5,hits,1154,6
5,hits,1155,7
5,hits,1156,3
5,hits,1157,6
5,hits,1158,7
5,hits,1159,5
5,hits,1160,12
5,hits,1161,25
5,hits,1162,10
5,hits,1163,4
5,hits,1164,10
5,hits,1165,11
5,hits,1166,10
5,hits,1167,9
5,hits,1168,9
5,hits,1169,14
5,hits,1170,20
5,hits,1171,13
5,hits,1172,7
5,hits,1173,10
5,hits,1174,5
5,hits,1175,9
5,hits,1176,7
5,hits,1177,4
5,hits,1178,13
5,hits,1179,5
5,hits,1180,9
5,hits,1181,12
5,hits,1182,6
5,hits,1183,11
5,hits,1184,15
5,hits,1185,12
5,hits,1186,8
5,hits,1187,8
5,hits,1188,10
5,hits,1189,10
5,hits,1190,9
5,hits,1191,8
5,hits,1192,10
5,hits,1193,19
5,hits,1194,6
5,hits,1195,10
5,hits,1196,11
5,hits,1197,9
5,hits,1198,10
5,hits,1199,10
5,hits,1200,13
5,hits,1201,10
5,hits,1202,15
5,hits,1203,9
5,hits,1204,5
5,hits,1205,10
5,hits,1206,14
5,hits,1207,4
5,hits,1208,8
5,hits,1209,8
5,hits,1210,13
5,hits,1211,8
5,hits,1212,8
5,hits,1213,8
5,hits,1214,9
5,hits,1215,9
5,hits,1216,13
5,hits,1217,12
5,hits,1218,13
5,hits,1219,14
5,hits,1220,6
5,hits,1221,9
5,hits,1222,6
5,hits,1223,6
5,hits,1224,9
5,hits,1225,11
5,hits,1226,11
5,hits,1227,11
5,hits,1228,7
5,hits,1229,12
5,hits,1230,10
5,hits,1231,8
5,hits,1232,6
5,hits,1233,12
5,hits,1234,10
5,hits,1235,5
5,hits,1236,10
5,hits,1237,7
5,hits,1238,15
5,hits,1239,13
5,hits,1240,8
5,hits,1241,10
5,hits,1242,10
5,hits,1243,13
5,hits,1244,8
5,hits,1245,7
5,hits,1246,6
5,hits,1247,7
5,hits,1248,11
5,hits,1249,1
5,hits,1250,10
5,hits,1251,12
5,hits,1252,7
5,hits,1253,6
5,hits,1254,10
5,hits,1255,7
5,hits,1256,8
5,hits,1257,10
5,hits,1258,13
5,hits,1259,12
5,hits,1260,4
5,hits,1261,4
5,hits,1262,6
5,hits,1263,8
5,hits,1264,13
5,hits,1265,5
5,hits,1266,13
5,hits,1267,11
5,hits,1268,12
5,hits,1269,5
5,hits,1270,12
5,hits,1271,8
5,hits,1272,12
5,hits,1273,5
5,hits,1274,1
5,hits,1275,10
5,hits,1276,9
5,hits,1277,10
5,hits,1278,8
5,hits,1279,9
5,hits,1280,7
5,hits,1281,6
5,hits,1282,14
5,hits,1283,15
5,hits,1284,10
5,hits,1285,7
5,hits,1286,10
5,hits,1287,4
5,hits,1288,13
5,hits,1289,7
5,hits,1290,10
5,hits,1291,8
5,hits,1292,15
5,hits,1293,2
5,hits,1294,10
5,hits,1295,10
5,hits,1296,7
5,hits,1297,9
5,hits,1298,12
5,hits,1299,8
5,hits,1300,6
5,hits,1301,11
5,hits,1302,7
5,hits,1303,9
5,hits,1304,2
5,hits,1305,4
5,hits,1306,3
5,hits,1307,7
5,hits,1308,5
5,hits,1309,10
5,hits,1310,8
5,hits,1311,8
5,hits,1312,13
5,hits,1313,10
5,hits,1314,15
5,hits,1315,6
5,hits,1316,2
5,hits,1317,9
5,hits,1318,8
5,hits,1319,9
5,hits,1320,12
5,hits,1321,12
5,hits,1322,18
5,hits,1323,8
5,hits,1324,7
5,hits,1325,15
5,hits,1326,13
5,hits,1327,5
5,hits,1328,15
5,hits,1329,11
5,hits,1330,12
5,hits,1331,3
5,hits,1332,6
5,hits,1333,9
5,hits,1334,8
5,hits,1335,6
5,hits,1336,8
5,hits,1337,11
5,hits,1338,12
5,hits,1339,11
5,hits,1340,12
5,hits,1341,10
5,hits,1342,2
5,hits,1343,12
5,hits,1344,15
5,hits,1345,5
5,hits,1346,8
5,hits,1347,8
5,hits,1348,3
5,hits,1349,6
5,hits,1350,18
5,hits,1351,13
5,hits,1352,9
5,hits,1353,7
5,hits,1354,8
5,hits,1355,5
5,hits,1356,9
5,hits,1357,4
5,hits,1358,14
5,hits,1359,9
5,hits,1360,9
5,hits,1361,8
5,hits,1362,7
5,hits,1363,12
5,hits,1364,13
5,hits,1365,6
5,hits,1366,7
5,hits,1367,8
5,hits,1368,8
5,hits,1369,10
5,hits,1370,8
5,hits,1371,10
5,hits,1372,8
5,hits,1373,8
5,hits,1374,10
5,hits,1375,11
5,hits,1376,6
5,hits,1377,13
5,hits,1378,7
5,hits,1379,3
5,hits,1380,12
5,hits,1381,16
5,hits,1382,4
5,hits,1383,11
5,hits,1384,4
5,hits,1385,6
5,hits,1386,11
5,hits,1387,3
5,hits,1388,11
5,hits,1389,7
5,hits,1390,12
5,hits,1391,9
5,hits,1392,8
5,hits,1393,11
5,hits,1394,9
5,hits,1395,6
5,hits,1396,16
5,hits,1397,13
5,hits,1398,11
5,hits,1399,6
5,hits,1400,12
5,hits,1401,10
5,hits,1402,11
5,hits,1403,10
5,hits,1404,9
5,hits,1405,6
5,hits,1406,11
5,hits,1407,11
5,hits,1408,8
5,hits,1409,7
5,hits,1410,10
5,hits,1411,9
5,hits,1412,9
5,hits,1413,6
5,hits,1414,12
5,hits,1415,9
5,hits,1416,6
5,hits,1417,10
5,hits,1418,6
5,hits,1419,9
5,hits,1420,20
5,hits,1421,12
5,hits,1422,9
5,hits,1423,10
5,hits,1424,9
5,hits,1425,12
5,hits,1426,7
5,hits,1427,11
5,hits,1428,7
5,hits,1429,12
5,hits,1430,14
5,hits,1431,8
5,hits,1432,5
5,hits,1433,11
5,hits,1434,9
5,hits,1435,3
5,hits,1436,17
5,hits,1437,9
5,hits,1438,7
5,hits,1439,13
5,hits,1440,8
5,hits,1441,11
5,hits,1442,7
5,hits,1443,6
5,hits,1444,9
5,hits,1445,7
5,hits,1446,17
5,hits,1447,10
5,hits,1448,8
5,hits,1449,9
5,hits,1450,11
5,hits,1451,6
5,hits,1452,2
5,hits,1453,6
5,hits,1454,4
5,hits,1455,10
5,hits,1456,17
5,hits,1457,13
5,hits,1458,12
5,hits,1459,13
5,hits,1460,4
5,hits,1461,10
5,hits,1462,7
5,hits,1463,8
5,hits,1464,6
5,hits,1465,4
5,hits,1466,13
5,hits,1467,9
5,hits,1468,5
5,hits,1469,6
5,hits,1470,6
5,hits,1471,5
5,hits,1472,13
5,hits,1473,1
5,hits,1474,18
5,hits,1475,12
5,hits,1476,9
5,hits,1477,13
5,hits,1478,4
5,hits,1479,4
5,hits,1480,15
5,hits,1481,13
5,hits,1482,18
5,hits,1483,10
5,hits,1484,18
5,hits,1485,4
5,hits,1486,2
5,hits,1487,4
5,hits,1488,11
5,hits,1489,9
5,hits,1490,5
5,hits,1491,20
5,hits,1492,8
5,hits,1493,9
5,hits,1494,3
5,hits,1495,11
5,hits,1496,4
5,hits,1497,4
5,hits,1498,10
5,hits,1499,12
5,hits,1500,7
5,hits,1501,8
5,hits,1502,3
5,hits,1503,11
5,hits,1504,9
5,hits,1505,10
5,hits,1506,7
5,hits,1507,11
5,hits,1508,15
5,hits,1509,5
5,hits,1510,12
5,hits,1511,7
5,hits,1512,8
5,hits,1513,14
5,hits,1514,8
5,hits,1515,11
5,hits,1516,8
5,hits,1517,13
5,hits,1518,12
5,hits,1519,0
5,hits,1520,8
5,hits,1521,6
5,hits,1522,7
5,hits,1523,11
5,hits,1524,8
5,hits,1525,15
5,hits,1526,10
5,hits,1527,3
5,hits,1528,10
5,hits,1529,13
5,hits,1530,9
5,hits,1531,9
5,hits,1532,5
5,hits,1533,10
5,hits,1534,14
5,hits,1535,16
5,hits,1536,8
5,hits,1537,11
5,hits,1538,12
5,hits,1539,12
5,hits,1540,11
5,hits,1541,10
5,hits,1542,9
5,hits,1543,3
5,hits,1544,6
5,hits,1545,6
5,hits,1546,7
5,hits,1547,12
5,hits,1548,15
5,hits,1549,10
5,hits,1550,9
5,hits,1551,7
5,hits,1552,9
5,hits,1553,7
5,hits,1554,14
5,hits,1555,13
5,hits,1556,13
5,hits,1557,6
5,hits,1558,10
5,hits,1559,9
5,hits,1560,10
5,hits,1561,8
5,hits,1562,10
5,hits,1563,8
5,hits,1564,7
5,hits,1565,10
5,hits,1566,16
5,hits,1567,8
5,hits,1568,3
5,hits,1569,5
5,hits,1570,12
5,hits,1571,12
5,hits,1572,9
5,hits,1573,5
5,hits,1574,7
5,hits,1575,12
5,hits,1576,13
5,hits,1577,9
5,hits,1578,3
5,hits,1579,9
5,hits,1580,9
5,hits,1581,11
5,hits,1582,9
5,hits,1583,4
5,hits,1584,8
5,hits,1585,8
5,hits,1586,6
5,hits,1587,4
5,hits,1588,6
5,hits,1589,12
5,hits,1590,9
5,hits,1591,14
5,hits,1592,8
5,hits,1593,8
5,hits,1594,6
5,hits,1595,12
5,hits,1596,4
5,hits,1597,7
5,hits,1598,9
5,hits,1599,6
5,hits,1600,7
5,hits,1601,13
5,hits,1602,10
5,hits,1603,6
5,hits,1604,10
5,hits,1605,5
5,hits,1606,6
5,hits,1607,8
5,hits,1608,11
5,hits,1609,12
5,hits,1610,11
5,hits,1611,9
5,hits,1612,17
5,hits,1613,11
5,hits,1614,9
5,hits,1615,15
5,hits,1616,6
5,hits,1617,11
5,hits,1618,18
5,hits,1619,6
5,hits,1620,9
5,hits,1621,9
5,hits,1622,11
5,hits,1623,5
5,hits,1624,6
5,hits,1625,4
5,hits,1626,13
5,hits,1627,5
5,hits,1628,14
5,hits,1629,9
5,hits,1630,4
5,hits,1631,10
5,hits,1632,9
5,hits,1633,9
5,hits,1634,12
5,hits,1635,8
5,hits,1636,11
5,hits,1637,10
5,hits,1638,7
5,hits,1639,8
5,hits,1640,4
5,hits,1641,14
5,hits,1642,5
5,hits,1643,13
5,hits,1644,7
5,hits,1645,4
5,hits,1646,7
5,hits,1647,8
5,hits,1648,16
5,hits,1649,11
5,hits,1650,10
5,hits,1651,16
5,hits,1652,8
5,hits,1653,9
5,hits,1654,13
5,hits,1655,8
5,hits,1656,14
5,hits,1657,17
5,hits,1658,9
5,hits,1659,8
5,hits,1660,11
5,hits,1661,15
5,hits,1662,7
5,hits,1663,8
5,hits,1664,9
5,hits,1665,8
5,hits,1666,9
5,hits,1667,11
5,hits,1668,10
5,hits,1669,9
5,hits,1670,7
5,hits,1671,7
5,hits,1672,6
5,hits,1673,8
5,hits,1674,16
5,hits,1675,9
5,hits,1676,14
5,hits,1677,10
5,hits,1678,8
5,hits,1679,12
5,hits,1680,7
5,hits,1681,9
5,hits,1682,14
5,hits,1683,8
5,hits,1684,9
5,hits,1685,13
5,hits,1686,11
5,hits,1687,12
5,hits,1688,6
5,hits,1689,11
5,hits,1690,9
5,hits,1691,12
5,hits,1692,12
5,hits,1693,22
5,hits,1694,21
5,hits,1695,6
5,hits,1696,7
5,hits,1697,11
5,hits,1698,3
5,hits,1699,8
5,hits,1700,8
5,hits,1701,11
5,hits,1702,13
5,hits,1703,6
5,hits,1704,13
5,hits,1705,10
5,hits,1706,4
5,hits,1707,6
5,hits,1708,11
5,hits,1709,7
5,hits,1710,9
5,hits,1711,10
5,hits,1712,7
5,hits,1713,11
5,hits,1714,8
5,hits,1715,11
5,hits,1716,9
5,hits,1717,20
5,hits,1718,8
5,hits,1719,10
5,hits,1720,10
5,hits,1721,7
5,hits,1722,7
5,hits,1723,10
5,hits,1724,5
5,hits,1725,15
5,hits,1726,8
5,hits,1727,15
5,hits,1728,12
5,hits,1729,14
5,hits,1730,7
5,hits,1731,4
5,hits,1732,2
5,hits,1733,9
5,hits,1734,13
5,hits,1735,9
5,hits,1736,12
5,hits,1737,4
5,hits,1738,9
5,hits,1739,6
5,hits,1740,13
5,hits,1741,8
5,hits,1742,7
5,hits,1743,15
5,hits,1744,6
5,hits,1745,11
5,hits,1746,9
5,hits,1747,15
5,hits,1748,6
5,hits,1749,9
5,hits,1750,13
5,hits,1751,11
5,hits,1752,12
5,hits,1753,14
5,hits,1754,6
5,hits,1755,24
5,hits,1756,14
5,hits,1757,6
5,hits,1758,7
5,hits,1759,5
5,hits,1760,5
5,hits,1761,8
5,hits,1762,11
5,hits,1763,10
5,hits,1764,10
5,hits,1765,10
5,hits,1766,10
5,hits,1767,16
5,hits,1768,12
5,hits,1769,17
5,hits,1770,15
5,hits,1771,9
5,hits,1772,11
5,hits,1773,11
5,hits,1774,9
5,hits,1775,8
5,hits,1776,16
5,hits,1777,8
5,hits,1778,8
5,hits,1779,12
5,hits,1780,11
5,hits,1781,10
5,hits,1782,6
5,hits,1783,9
5,hits,1784,4
5,hits,1785,16
5,hits,1786,9
5,hits,1787,3
5,hits,1788,8
5,hits,1789,9
5,hits,1790,11
5,hits,1791,9
5,hits,1792,12
5,hits,1793,7
5,hits,1794,8
5,hits,1795,10
5,hits,1796,9
5,hits,1797,14
5,hits,1798,8
5,hits,1799,7
5,hits,1800,9
5,hits,1801,11
5,hits,1802,11
5,hits,1803,13
5,hits,1804,4
5,hits,1805,8
5,hits,1806,8
5,hits,1807,10
5,hits,1808,8
5,hits,1809,9
5,hits,1810,5
5,hits,1811,18
5,hits,1812,9
5,hits,1813,10
5,hits,1814,3
5,hits,1815,5
5,hits,1816,5
5,hits,1817,12
5,hits,1818,8
5,hits,1819,12
5,hits,1820,12
5,hits,1821,10
5,hits,1822,13
5,hits,1823,14
5,hits,1824,13
5,hits,1825,7
5,hits,1826,11
5,hits,1827,6
5,hits,1828,7
5,hits,1829,8
5,hits,1830,9
5,hits,1831,11
5,hits,1832,8
5,hits,1833,8
5,hits,1834,10
5,hits,1835,8
5,hits,1836,12
5,hits,1837,5
5,hits,1838,11
5,hits,1839,8
5,hits,1840,8
5,hits,1841,8
5,hits,1842,12
5,hits,1843,3
5,hits,1844,10
5,hits,1845,5
5,hits,1846,13
5,hits,1847,15
5,hits,1848,8
5,hits,1849,9
5,hits,1850,11
5,hits,1851,8
5,hits,1852,17
5,hits,1853,7
5,hits,1854,2
5,hits,1855,12
5,hits,1856,3
5,hits,1857,10
5,hits,1858,9
5,hits,1859,4
5,hits,1860,10
5,hits,1861,12
5,hits,1862,17
5,hits,1863,5
5,hits,1864,10
5,hits,1865,11
5,hits,1866,18
5,hits,1867,5
5,hits,1868,8
5,hits,1869,14
5,hits,1870,3
5,hits,1871,7
5,hits,1872,15
5,hits,1873,10
5,hits,1874,13
5,hits,1875,12
5,hits,1876,7
5,hits,1877,8
5,hits,1878,14
5,hits,1879,6
5,hits,1880,2
5,hits,1881,10
5,hits,1882,8
5,hits,1883,13
5,hits,1884,8
5,hits,1885,6
5,hits,1886,5
5,hits,1887,14
5,hits,1888,11
5,hits,1889,13
5,hits,1890,4
5,hits,1891,7
5,hits,1892,9
5,hits,1893,11
5,hits,1894,13
5,hits,1895,6
5,hits,1896,10
5,hits,1897,12
5,hits,1898,13
5,hits,1899,10
5,hits,1900,22
5,hits,1901,10
5,hits,1902,12
5,hits,1903,8
5,hits,1904,11
5,hits,1905,11
5,hits,1906,10
5,hits,1907,12
5,hits,1908,8
5,hits,1909,9
5,hits,1910,15
5,hits,1911,8
5,hits,1912,13
5,hits,1913,20
5,hits,1914,12
5,hits,1915,11
5,hits,1916,16
5,hits,1917,17
5,hits,1918,7
5,hits,1919,14
5,hits,1920,10
5,hits,1921,6
5,hits,1922,13
5,hits,1923,6
5,hits,1924,8
5,hits,1925,7
5,hits,1926,7
5,hits,1927,12
5,hits,1928,12
5,hits,1929,12
5,hits,1930,5
5,hits,1931,8
5,hits,1932,6
5,hits,1933,11
5,hits,1934,15
5,hits,1935,12
5,hits,1936,12
5,hits,1937,8
5,hits,1938,12
5,hits,1939,10
5,hits,1940,15
5,hits,1941,15
5,hits,1942,4
5,hits,1943,7
5,hits,1944,10
5,hits,1945,8
5,hits,1946,7
5,hits,1947,6
5,hits,1948,9
5,hits,1949,1
5,hits,1950,13
5,hits,1951,6
5,hits,1952,9
5,hits,1953,13
5,hits,1954,5
5,hits,1955,10
5,hits,1956,8
5,hits,1957,13
5,hits,1958,9
5,hits,1959,10
5,hits,1960,12
5,hits,1961,11
5,hits,1962,7
5,hits,1963,10
5,hits,1964,8
5,hits,1965,8
5,hits,1966,9
5,hits,1967,7
5,hits,1968,7
5,hits,1969,8
5,hits,1970,9
5,hits,1971,8
5,hits,1972,7
5,hits,1973,13
5,hits,1974,13
5,hits,1975,9
5,hits,1976,14
5,hits,1977,9
5,hits,1978,13
5,hits,1979,10
5,hits,1980,9
5,hits,1981,9
5,hits,1982,8
5,hits,1983,3
5,hits,1984,8
5,hits,1985,11
5,hits,1986,8
5,hits,1987,6
5,hits,1988,9
5,hits,1989,6
5,hits,1990,9
5,hits,1991,13
5,hits,1992,6
5,hits,1993,1
5,hits,1994,15
5,hits,1995,7
5,hits,1996,6
5,hits,1997,14
5,hits,1998,11
5,hits,1999,3
