doc,verdict,reason,n_multiples,n_oips,multiple,oip,computed_answer,multiple_quote,oip_quote,window_chars
1780201_000119312521296901.txt,CANDIDATE,,1,1,2.00,1.000000,2.000000,two times the original issue price,original issue price of $1.00,1024
0000004127-23-000019_swks-20230510.txt,EXCLUDE,no multiple and no dollar original issue price found,0,0,—,—,—,,,0
0000020740-17-000006_a201610kex1012.txt,EXCLUDE,no multiple and no dollar original issue price found,0,0,—,—,—,,,0
0000024240-19-000012_exh992.txt,EXCLUDE,no multiple and no dollar original issue price found,0,0,—,—,—,,,0
0000059255-21-000065_exh992.txt,EXCLUDE,no multiple and no dollar original issue price found,0,0,—,—,—,,,0
0000072162-26-000034_nl-20260519xex4d1.txt,EXCLUDE,no multiple and no dollar original issue price found,0,0,—,—,—,,,0
0000078890-04-000038_form8kdated112204.txt,EXCLUDE,no multiple and no dollar original issue price found,0,0,—,—,—,,,0
0000320335-24-000067_a102formofemployee7-yearst.txt,EXCLUDE,no multiple and no dollar original issue price found,0,0,—,—,—,,,0
0000320335-26-000090_a10412026employee7-yrsoa.txt,EXCLUDE,no multiple and no dollar original issue price found,0,0,—,—,—,,,0
0000715957-06-000005_ex101.txt,EXCLUDE,no multiple and no dollar original issue price found,0,0,—,—,—,,,0
0000721748-17-000529_s1safe.txt,EXCLUDE,no multiple and no dollar original issue price found,0,0,—,—,—,,,0
0000721748-17-000577_s1safe.txt,EXCLUDE,no multiple and no dollar original issue price found,0,0,—,—,—,,,0
000072174814000435_pncr050514s1ex104.txt,EXCLUDE,no multiple and no dollar original issue price found,0,0,—,—,—,,,0
000072174814000660_pncr050514s1ex104.txt,EXCLUDE,no multiple and no dollar original issue price found,0,0,—,—,—,,,0
000072174814000709_pncr050514s1ex104.txt,EXCLUDE,no multiple and no dollar original issue price found,0,0,—,—,—,,,0
0000740971-16-000117_ex-3.txt,EXCLUDE,no multiple and no dollar original issue price found,0,0,—,—,—,,,0
0000742112-05-000039_dec228k.txt,EXCLUDE,no multiple and no dollar original issue price found,0,0,—,—,—,,,0
0000746515-15-000026_a2015annualmeetingresults8.txt,EXCLUDE,no multiple and no dollar original issue price found,0,0,—,—,—,,,0
0000764180-15-000096_form8-ksabmillerabinbevcom.txt,EXCLUDE,no multiple and no dollar original issue price found,0,0,—,—,—,,,0
0000764180-16-000196_form8-ksabmillerabinbevtra.txt,EXCLUDE,no multiple and no dollar original issue price found,0,0,—,—,—,,,0
0000790070-14-000040_exhibit1023secondamendedan.txt,EXCLUDE,no multiple and no dollar original issue price found,0,0,—,—,—,,,0
0000790816-14-000054_bdn8k-annualawards_031414.txt,EXCLUDE,no multiple and no dollar original issue price found,0,0,—,—,—,,,0
0000814184-12-000038_8-K_IP07252012.txt,EXCLUDE,no multiple and no dollar original issue price found,0,0,—,—,—,,,0
0000818479-20-000006_exhibit44q4201910-k.txt,EXCLUDE,no multiple and no dollar original issue price found,0,0,—,—,—,,,0
0000825324-10-000027_consentseriesb1.txt,EXCLUDE,no multiple and no dollar original issue price found,0,0,—,—,—,,,0
0000890163-11-000067_s22-10735_8k.htm.txt,EXCLUDE,no multiple and no dollar original issue price found,0,0,—,—,—,,,0
0000891020-07-000003_v25599a1exv9w1.txt,EXCLUDE,no multiple and no dollar original issue price found,0,0,—,—,—,,,0
0000891618-01-501192_f73225orex3-1.txt,EXCLUDE,no multiple and no dollar original issue price found,0,0,—,—,—,,,0
0000892569-02-002571_a86459exv10wbw9.txt.txt,EXCLUDE,no multiple and no dollar original issue price found,0,0,—,—,—,,,0
000089291702000003_gbamnote.txt,EXCLUDE,no multiple and no dollar original issue price found,0,0,—,—,—,,,0
0000893220-07-000447_w30840exv10w1.txt,EXCLUDE,no multiple and no dollar original issue price found,0,0,—,—,—,,,0
0000895345-08-000532_pressrelease.txt,EXCLUDE,no multiple and no dollar original issue price found,0,0,—,—,—,,,0
0000895345-08-000579_tpex99_1.txt,EXCLUDE,no multiple and no dollar original issue price found,0,0,—,—,—,,,0
0000897429-23-000044_exhibit1054chs-2023annualr.txt,EXCLUDE,no multiple and no dollar original issue price found,0,0,—,—,—,,,0
0000898173-20-000007_orly-20191231ex101926dba.txt,EXCLUDE,no multiple and no dollar original issue price found,0,0,—,—,—,,,0
0000899733-02-000122_ex10-1.txt,EXCLUDE,no multiple and no dollar original issue price found,0,0,—,—,—,,,0
0000899797-05-000335_form_8k.txt,EXCLUDE,no multiple and no dollar original issue price found,0,0,—,—,—,,,0
000091068003000216_exhb10_2.txt,EXCLUDE,no multiple and no dollar original issue price found,0,0,—,—,—,,,0
0000912057-01-003308_a2036104zex-4_121.txt,EXCLUDE,no multiple and no dollar original issue price found,0,0,—,—,—,,,0
0000912057-01-523182_a2053796zex-10_3.txt,EXCLUDE,no multiple and no dollar original issue price found,0,0,—,—,—,,,0
0000912057-01-523312_a2053960zex-10_3.txt,EXCLUDE,no multiple and no dollar original issue price found,0,0,—,—,—,,,0
0000912057-01-534636_a2059793zex-10_20.txt,EXCLUDE,no multiple and no dollar original issue price found,0,0,—,—,—,,,0
0000912057-02-000276_a2067055z8-k.txt,EXCLUDE,no multiple and no dollar original issue price found,0,0,—,—,—,,,0
0000912057-13-000036_filename34.txt,EXCLUDE,no multiple and no dollar original issue price found,0,0,—,—,—,,,0
0000912057-13-000222_filename4.txt,EXCLUDE,no multiple and no dollar original issue price found,0,0,—,—,—,,,0
0000912057-15-000075_filename7.txt,EXCLUDE,no multiple and no dollar original issue price found,0,0,—,—,—,,,0
0000912057-17-000020_filename4.txt,EXCLUDE,no multiple and no dollar original issue price found,0,0,—,—,—,,,0
0000912057-19-000378_filename29.txt,EXCLUDE,no multiple and no dollar original issue price found,0,0,—,—,—,,,0
0000936392-03-001171_a92189orexv10w11.txt,EXCLUDE,no multiple and no dollar original issue price found,0,0,—,—,—,,,0
0000936392-09-000104_a51249exv10w5.txt,EXCLUDE,no multiple and no dollar original issue price found,0,0,—,—,—,,,0
0000945841-07-000055_restrstockagreement.txt,EXCLUDE,no multiple and no dollar original issue price found,0,0,—,—,—,,,0
0000945841-09-000021_restrictedstockagreement.txt,EXCLUDE,no multiple and no dollar original issue price found,0,0,—,—,—,,,0
0000950005-01-500034_p13538ex99-7.txt,EXCLUDE,no multiple and no dollar original issue price found,0,0,—,—,—,,,0
0000950005-01-500207_p13782-429.txt,EXCLUDE,no multiple and no dollar original issue price found,0,0,—,—,—,,,0
0000950123-02-009442_e62399a2exv10w20.txt,EXCLUDE,no multiple and no dollar original issue price found,0,0,—,—,—,,,0
0000950123-03-005830_y86564exv10w13.txt,EXCLUDE,no multiple and no dollar original issue price found,0,0,—,—,—,,,0
0000950123-03-008868_w88581exv10w22.txt,EXCLUDE,no multiple and no dollar original issue price found,0,0,—,—,—,,,0
0000950123-05-003736_e01897a2exv10w14.txt,EXCLUDE,no multiple and no dollar original issue price found,0,0,—,—,—,,,0
0000950123-08-011503_y63862a1exv2w3w3.txt,EXCLUDE,no multiple and no dollar original issue price found,0,0,—,—,—,,,0
0000950123-09-064388_f53797orexv4w2.txt,EXCLUDE,no multiple and no dollar original issue price found,0,0,—,—,—,,,0
0000950123-09-067950_c93277exv99w1.txt,EXCLUDE,no multiple and no dollar original issue price found,0,0,—,—,—,,,0
0000950123-10-024749_w77389exv3w1.txt,EXCLUDE,no multiple and no dollar original issue price found,0,0,—,—,—,,,0
0000950123-10-024887_d70440a2exv3w3.txt,EXCLUDE,no multiple and no dollar original issue price found,0,0,—,—,—,,,0
0000950123-10-031429_b80142exv4w4.txt,EXCLUDE,no multiple and no dollar original issue price found,0,0,—,—,—,,,0
0000950123-10-086227_k49622exv2w1.txt,EXCLUDE,no multiple and no dollar original issue price found,0,0,—,—,—,,,0
0000950123-13-002295_filename2.txt,EXCLUDE,no multiple and no dollar original issue price found,0,0,—,—,—,,,0
0000950123-13-007092_filename6.txt,EXCLUDE,no multiple and no dollar original issue price found,0,0,—,—,—,,,0
0000950123-13-007128_filename2.txt,EXCLUDE,an original issue price is stated but no liquidation multiple,0,1,—,—,—,,,0
0000950123-13-010530_filename10.txt,EXCLUDE,no multiple and no dollar original issue price found,0,0,—,—,—,,,0
0000950123-13-010530_filename9.txt,EXCLUDE,no multiple and no dollar original issue price found,0,0,—,—,—,,,0
0000950123-14-003249_filename2.htm.txt,EXCLUDE,no multiple and no dollar original issue price found,0,0,—,—,—,,,0
0000950123-14-005490_filename11.txt,EXCLUDE,no multiple and no dollar original issue price found,0,0,—,—,—,,,0
0000950123-14-010038_filename6.txt,EXCLUDE,no multiple and no dollar original issue price found,0,0,—,—,—,,,0
0000950123-14-012213_filename17.txt,EXCLUDE,no multiple and no dollar original issue price found,0,0,—,—,—,,,0
0000950123-15-006790_filename6.txt,EXCLUDE,no multiple and no dollar original issue price found,0,0,—,—,—,,,0
0000950123-20-000526_filename3.txt,EXCLUDE,no multiple and no dollar original issue price found,0,0,—,—,—,,,0
0000950123-20-004953_filename4.txt,EXCLUDE,no multiple and no dollar original issue price found,0,0,—,—,—,,,0
0000950123-23-002996_filename7.txt,EXCLUDE,no multiple and no dollar original issue price found,0,0,—,—,—,,,0
0000950123-23-008431_filename7.txt,EXCLUDE,no multiple and no dollar original issue price found,0,0,—,—,—,,,0
0000950123-24-007168_filename34.txt,EXCLUDE,no multiple and no dollar original issue price found,0,0,—,—,—,,,0
0000950123-25-006002_filename2.txt,EXCLUDE,"7 distinct original issue prices stated ($0.043185, $0.095045, $0.111815, $0.472985, $1.303475, $5.1748, $6.5166) - multi-series document, the pairing is ambiguous",1,7,—,—,—,,,0
000095012314005097_filename26.txt,EXCLUDE,no multiple and no dollar original issue price found,0,0,—,—,—,,,0
0000950124-06-004614_p72795e8vk.txt,EXCLUDE,no multiple and no dollar original issue price found,0,0,—,—,—,,,0
0000950129-08-003552_h57802exv10w2.txt,EXCLUDE,no multiple and no dollar original issue price found,0,0,—,—,—,,,0
0000950133-03-003439_w90691exv99w2.txt,EXCLUDE,no multiple and no dollar original issue price found,0,0,—,—,—,,,0
0000950134-02-011491_d99683e8vk.txt.txt,EXCLUDE,an original issue price is stated but no liquidation multiple,0,2,—,—,—,,,0
0000950134-04-009498_f99919a2e10vkza.txt,EXCLUDE,no multiple and no dollar original issue price found,0,0,—,—,—,,,0
0000950134-04-014353_f02130exv99w2.txt,EXCLUDE,no multiple and no dollar original issue price found,0,0,—,—,—,,,0
0000950134-05-005635_f07165e8vk.txt,EXCLUDE,no multiple and no dollar original issue price found,0,0,—,—,—,,,0
0000950134-05-023787_f15743e8vk.txt,EXCLUDE,no multiple and no dollar original issue price found,0,0,—,—,—,,,0
0000950134-05-023857_d31494exv99w2.htm.txt,EXCLUDE,no multiple and no dollar original issue price found,0,0,—,—,—,,,0
0000950134-06-002466_f17144exv99w2.txt,EXCLUDE,no multiple and no dollar original issue price found,0,0,—,—,—,,,0
0000950134-06-004765_c01111s1exv4w4.txt,EXCLUDE,no multiple and no dollar original issue price found,0,0,—,—,—,,,0
0000950134-07-010103_d46152e8vk.txt,EXCLUDE,no multiple and no dollar original issue price found,0,0,—,—,—,,,0
0000950134-08-014307_f42787exv10w2.txt,EXCLUDE,no multiple and no dollar original issue price found,0,0,—,—,—,,,0
0000950135-03-003017_b46668cre8vk.txt,EXCLUDE,no multiple and no dollar original issue price found,0,0,—,—,—,,,0
0000950135-06-002018_b58962blexv10w29.txt,EXCLUDE,no multiple and no dollar original issue price found,0,0,—,—,—,,,0
0000950135-06-005149_b62017nce8vk.txt,EXCLUDE,no multiple and no dollar original issue price found,0,0,—,—,—,,,0
0000950135-06-007330_b56678a2exv10w28.txt,EXCLUDE,no multiple and no dollar original issue price found,0,0,—,—,—,,,0
0000950136-05-003736_file001.txt,EXCLUDE,no multiple and no dollar original issue price found,0,0,—,—,—,,,0
0000950137-05-004331_c94172exv10w1.txt,EXCLUDE,no multiple and no dollar original issue price found,0,0,—,—,—,,,0
0000950137-05-004331_c94172exv10w2.txt,EXCLUDE,no multiple and no dollar original issue price found,0,0,—,—,—,,,0
0000950137-05-004331_c94172exv10w3.txt,EXCLUDE,no multiple and no dollar original issue price found,0,0,—,—,—,,,0
0000950137-05-005223_c94611exv10w53.txt,EXCLUDE,no multiple and no dollar original issue price found,0,0,—,—,—,,,0
0000950137-05-005223_c94611exv10w54.txt,EXCLUDE,no multiple and no dollar original issue price found,0,0,—,—,—,,,0
0000950137-05-011508_c98563e8vk.txt,EXCLUDE,no multiple and no dollar original issue price found,0,0,—,—,—,,,0
0000950137-06-010792_a24070e8vk.txt,EXCLUDE,no multiple and no dollar original issue price found,0,0,—,—,—,,,0
0000950137-07-000311_c11362exv10w24.txt,EXCLUDE,no multiple and no dollar original issue price found,0,0,—,—,—,,,0
0000950144-01-001554_g66579ex99-1.txt,EXCLUDE,no multiple and no dollar original issue price found,0,0,—,—,—,,,0
0000950144-02-006194_g76584exv4w7.txt,EXCLUDE,no multiple and no dollar original issue price found,0,0,—,—,—,,,0
0000950144-02-006194_g76584exv4w8.txt,EXCLUDE,no multiple and no dollar original issue price found,0,0,—,—,—,,,0
0000950144-04-000538_g86869exv2w2.txt,EXCLUDE,no multiple and no dollar original issue price found,0,0,—,—,—,,,0
0000950152-07-007107_l27624aexv10w21w1.txt,EXCLUDE,no multiple and no dollar original issue price found,0,0,—,—,—,,,0
0000950152-07-007107_l27624aexv10w21w2.txt,EXCLUDE,no multiple and no dollar original issue price found,0,0,—,—,—,,,0
0000950153-05-001671_p70737a2exv4w4.txt,EXCLUDE,no multiple and no dollar original issue price found,0,0,—,—,—,,,0
0000950153-07-001332_p73990exv10w3.txt,EXCLUDE,no multiple and no dollar original issue price found,0,0,—,—,—,,,0
000095015908001314.txt,EXCLUDE,no multiple and no dollar original issue price found,0,0,—,—,—,,,0
0000950170-24-100574_cbll-ex10_13.txt,EXCLUDE,no multiple and no dollar original issue price found,0,0,—,—,—,,,0
0000950170-25-032146_cnfr-ex10_1.txt,EXCLUDE,no multiple and no dollar original issue price found,0,0,—,—,—,,,0
0000950170-25-032146_cnfr-ex10_3.txt,EXCLUDE,no multiple and no dollar original issue price found,0,0,—,—,—,,,0
0000950170-25-047693_woof-ex10_51.txt,EXCLUDE,no multiple and no dollar original issue price found,0,0,—,—,—,,,0
0000950172-01-500955_s365960.txt,EXCLUDE,no multiple and no dollar original issue price found,0,0,—,—,—,,,0
0000950172-01-500956_s365960.txt,EXCLUDE,no multiple and no dollar original issue price found,0,0,—,—,—,,,0
0000950172-02-001716_lon221720.txt,EXCLUDE,no multiple and no dollar original issue price found,0,0,—,—,—,,,0
0001005286-24-000081_exhibit102-lifecorexcooper.txt,EXCLUDE,no multiple and no dollar original issue price found,0,0,—,—,—,,,0
0001005409-06-000002_exhibit99.txt,EXCLUDE,no multiple and no dollar original issue price found,0,0,—,—,—,,,0
0001012870-02-003981_dex9902.txt,EXCLUDE,no multiple and no dollar original issue price found,0,0,—,—,—,,,0
0001012870-03-001470_dex1026.txt,EXCLUDE,no multiple and no dollar original issue price found,0,0,—,—,—,,,0
0001012870-03-001470_dex1027.txt,EXCLUDE,no multiple and no dollar original issue price found,0,0,—,—,—,,,0
0001012870-03-001470_dex1028.txt,EXCLUDE,no multiple and no dollar original issue price found,0,0,—,—,—,,,0
0001013762-09-001055_ex101.txt,EXCLUDE,no multiple and no dollar original issue price found,0,0,—,—,—,,,0
0001013762-09-002046_ex412.txt,EXCLUDE,no multiple and no dollar original issue price found,0,0,—,—,—,,,0
0001016100-04-000030_exhibit-103.htm.txt,EXCLUDE,no multiple and no dollar original issue price found,0,0,—,—,—,,,0
0001019687-07-001024_uwink_8k-040507.txt,EXCLUDE,no multiple and no dollar original issue price found,0,0,—,—,—,,,0
0001019687-13-002945_oculus_8k-ex1001.txt,EXCLUDE,no multiple and no dollar original issue price found,0,0,—,—,—,,,0
0001019687-14-000407_oculus_8k-ex1002.txt,EXCLUDE,no multiple and no dollar original issue price found,0,0,—,—,—,,,0
000101968711002723_helix_8k-ex1007.txt,EXCLUDE,no multiple and no dollar original issue price found,0,0,—,—,—,,,0
0001035704-06-000247_d34442exv4w5.txt,EXCLUDE,no multiple and no dollar original issue price found,0,0,—,—,—,,,0
0001038838-07-000153_ex1078k123106.txt,EXCLUDE,no multiple and no dollar original issue price found,0,0,—,—,—,,,0
0001041061-16-000056_yum-12262015xex1030.txt,EXCLUDE,no multiple and no dollar original issue price found,0,0,—,—,—,,,0
0001047469-03-010357_a2106288zex-4_8.txt,EXCLUDE,no multiple and no dollar original issue price found,0,0,—,—,—,,,0
0001047469-03-010357_a2106288zex-4_9.txt,EXCLUDE,no multiple and no dollar original issue price found,0,0,—,—,—,,,0
0001047469-04-038327_filename35.txt,EXCLUDE,no multiple and no dollar original issue price found,0,0,—,—,—,,,0
0001047469-06-008353_a2171167zex-10_13.txt,EXCLUDE,no multiple and no dollar original issue price found,0,0,—,—,—,,,0
0001047469-06-008353_a2171167zex-10_14.txt,EXCLUDE,no multiple and no dollar original issue price found,0,0,—,—,—,,,0
0001047469-06-008353_a2171167zex-10_15.txt,EXCLUDE,no multiple and no dollar original issue price found,0,0,—,—,—,,,0
0001047469-07-002039_a2176594zex-4_6.txt,EXCLUDE,no multiple and no dollar original issue price found,0,0,—,—,—,,,0
0001047469-07-006282_a2179181zex-10_23a.txt,EXCLUDE,no multiple and no dollar original issue price found,0,0,—,—,—,,,0
0001047469-07-008123_a2180296zex-10_18.txt,EXCLUDE,no multiple and no dollar original issue price found,0,0,—,—,—,,,0
0001047469-09-010296_a2195611zex-4_1.txt,EXCLUDE,no multiple and no dollar original issue price found,0,0,—,—,—,,,0
0001047469-10-008803_a2200459zex-3_2.txt,EXCLUDE,no multiple and no dollar original issue price found,0,0,—,—,—,,,0
0001047469-10-008884_a2200599zex-3_2.txt,EXCLUDE,no multiple and no dollar original issue price found,0,0,—,—,—,,,0
0001047469-12-003207_a2208385zex-3_1.txt,EXCLUDE,an original issue price is stated but no liquidation multiple,0,2,—,—,—,,,0
0001047469-12-004869_a2208908zex-4_12.txt,EXCLUDE,no multiple and no dollar original issue price found,0,0,—,—,—,,,0
0001047469-13-003949_a2214242zex-10_27.txt,EXCLUDE,no multiple and no dollar original issue price found,0,0,—,—,—,,,0
0001047469-13-003949_a2214242zex-10_30.txt,EXCLUDE,no multiple and no dollar original issue price found,0,0,—,—,—,,,0
0001047469-13-008148_a2216187zex-10_3.txt,EXCLUDE,no multiple and no dollar original issue price found,0,0,—,—,—,,,0
0001047469-15-004609_a2224683zex-3_4.txt,EXCLUDE,no multiple and no dollar original issue price found,0,0,—,—,—,,,0
000105427407000020_exhibit49note.txt,EXCLUDE,no multiple and no dollar original issue price found,0,0,—,—,—,,,0
000106299308002839.txt,EXCLUDE,no multiple and no dollar original issue price found,0,0,—,—,—,,,0
0001068874-16-000081_imsc160408_ex10z3.txt,EXCLUDE,no multiple and no dollar original issue price found,0,0,—,—,—,,,0
0001077048-05-000165_ex10-1.txt,EXCLUDE,no multiple and no dollar original issue price found,0,0,—,—,—,,,0
0001077048-05-000165_ex10-2.txt,EXCLUDE,no multiple and no dollar original issue price found,0,0,—,—,—,,,0
0001077048-05-000165_ex10-3.txt,EXCLUDE,no multiple and no dollar original issue price found,0,0,—,—,—,,,0
0001077048-05-000165_ex10-4.txt,EXCLUDE,no multiple and no dollar original issue price found,0,0,—,—,—,,,0
0001077048-05-000165_ex10-5.txt,EXCLUDE,no multiple and no dollar original issue price found,0,0,—,—,—,,,0
0001078782-12-002674_f8k101712_ex99z1.txt,EXCLUDE,no multiple and no dollar original issue price found,0,0,—,—,—,,,0
0001078782-13-001151_f8k053113_8k.txt,EXCLUDE,no multiple and no dollar original issue price found,0,0,—,—,—,,,0
0001078782-14-001394_f8k080614_ex4z1.txt,EXCLUDE,no multiple and no dollar original issue price found,0,0,—,—,—,,,0
0001086380-08-000034_nawl8k092308.txt,EXCLUDE,no multiple and no dollar original issue price found,0,0,—,—,—,,,0
0001096906-21-002254_bakh_ex10z1.txt,EXCLUDE,no multiple and no dollar original issue price found,0,0,—,—,—,,,0
0001096906-21-002893_byoc_ex10z1.txt,EXCLUDE,no multiple and no dollar original issue price found,0,0,—,—,—,,,0
0001104659-03-005473_j8805_ex10d64.txt,EXCLUDE,no multiple and no dollar original issue price found,0,0,—,—,—,,,0
0001104659-03-005585_j8805_ex10d64.txt,EXCLUDE,no multiple and no dollar original issue price found,0,0,—,—,—,,,0
0001104659-04-000781_a04-1176_18ka.txt,EXCLUDE,no multiple and no dollar original issue price found,0,0,—,—,—,,,0
0001104659-05-003298_a05-2510_1ex10d19.txt,EXCLUDE,no multiple and no dollar original issue price found,0,0,—,—,—,,,0
0001104659-05-011384_a05-3485_1ex10d93.txt,EXCLUDE,no multiple and no dollar original issue price found,0,0,—,—,—,,,0
0001104659-05-012882_a05-5749_18k.txt,EXCLUDE,no multiple and no dollar original issue price found,0,0,—,—,—,,,0
0001104659-05-023727_a05-9266_2ex99d4.txt,EXCLUDE,no multiple and no dollar original issue price found,0,0,—,—,—,,,0
0001104659-05-039734_a05-14860_18k.txt,EXCLUDE,no multiple and no dollar original issue price found,0,0,—,—,—,,,0
0001104659-05-046850_a05-17101_18k.txt,EXCLUDE,no multiple and no dollar original issue price found,0,0,—,—,—,,,0
0001104659-05-060449_a05-21673_1ex3d1.txt,EXCLUDE,no multiple and no dollar original issue price found,0,0,—,—,—,,,0
0001104659-05-060565_a05-21721_1ex10d1.txt,EXCLUDE,no multiple and no dollar original issue price found,0,0,—,—,—,,,0
0001104659-06-013956_a06-6239_18k.txt,EXCLUDE,no multiple and no dollar original issue price found,0,0,—,—,—,,,0
0001104659-06-067055_a06-21344_1ex10d37.txt,EXCLUDE,no multiple and no dollar original issue price found,0,0,—,—,—,,,0
0001104659-06-076249_a06-24290_18k.txt,EXCLUDE,no multiple and no dollar original issue price found,0,0,—,—,—,,,0
0001104659-06-076249_a06-24290_1ex99d1.txt,EXCLUDE,no multiple and no dollar original issue price found,0,0,—,—,—,,,0
0001104659-08-004661_a08-3687_18k.txt,EXCLUDE,no multiple and no dollar original issue price found,0,0,—,—,—,,,0
0001104659-09-039164_a09-16464_1ex10d1.txt,EXCLUDE,no multiple and no dollar original issue price found,0,0,—,—,—,,,0
0001104659-09-039164_a09-16464_1ex10d2.txt,EXCLUDE,no multiple and no dollar original issue price found,0,0,—,—,—,,,0
0001104659-09-039164_a09-16464_1ex10d3.txt,EXCLUDE,no multiple and no dollar original issue price found,0,0,—,—,—,,,0
0001104659-09-054183_a09-26145_18k.txt,EXCLUDE,no multiple and no dollar original issue price found,0,0,—,—,—,,,0
0001104659-10-038279_a10-14025_18k.txt,EXCLUDE,no multiple and no dollar original issue price found,0,0,—,—,—,,,0
0001104659-11-033325_a11-14399_18k.txt,EXCLUDE,no multiple and no dollar original issue price found,0,0,—,—,—,,,0
0001104659-12-073362_a12-25837_1ex10d6.txt,EXCLUDE,no multiple and no dollar original issue price found,0,0,—,—,—,,,0
0001104659-13-044671_a13-13149_18k.txt,EXCLUDE,no multiple and no dollar original issue price found,0,0,—,—,—,,,0
0001104659-13-054244_R16.xml.txt,EXCLUDE,no multiple and no dollar original issue price found,0,0,—,—,—,,,0
0001104659-14-049234_a14-16261_1ex4d2.txt,EXCLUDE,no multiple and no dollar original issue price found,0,0,—,—,—,,,0
0001104659-14-059453_a14-13844_4ex10d2.txt,EXCLUDE,no multiple and no dollar original issue price found,0,0,—,—,—,,,0
0001104659-14-075598_a14-23423_18k.htm.txt,EXCLUDE,no multiple and no dollar original issue price found,0,0,—,—,—,,,0
0001104659-15-037692_a15-11562_18k.txt,EXCLUDE,no multiple and no dollar original issue price found,0,0,—,—,—,,,0
0001104659-15-041070_a15-3946_11ex3d1.txt,EXCLUDE,no multiple and no dollar original issue price found,0,0,—,—,—,,,0
0001104659-15-057259_a15-16788_2ex3d2.txt,EXCLUDE,no multiple and no dollar original issue price found,0,0,—,—,—,,,0
0001104659-16-120490_a16-11176_18k.txt,EXCLUDE,no multiple and no dollar original issue price found,0,0,—,—,—,,,0
0001104659-17-048201_a17-18633_1ex10d6.txt,EXCLUDE,no multiple and no dollar original issue price found,0,0,—,—,—,,,0
0001104659-18-002622_a18-3138_18k.htm.txt,EXCLUDE,no multiple and no dollar original issue price found,0,0,—,—,—,,,0
0001104659-18-022671_a18-9629_18k.txt,EXCLUDE,no multiple and no dollar original issue price found,0,0,—,—,—,,,0
0001104659-20-040309_tm2031080d1_ex4-vi.txt,EXCLUDE,no multiple and no dollar original issue price found,0,0,—,—,—,,,0
0001104659-20-131754_tm2030105d13_ex10-19.txt,EXCLUDE,no multiple and no dollar original issue price found,0,0,—,—,—,,,0
0001104659-20-131754_tm2030105d13_ex10-20.txt,EXCLUDE,no multiple and no dollar original issue price found,0,0,—,—,—,,,0
0001104659-20-138612_tm2038803d6_8k.txt,EXCLUDE,no multiple and no dollar original issue price found,0,0,—,—,—,,,0
0001104659-21-005324_tm213128d1_ex99-1.txt,EXCLUDE,an original issue price is stated but no liquidation multiple,0,4,—,—,—,,,0
0001104659-22-115148_tm2229794d1_8k.txt,EXCLUDE,no multiple and no dollar original issue price found,0,0,—,—,—,,,0
0001104659-23-071887_tm2318720d1_ex99-1.txt,EXCLUDE,no multiple and no dollar original issue price found,0,0,—,—,—,,,0
0001104659-23-118395_tm2330452d2_8k.txt,EXCLUDE,no multiple and no dollar original issue price found,0,0,—,—,—,,,0
0001104659-23-118395_tm2330452d2_ex10-3.txt,EXCLUDE,no multiple and no dollar original issue price found,0,0,—,—,—,,,0
0001104659-24-001628_tm2333797d1_8k.txt,EXCLUDE,no multiple and no dollar original issue price found,0,0,—,—,—,,,0
0001104659-25-070885_filename11.txt,EXCLUDE,no multiple and no dollar original issue price found,0,0,—,—,—,,,0
0001104659-25-097958_tm2516611d9_ex10-6.txt,EXCLUDE,no multiple and no dollar original issue price found,0,0,—,—,—,,,0
0001104659-26-075802_tm2617498d1_ex3-9.txt,EXCLUDE,no multiple and no dollar original issue price found,0,0,—,—,—,,,0
000110465921125637.txt,EXCLUDE,an original issue price is stated but no liquidation multiple,0,7,—,—,—,,,0
0001114872-06-000002_exhibit10_3.txt,EXCLUDE,no multiple and no dollar original issue price found,0,0,—,—,—,,,0
000111650209001166.txt,EXCLUDE,no multiple and no dollar original issue price found,0,0,—,—,—,,,0
0001117768-12-000182_exhibit1010.txt,EXCLUDE,no multiple and no dollar original issue price found,0,0,—,—,—,,,0
0001117768-17-001842_mainbody.txt,EXCLUDE,no multiple and no dollar original issue price found,0,0,—,—,—,,,0
0001125282-06-004916_p413913_ex10-4i.txt,EXCLUDE,no multiple and no dollar original issue price found,0,0,—,—,—,,,0
0001125282-06-004916_p413913_ex10-5i.txt,EXCLUDE,no multiple and no dollar original issue price found,0,0,—,—,—,,,0
0001125282-06-006236_p413913_s1b.htm.txt,EXCLUDE,no multiple and no dollar original issue price found,0,0,—,—,—,,,0
0001125282-06-007804_b413913_s1a.htm.txt,EXCLUDE,no multiple and no dollar original issue price found,0,0,—,—,—,,,0
000112528206006873_b415608_ex10-82.txt,EXCLUDE,no multiple and no dollar original issue price found,0,0,—,—,—,,,0
0001133796-09-000268_k169847_ex99-1.txt,EXCLUDE,no multiple and no dollar original issue price found,0,0,—,—,—,,,0
0001137050-08-000113_f8kexhibit0804072008nonquali.txt,EXCLUDE,no multiple and no dollar original issue price found,0,0,—,—,—,,,0
0001137050-08-000115_f8kexhibit0804072008nonquali.txt,EXCLUDE,no multiple and no dollar original issue price found,0,0,—,—,—,,,0
0001137050-09-000285_sinocompharmaceuticalinccurr.txt,EXCLUDE,no multiple and no dollar original issue price found,0,0,—,—,—,,,0
0001140361-15-000122_form8k.txt,EXCLUDE,no multiple and no dollar original issue price found,0,0,—,—,—,,,0
0001140361-20-005874_ex4_4.txt,EXCLUDE,no multiple and no dollar original issue price found,0,0,—,—,—,,,0
0001140361-23-024212_ny20009051x2_8k.txt,EXCLUDE,no multiple and no dollar original issue price found,0,0,—,—,—,,,0
0001140361-24-009294_ef20022340_8k.txt,EXCLUDE,no multiple and no dollar original issue price found,0,0,—,—,—,,,0
0001140361-24-010156_ef20022733_8k.txt,EXCLUDE,no multiple and no dollar original issue price found,0,0,—,—,—,,,0
0001144204-04-017555_v08033_green.txt,EXCLUDE,no multiple and no dollar original issue price found,0,0,—,—,—,,,0
0001144204-04-017555_v08033_isco.txt,EXCLUDE,no multiple and no dollar original issue price found,0,0,—,—,—,,,0
0001144204-04-017555_v08033_mayhew.txt,EXCLUDE,no multiple and no dollar original issue price found,0,0,—,—,—,,,0
0001144204-06-001152_v033103_ex99-1.txt,EXCLUDE,no multiple and no dollar original issue price found,0,0,—,—,—,,,0
0001144204-07-047015_v086581_8-k.txt,EXCLUDE,no multiple and no dollar original issue price found,0,0,—,—,—,,,0
0001144204-09-031556_v151793_ex2-1.txt,EXCLUDE,no multiple and no dollar original issue price found,0,0,—,—,—,,,0
0001144204-09-065154_v169335_ex99-1.htm.txt,EXCLUDE,no multiple and no dollar original issue price found,0,0,—,—,—,,,0
0001144204-10-014550_filename16.htm.txt,EXCLUDE,no multiple and no dollar original issue price found,0,0,—,—,—,,,0
0001144204-10-046527_v195191_8k.txt,EXCLUDE,no multiple and no dollar original issue price found,0,0,—,—,—,,,0
0001144204-10-046527_v195191_ex10-1.txt,EXCLUDE,no multiple and no dollar original issue price found,0,0,—,—,—,,,0
0001144204-11-010165_v212119_8k.txt,EXCLUDE,no multiple and no dollar original issue price found,0,0,—,—,—,,,0
0001144204-11-010165_v212119_ex10-1.txt,EXCLUDE,no multiple and no dollar original issue price found,0,0,—,—,—,,,0
0001144204-13-027308_v344404_8k.txt,EXCLUDE,no multiple and no dollar original issue price found,0,0,—,—,—,,,0
0001144204-13-038609_R22.xml.txt,EXCLUDE,no multiple and no dollar original issue price found,0,0,—,—,—,,,0
0001144204-13-043944_v352018_ex10-9.txt,EXCLUDE,no multiple and no dollar original issue price found,0,0,—,—,—,,,0
0001144204-13-065207_v361967_ex99-1.txt,EXCLUDE,no multiple and no dollar original issue price found,0,0,—,—,—,,,0
0001144204-13-066772_v362783_8-k.txt,EXCLUDE,no multiple and no dollar original issue price found,0,0,—,—,—,,,0
0001144204-14-011078_v367545_ex10-9.txt,EXCLUDE,no multiple and no dollar original issue price found,0,0,—,—,—,,,0
0001144204-14-015857_v371796_8k.htm.txt,EXCLUDE,no multiple and no dollar original issue price found,0,0,—,—,—,,,0
0001144204-14-037557_v381398_8k.txt,EXCLUDE,no multiple and no dollar original issue price found,0,0,—,—,—,,,0
0001144204-15-053727_v419640_ex10-1.txt,EXCLUDE,no multiple and no dollar original issue price found,0,0,—,—,—,,,0
0001144204-15-053891_filename10.txt,EXCLUDE,no multiple and no dollar original issue price found,0,0,—,—,—,,,0
0001144204-15-053891_filename12.txt,EXCLUDE,no multiple and no dollar original issue price found,0,0,—,—,—,,,0
0001144204-15-054026_v418922_10k.txt,EXCLUDE,no multiple and no dollar original issue price found,0,0,—,—,—,,,0
0001144204-15-072415_v427012_ex4-5.txt,EXCLUDE,no multiple and no dollar original issue price found,0,0,—,—,—,,,0
0001144204-15-072415_v427012_ex4-7.txt,EXCLUDE,no multiple and no dollar original issue price found,0,0,—,—,—,,,0
0001144204-16-141777_v455883_ex3-2.txt,EXCLUDE,no multiple and no dollar original issue price found,0,0,—,—,—,,,0
0001144204-17-006683_v458662_ex4-1.txt,EXCLUDE,no multiple and no dollar original issue price found,0,0,—,—,—,,,0
0001144204-17-048498_v474820_10k.txt,EXCLUDE,no multiple and no dollar original issue price found,0,0,—,—,—,,,0
0001144204-17-048994_v475194_ex10-16.txt,EXCLUDE,no multiple and no dollar original issue price found,0,0,—,—,—,,,0
0001144204-18-002621_tv483377_ex10-10.txt,EXCLUDE,no multiple and no dollar original issue price found,0,0,—,—,—,,,0
0001144204-18-002621_tv483377_ex10-7.txt,EXCLUDE,no multiple and no dollar original issue price found,0,0,—,—,—,,,0
0001144204-18-002621_tv483377_ex10-8.txt,EXCLUDE,no multiple and no dollar original issue price found,0,0,—,—,—,,,0
0001144204-18-002621_tv483377_ex10-9.txt,EXCLUDE,no multiple and no dollar original issue price found,0,0,—,—,—,,,0
0001144204-18-050119_tv502422_10k.txt,EXCLUDE,no multiple and no dollar original issue price found,0,0,—,—,—,,,0
0001144204-18-053359_filename3.txt,EXCLUDE,no multiple and no dollar original issue price found,0,0,—,—,—,,,0
0001144204-18-053563_tv504690_8k.txt,EXCLUDE,no multiple and no dollar original issue price found,0,0,—,—,—,,,0
0001144204-19-029248_tv522644_ex6-16.txt,EXCLUDE,no multiple and no dollar original issue price found,0,0,—,—,—,,,0
0001144204-19-037670_tv526294_8k.txt,EXCLUDE,no multiple and no dollar original issue price found,0,0,—,—,—,,,0
000114420407005490.txt,EXCLUDE,no multiple and no dollar original issue price found,0,0,—,—,—,,,0
000114420410006176.txt,EXCLUDE,no multiple and no dollar original issue price found,0,0,—,—,—,,,0
000114420411004581_v209348_ex10-1.txt,EXCLUDE,no multiple and no dollar original issue price found,0,0,—,—,—,,,0
000114420413001094_v331587_8k.txt,EXCLUDE,no multiple and no dollar original issue price found,0,0,—,—,—,,,0
0001145236-02-000130_adpverilink10_22.txt,EXCLUDE,no multiple and no dollar original issue price found,0,0,—,—,—,,,0
0001164711-05-000009_form8k.txt,EXCLUDE,no multiple and no dollar original issue price found,0,0,—,—,—,,,0
0001165527-11-000360_ex10-03.txt,EXCLUDE,no multiple and no dollar original issue price found,0,0,—,—,—,,,0
0001165527-11-000360_ex10-05.txt,EXCLUDE,no multiple and no dollar original issue price found,0,0,—,—,—,,,0
0001165527-11-000360_ex10-06.txt,EXCLUDE,no multiple and no dollar original issue price found,0,0,—,—,—,,,0
0001171843-10-000455_exh_1021.txt,EXCLUDE,no multiple and no dollar original issue price found,0,0,—,—,—,,,0
0001173473-11-000018_ex106.txt,EXCLUDE,no multiple and no dollar original issue price found,0,0,—,—,—,,,0
0001183186-11-000002_ex992.txt,EXCLUDE,no multiple and no dollar original issue price found,0,0,—,—,—,,,0
0001183186-11-000004_ex992.txt,EXCLUDE,no multiple and no dollar original issue price found,0,0,—,—,—,,,0
0001183186-11-000008_ex992.txt,EXCLUDE,no multiple and no dollar original issue price found,0,0,—,—,—,,,0
0001185185-14-001429_ex10-2.txt,EXCLUDE,no multiple and no dollar original issue price found,0,0,—,—,—,,,0
0001193125-03-085295_dex108.txt,EXCLUDE,no multiple and no dollar original issue price found,0,0,—,—,—,,,0
0001193125-03-090753_d8k.txt,EXCLUDE,no multiple and no dollar original issue price found,0,0,—,—,—,,,0
0001193125-03-100604_dex1019.txt,EXCLUDE,no multiple and no dollar original issue price found,0,0,—,—,—,,,0
0001193125-04-036342_dex1019.txt,EXCLUDE,no multiple and no dollar original issue price found,0,0,—,—,—,,,0
0001193125-04-047000_dex1010.txt,EXCLUDE,no multiple and no dollar original issue price found,0,0,—,—,—,,,0
0001193125-04-150450_d8k.txt,EXCLUDE,no multiple and no dollar original issue price found,0,0,—,—,—,,,0
0001193125-04-158865_d8k.txt,EXCLUDE,no multiple and no dollar original issue price found,0,0,—,—,—,,,0
0001193125-04-159873_dex1013.txt,EXCLUDE,no multiple and no dollar original issue price found,0,0,—,—,—,,,0
0001193125-04-167617_dex41.txt,EXCLUDE,no multiple and no dollar original issue price found,0,0,—,—,—,,,0
0001193125-04-209582_dex31.txt,EXCLUDE,no multiple and no dollar original issue price found,0,0,—,—,—,,,0
0001193125-05-067271_dex1046.txt,EXCLUDE,no multiple and no dollar original issue price found,0,0,—,—,—,,,0
0001193125-05-069415_dex102.txt,EXCLUDE,no multiple and no dollar original issue price found,0,0,—,—,—,,,0
0001193125-05-088679_dex103.txt,EXCLUDE,no multiple and no dollar original issue price found,0,0,—,—,—,,,0
0001193125-05-088679_dex105.txt,EXCLUDE,no multiple and no dollar original issue price found,0,0,—,—,—,,,0
0001193125-05-123587_filename14.htm.txt,EXCLUDE,an original issue price is stated but no liquidation multiple,0,2,—,—,—,,,0
0001193125-05-128665_d8k.txt,EXCLUDE,no multiple and no dollar original issue price found,0,0,—,—,—,,,0
0001193125-05-181502_d8k.txt,EXCLUDE,no multiple and no dollar original issue price found,0,0,—,—,—,,,0
0001193125-05-186871_dex992.txt,EXCLUDE,no multiple and no dollar original issue price found,0,0,—,—,—,,,0
0001193125-05-192064_dex101.txt,EXCLUDE,no multiple and no dollar original issue price found,0,0,—,—,—,,,0
0001193125-05-226106_dex992.txt,EXCLUDE,no multiple and no dollar original issue price found,0,0,—,—,—,,,0
0001193125-05-233514_d8k.txt,EXCLUDE,no multiple and no dollar original issue price found,0,0,—,—,—,,,0
0001193125-06-053345_dex101.txt,EXCLUDE,no multiple and no dollar original issue price found,0,0,—,—,—,,,0
0001193125-06-071916_d8k.txt,EXCLUDE,no multiple and no dollar original issue price found,0,0,—,—,—,,,0
0001193125-06-096887_dex1055.txt,EXCLUDE,no multiple and no dollar original issue price found,0,0,—,—,—,,,0
0001193125-06-184453_dex1075.txt,EXCLUDE,no multiple and no dollar original issue price found,0,0,—,—,—,,,0
0001193125-06-192598_dex1012.txt,EXCLUDE,no multiple and no dollar original issue price found,0,0,—,—,—,,,0
0001193125-06-212415_dex991.txt,EXCLUDE,no multiple and no dollar original issue price found,0,0,—,—,—,,,0
0001193125-07-032009_dex31.txt,EXCLUDE,no multiple and no dollar original issue price found,0,0,—,—,—,,,0
0001193125-07-042724_dex101.txt,EXCLUDE,no multiple and no dollar original issue price found,0,0,—,—,—,,,0
0001193125-07-050145_dex1011.txt,EXCLUDE,no multiple and no dollar original issue price found,0,0,—,—,—,,,0
0001193125-07-050145_dex1015.txt,EXCLUDE,no multiple and no dollar original issue price found,0,0,—,—,—,,,0
0001193125-07-111369_dex31.txt,EXCLUDE,an original issue price is stated but no liquidation multiple,0,3,—,—,—,,,0
0001193125-07-200675_dex1028.txt,EXCLUDE,no multiple and no dollar original issue price found,0,0,—,—,—,,,0
0001193125-07-204432_dex31.txt,EXCLUDE,no multiple and no dollar original issue price found,0,0,—,—,—,,,0
0001193125-07-228355_d8k.txt,EXCLUDE,no multiple and no dollar original issue price found,0,0,—,—,—,,,0
0001193125-07-255707_dex32.txt,EXCLUDE,no multiple and no dollar original issue price found,0,0,—,—,—,,,0
0001193125-08-041900_dex104.txt,EXCLUDE,no multiple and no dollar original issue price found,0,0,—,—,—,,,0
0001193125-08-189285_dex31.txt,EXCLUDE,no multiple and no dollar original issue price found,0,0,—,—,—,,,0
0001193125-09-181128_dex32.txt,EXCLUDE,no multiple and no dollar original issue price found,0,0,—,—,—,,,0
0001193125-11-020563_dex992.txt,EXCLUDE,no multiple and no dollar original issue price found,0,0,—,—,—,,,0
0001193125-11-026716_filename6.txt,EXCLUDE,no multiple and no dollar original issue price found,0,0,—,—,—,,,0
0001193125-11-046262_dex1020.txt,EXCLUDE,no multiple and no dollar original issue price found,0,0,—,—,—,,,0
0001193125-11-124790_filename20.txt,EXCLUDE,no multiple and no dollar original issue price found,0,0,—,—,—,,,0
0001193125-11-156308_dex410.txt,EXCLUDE,no multiple and no dollar original issue price found,0,0,—,—,—,,,0
0001193125-11-194811_ds1a.htm.txt,EXCLUDE,no multiple and no dollar original issue price found,0,0,—,—,—,,,0
0001193125-11-196217_dex31.txt,EXCLUDE,no multiple and no dollar original issue price found,0,0,—,—,—,,,0
0001193125-11-199051_ds1a.htm.txt,EXCLUDE,no multiple and no dollar original issue price found,0,0,—,—,—,,,0
0001193125-11-204682_dex402.txt,EXCLUDE,no multiple and no dollar original issue price found,0,0,—,—,—,,,0
0001193125-11-318584_d259954d8k.txt,EXCLUDE,no multiple and no dollar original issue price found,0,0,—,—,—,,,0
0001193125-11-327662_d261388dex43.txt,EXCLUDE,no multiple and no dollar original issue price found,0,0,—,—,—,,,0
0001193125-12-109626_d313655d8k.txt,EXCLUDE,no multiple and no dollar original issue price found,0,0,—,—,—,,,0
0001193125-12-118920_d275348dex103.txt,EXCLUDE,no multiple and no dollar original issue price found,0,0,—,—,—,,,0
0001193125-12-119900_d267119dex43.txt,EXCLUDE,no multiple and no dollar original issue price found,0,0,—,—,—,,,0
0001193125-12-140220_d326083dex31.txt,EXCLUDE,no multiple and no dollar original issue price found,0,0,—,—,—,,,0
0001193125-12-186599_d267119dex42.txt,EXCLUDE,no multiple and no dollar original issue price found,0,0,—,—,—,,,0
0001193125-12-290128_d377132d8k.htm.txt,EXCLUDE,no multiple and no dollar original issue price found,0,0,—,—,—,,,0
0001193125-12-306440_d380427dex1024.txt,EXCLUDE,no multiple and no dollar original issue price found,0,0,—,—,—,,,0
0001193125-12-338632_d380427dex1034.txt,EXCLUDE,no multiple and no dollar original issue price found,0,0,—,—,—,,,0
0001193125-13-046243_d484075d8k.txt,EXCLUDE,no multiple and no dollar original issue price found,0,0,—,—,—,,,0
0001193125-13-162989_d525588d8k.txt,EXCLUDE,no multiple and no dollar original issue price found,0,0,—,—,—,,,0
0001193125-13-391443_d572031dex31.txt,EXCLUDE,an original issue price is stated but no liquidation multiple,0,1,—,—,—,,,0
0001193125-13-403444_d563804dex105.txt,EXCLUDE,no multiple and no dollar original issue price found,0,0,—,—,—,,,0
0001193125-14-041287_d636610dex109.txt,EXCLUDE,no multiple and no dollar original issue price found,0,0,—,—,—,,,0
0001193125-14-055104_d629509dex47.txt,EXCLUDE,no multiple and no dollar original issue price found,0,0,—,—,—,,,0
0001193125-14-055104_d629509dex48.txt,EXCLUDE,no multiple and no dollar original issue price found,0,0,—,—,—,,,0
0001193125-14-104715_d641160dex31.txt,EXCLUDE,an original issue price is stated but no liquidation multiple,0,6,—,—,—,,,0
0001193125-14-255452_d684206dex31.htm.txt,EXCLUDE,no multiple and no dollar original issue price found,0,0,—,—,—,,,0
0001193125-14-332241_d710680dex42.txt,EXCLUDE,no multiple and no dollar original issue price found,0,0,—,—,—,,,0
0001193125-14-335661_d770501dex1024.txt,EXCLUDE,no multiple and no dollar original issue price found,0,0,—,—,—,,,0
0001193125-14-421715_d806574dex31.txt,EXCLUDE,no multiple and no dollar original issue price found,0,0,—,—,—,,,0
0001193125-15-060049_d836724dex1031.txt,EXCLUDE,no multiple and no dollar original issue price found,0,0,—,—,—,,,0
0001193125-15-097140_d894517dex992.txt,EXCLUDE,no multiple and no dollar original issue price found,0,0,—,—,—,,,0
0001193125-15-111848_d899900d8k.txt,EXCLUDE,no multiple and no dollar original issue price found,0,0,—,—,—,,,0
0001193125-15-184145_d924489d8k.txt,EXCLUDE,no multiple and no dollar original issue price found,0,0,—,—,—,,,0
0001193125-15-220243_d908531dex42.txt,EXCLUDE,no multiple and no dollar original issue price found,0,0,—,—,—,,,0
0001193125-16-707549_d937439dex1021.txt,EXCLUDE,no multiple and no dollar original issue price found,0,0,—,—,—,,,0
0001193125-17-003078_d284169dex31.txt,EXCLUDE,no multiple and no dollar original issue price found,0,0,—,—,—,,,0
0001193125-17-021777_d332453d8k.txt,EXCLUDE,no multiple and no dollar original issue price found,0,0,—,—,—,,,0
0001193125-18-099555_d506878dex104.txt,EXCLUDE,no multiple and no dollar original issue price found,0,0,—,—,—,,,0
0001193125-18-326054_d629585d8k.txt,EXCLUDE,no multiple and no dollar original issue price found,0,0,—,—,—,,,0
0001193125-19-141386_d744998d8k.txt,EXCLUDE,no multiple and no dollar original issue price found,0,0,—,—,—,,,0
0001193125-20-262422_d937421dex31.txt,EXCLUDE,an original issue price is stated but no liquidation multiple,0,2,—,—,—,,,0
0001193125-21-119531_d51356dex1013.txt,EXCLUDE,no multiple and no dollar original issue price found,0,0,—,—,—,,,0
0001193125-21-224403_d93222dex105.txt,EXCLUDE,no multiple and no dollar original issue price found,0,0,—,—,—,,,0
0001193125-21-273014_d190342dex991.txt,EXCLUDE,no multiple and no dollar original issue price found,0,0,—,—,—,,,0
0001193125-22-280241_d388226dex109.txt,EXCLUDE,no multiple and no dollar original issue price found,0,0,—,—,—,,,0
0001193125-23-100691_d414396dex102.txt,EXCLUDE,no multiple and no dollar original issue price found,0,0,—,—,—,,,0
0001193125-23-163051_d508192dex991.txt,EXCLUDE,no multiple and no dollar original issue price found,0,0,—,—,—,,,0
0001193125-23-255006_d569281dex991.txt,EXCLUDE,no multiple and no dollar original issue price found,0,0,—,—,—,,,0
0001193125-23-259928_d486542dex105c.txt,EXCLUDE,no multiple and no dollar original issue price found,0,0,—,—,—,,,0
0001193125-23-270801_d486542dex105c.txt,EXCLUDE,no multiple and no dollar original issue price found,0,0,—,—,—,,,0
0001193125-24-192842_d873309dex101.txt,EXCLUDE,no multiple and no dollar original issue price found,0,0,—,—,—,,,0
0001193125-25-084382_d938849d8k.txt,EXCLUDE,no multiple and no dollar original issue price found,0,0,—,—,—,,,0
0001193125-25-084390_d939290d8k.txt,EXCLUDE,no multiple and no dollar original issue price found,0,0,—,—,—,,,0
0001193125-25-337040_prhi-ex10_1.txt,EXCLUDE,no multiple and no dollar original issue price found,0,0,—,—,—,,,0
0001193125-26-035812_filename4.txt,EXCLUDE,no multiple and no dollar original issue price found,0,0,—,—,—,,,0
0001193125-26-106114_woof-ex10_30.txt,EXCLUDE,no multiple and no dollar original issue price found,0,0,—,—,—,,,0
0001193125-26-153091_rea-ex4_2.txt,EXCLUDE,no multiple and no dollar original issue price found,0,0,—,—,—,,,0
000119312511194811.txt,EXCLUDE,no multiple and no dollar original issue price found,0,0,—,—,—,,,0
000119312511199051.txt,EXCLUDE,no multiple and no dollar original issue price found,0,0,—,—,—,,,0
000119312514231812_d711637dex1015.txt,EXCLUDE,no multiple and no dollar original issue price found,0,0,—,—,—,,,0
000119312515142499.txt,EXCLUDE,an original issue price is stated but no liquidation multiple,0,5,—,—,—,,,0
000119312521202695.txt,EXCLUDE,no multiple and no dollar original issue price found,0,0,—,—,—,,,0
0001204459-08-002042_cbio101508exh103.txt,EXCLUDE,no multiple and no dollar original issue price found,0,0,—,—,—,,,0
0001206774-15-000109_yelp_8k.txt,EXCLUDE,no multiple and no dollar original issue price found,0,0,—,—,—,,,0
0001213900-11-006339_f8k112111ex10i_busmrking.txt,EXCLUDE,no multiple and no dollar original issue price found,0,0,—,—,—,,,0
0001213900-11-006341_f8k112111ex10i_busmrking.txt,EXCLUDE,no multiple and no dollar original issue price found,0,0,—,—,—,,,0
0001213900-17-012233_f1a2017ex3-8_pogotecinc.txt,EXCLUDE,no multiple and no dollar original issue price found,0,0,—,—,—,,,0
0001213900-20-028252_ea127298ex99-2_insuranceacq.htm.txt,EXCLUDE,no multiple and no dollar original issue price found,0,0,—,—,—,,,0
0001213900-20-033888_ea128838ex3-1_oraclehealth.txt,EXCLUDE,no multiple and no dollar original issue price found,0,0,—,—,—,,,0
0001213900-21-031946_ea142489ex10-1_creatdinc.txt,EXCLUDE,no multiple and no dollar original issue price found,0,0,—,—,—,,,0
0001213900-22-000982_ea153649ex3-1_creciinc.txt,EXCLUDE,no multiple and no dollar original issue price found,0,0,—,—,—,,,0
0001213900-22-020064_fs12022ex10-14_actelisnet.txt,EXCLUDE,no multiple and no dollar original issue price found,0,0,—,—,—,,,0
0001213900-22-049015_ea164559-8k_soundhound.txt,EXCLUDE,no multiple and no dollar original issue price found,0,0,—,—,—,,,0
0001213900-22-062082_ea166638-8k_arcimoto.txt,EXCLUDE,no multiple and no dollar original issue price found,0,0,—,—,—,,,0
0001213900-22-065580_ea167420-8k_hnracq.txt,EXCLUDE,no multiple and no dollar original issue price found,0,0,—,—,—,,,0
0001213900-24-011894_filename14.txt,EXCLUDE,no multiple and no dollar original issue price found,0,0,—,—,—,,,0
0001213900-24-028856_ea0202874-8k_gryphon.txt,EXCLUDE,no multiple and no dollar original issue price found,0,0,—,—,—,,,0
0001213900-24-037413_ea020125504ex10-9_alphacog.txt,EXCLUDE,no multiple and no dollar original issue price found,0,0,—,—,—,,,0
0001213900-24-047414_filename1.txt,EXCLUDE,no multiple and no dollar original issue price found,0,0,—,—,—,,,0
0001213900-24-088124_filename1.txt,EXCLUDE,no multiple and no dollar original issue price found,0,0,—,—,—,,,0
0001213900-24-088124_filename11.txt,EXCLUDE,no multiple and no dollar original issue price found,0,0,—,—,—,,,0
0001213900-24-088124_filename12.txt,EXCLUDE,no multiple and no dollar original issue price found,0,0,—,—,—,,,0
0001213900-24-095442_ea021976201ex4-2_lomond.txt,EXCLUDE,no multiple and no dollar original issue price found,0,0,—,—,—,,,0
0001213900-25-014354_ea023010901ex99-1_fold.txt,EXCLUDE,no multiple and no dollar original issue price found,0,0,—,—,—,,,0
0001213900-25-046512_ea024303701ex10-1_logicmark.txt,EXCLUDE,no multiple and no dollar original issue price found,0,0,—,—,—,,,0
0001213900-25-076002_ea025309901ex10-2_t1energy.txt,EXCLUDE,no multiple and no dollar original issue price found,0,0,—,—,—,,,0
0001213900-25-077022_filename4.txt,EXCLUDE,no multiple and no dollar original issue price found,0,0,—,—,—,,,0
0001213900-25-077022_filename5.txt,EXCLUDE,no multiple and no dollar original issue price found,0,0,—,—,—,,,0
0001213900-25-077022_filename6.txt,EXCLUDE,no multiple and no dollar original issue price found,0,0,—,—,—,,,0
0001213900-25-092547_ea0258991-8k_health.txt,EXCLUDE,no multiple and no dollar original issue price found,0,0,—,—,—,,,0
0001213900-25-095449_ea0259804-8k_actelis.txt,EXCLUDE,no multiple and no dollar original issue price found,0,0,—,—,—,,,0
0001213900-25-123767_ea026659901ex10-4_neo.txt,EXCLUDE,no multiple and no dollar original issue price found,0,0,—,—,—,,,0
0001213900-25-123767_ea026659901ex10-5_neo.txt,EXCLUDE,no multiple and no dollar original issue price found,0,0,—,—,—,,,0
0001213900-25-123767_ea026659901ex10-6_neo.txt,EXCLUDE,no multiple and no dollar original issue price found,0,0,—,—,—,,,0
0001213900-26-025748_ea025686308ex10-2.txt,EXCLUDE,no multiple and no dollar original issue price found,0,0,—,—,—,,,0
0001213900-26-025748_ea025686308ex10-4.txt,EXCLUDE,no multiple and no dollar original issue price found,0,0,—,—,—,,,0
0001213900-26-062961_ea029221401ex10-12.txt,EXCLUDE,no multiple and no dollar original issue price found,0,0,—,—,—,,,0
000121390017007223_f8k043016_minercoinc.txt,EXCLUDE,no multiple and no dollar original issue price found,0,0,—,—,—,,,0
000121390023048665_ea180241-8k_veritasfarms.txt,EXCLUDE,no multiple and no dollar original issue price found,0,0,—,—,—,,,0
000121390023048665_ea180241ex10-2_veritasfarms.txt,EXCLUDE,no multiple and no dollar original issue price found,0,0,—,—,—,,,0
0001214659-13-003596_ex10_20.txt,EXCLUDE,no multiple and no dollar original issue price found,0,0,—,—,—,,,0
0001214659-21-007128_g712118k.txt,EXCLUDE,no multiple and no dollar original issue price found,0,0,—,—,—,,,0
0001267602-14-000037_alimeraexhibit.txt,EXCLUDE,no multiple and no dollar original issue price found,0,0,—,—,—,,,0
0001275287-05-004554_ri4045.txt,EXCLUDE,no multiple and no dollar original issue price found,0,0,—,—,—,,,0
0001288469-18-000048_form8-k121918.txt,EXCLUDE,no multiple and no dollar original issue price found,0,0,—,—,—,,,0
0001299933-05-000086_htm_2524.txt,EXCLUDE,no multiple and no dollar original issue price found,0,0,—,—,—,,,0
0001299933-05-001251_exhibit2.txt,EXCLUDE,no multiple and no dollar original issue price found,0,0,—,—,—,,,0
0001299933-06-001537_exhibit3.txt,EXCLUDE,no multiple and no dollar original issue price found,0,0,—,—,—,,,0
0001299933-08-001680_exhibit5.txt,EXCLUDE,no multiple and no dollar original issue price found,0,0,—,—,—,,,0
0001299933-11-000951_htm_41195.txt,EXCLUDE,no multiple and no dollar original issue price found,0,0,—,—,—,,,0
0001299933-13-001033_htm_47835.txt,EXCLUDE,no multiple and no dollar original issue price found,0,0,—,—,—,,,0
0001299933-14-000501_htm_49563.txt,EXCLUDE,no multiple and no dollar original issue price found,0,0,—,—,—,,,0
0001299933-15-001406_htm_52458.txt,EXCLUDE,no multiple and no dollar original issue price found,0,0,—,—,—,,,0
0001304280-26-000019_novelispugrantnoticeterms-.txt,EXCLUDE,no multiple and no dollar original issue price found,0,0,—,—,—,,,0
000135448809001358.txt,EXCLUDE,no multiple and no dollar original issue price found,0,0,—,—,—,,,0
0001358403-15-000055_q32015form8-knewdirector.txt,EXCLUDE,no multiple and no dollar original issue price found,0,0,—,—,—,,,0
0001379246-14-000100_charter9414.txt,EXCLUDE,no multiple and no dollar original issue price found,0,0,—,—,—,,,0
0001381507-22-000022_exhibit31-form10x12ga.txt,EXCLUDE,no multiple and no dollar original issue price found,0,0,—,—,—,,,0
0001381507-23-000044_ex-31araoi.txt,EXCLUDE,no multiple and no dollar original issue price found,0,0,—,—,—,,,0
0001393905-21-000178_brgo_ex310.txt,EXCLUDE,no multiple and no dollar original issue price found,0,0,—,—,—,,,0
0001398432-18-000125_exh10_01.txt,EXCLUDE,no multiple and no dollar original issue price found,0,0,—,—,—,,,0
0001410384-21-000119_qtwo-20210923.txt,EXCLUDE,no multiple and no dollar original issue price found,0,0,—,—,—,,,0
0001415889-15-000181_ex10-4.txt,EXCLUDE,no multiple and no dollar original issue price found,0,0,—,—,—,,,0
0001424884-15-000185_exhibit10-11.txt,EXCLUDE,no multiple and no dollar original issue price found,0,0,—,—,—,,,0
0001437749-15-004484_ex3-1.txt,EXCLUDE,no multiple and no dollar original issue price found,0,0,—,—,—,,,0
0001437749-15-012341_ptnt20150615_8k.txt,EXCLUDE,no multiple and no dollar original issue price found,0,0,—,—,—,,,0
0001437749-16-024571_ex10-4.txt,EXCLUDE,no multiple and no dollar original issue price found,0,0,—,—,—,,,0
0001437749-17-007855_bkyi20170502_8k.txt,EXCLUDE,no multiple and no dollar original issue price found,0,0,—,—,—,,,0
0001437749-18-019139_ex_127203.txt,EXCLUDE,no multiple and no dollar original issue price found,0,0,—,—,—,,,0
0001437749-20-001052_ex_169936.txt,EXCLUDE,no multiple and no dollar original issue price found,0,0,—,—,—,,,0
0001437749-22-001514_ex_325546.txt,EXCLUDE,no multiple and no dollar original issue price found,0,0,—,—,—,,,0
0001437749-24-029434_lode20240918_8k.txt,EXCLUDE,no multiple and no dollar original issue price found,0,0,—,—,—,,,0
0001437749-24-035863_lode20241119_8k.txt,EXCLUDE,no multiple and no dollar original issue price found,0,0,—,—,—,,,0
0001437749-25-002314_lode20250130_8k.txt,EXCLUDE,no multiple and no dollar original issue price found,0,0,—,—,—,,,0
0001437749-25-003661_lode20250211_8k.txt,EXCLUDE,no multiple and no dollar original issue price found,0,0,—,—,—,,,0
0001437749-26-019366_ex_971837.txt,EXCLUDE,no multiple and no dollar original issue price found,0,0,—,—,—,,,0
0001437749-26-019366_twav20260603_8k.txt,EXCLUDE,no multiple and no dollar original issue price found,0,0,—,—,—,,,0
000143774914021556.txt,EXCLUDE,no multiple and no dollar original issue price found,0,0,—,—,—,,,0
0001445305-13-000283_exxxxq42012.txt,EXCLUDE,no multiple and no dollar original issue price found,0,0,—,—,—,,,0
0001445305-20-000037_exhibit406-description.txt,EXCLUDE,no multiple and no dollar original issue price found,0,0,—,—,—,,,0
0001451809-24-000052_ex1034offerofemployment-sa.txt,EXCLUDE,no multiple and no dollar original issue price found,0,0,—,—,—,,,0
0001452857-20-000003_splp8-kxagreementamendment.txt,EXCLUDE,no multiple and no dollar original issue price found,0,0,—,—,—,,,0
000146396714000035_mwki_s8k-ex104.txt,EXCLUDE,no multiple and no dollar original issue price found,0,0,—,—,—,,,0
0001477932-18-004207_mblc_ex103.txt,EXCLUDE,no multiple and no dollar original issue price found,0,0,—,—,—,,,0
0001477932-18-004955_mblc_ex103.txt,EXCLUDE,no multiple and no dollar original issue price found,0,0,—,—,—,,,0
0001477932-22-009572_xeri_ex42.htm.txt,EXCLUDE,no multiple and no dollar original issue price found,0,0,—,—,—,,,0
0001477932-23-001866_fccc_8k.txt,EXCLUDE,no multiple and no dollar original issue price found,0,0,—,—,—,,,0
0001477932-23-005195_flora_ex102.txt,EXCLUDE,no multiple and no dollar original issue price found,0,0,—,—,—,,,0
0001477932-24-002266_sing_ex991.txt,EXCLUDE,no multiple and no dollar original issue price found,0,0,—,—,—,,,0
000147793216013565_gmgi_10k.txt,EXCLUDE,no multiple and no dollar original issue price found,0,0,—,—,—,,,0
000147793217000103_artec_ex101.txt,EXCLUDE,no multiple and no dollar original issue price found,0,0,—,—,—,,,0
0001493152-15-000277_ex3-2_i.txt,EXCLUDE,no multiple and no dollar original issue price found,0,0,—,—,—,,,0
0001493152-16-016248_ex10-1.txt,EXCLUDE,no multiple and no dollar original issue price found,0,0,—,—,—,,,0
0001493152-17-009888_ex10-1.txt,EXCLUDE,no multiple and no dollar original issue price found,0,0,—,—,—,,,0
0001493152-17-009888_ex3-1.txt,EXCLUDE,no multiple and no dollar original issue price found,0,0,—,—,—,,,0
0001493152-18-001887_filename5.txt,EXCLUDE,no multiple and no dollar original issue price found,0,0,—,—,—,,,0
0001493152-18-006498_ex10-1.txt,EXCLUDE,no multiple and no dollar original issue price found,0,0,—,—,—,,,0
0001493152-21-000653_ex4-16.txt,EXCLUDE,no multiple and no dollar original issue price found,0,0,—,—,—,,,0
0001493152-21-000653_ex4-17.txt,EXCLUDE,no multiple and no dollar original issue price found,0,0,—,—,—,,,0
0001493152-21-019973_ex4-16.txt,EXCLUDE,no multiple and no dollar original issue price found,0,0,—,—,—,,,0
0001493152-21-022601_ex6-8.txt,EXCLUDE,no multiple and no dollar original issue price found,0,0,—,—,—,,,0
0001493152-22-000377_ex3-3.txt,EXCLUDE,no multiple and no dollar original issue price found,0,0,—,—,—,,,0
0001493152-22-024010_ex3-3.txt,EXCLUDE,no multiple and no dollar original issue price found,0,0,—,—,—,,,0
0001493152-22-033890_ex10-3.txt,EXCLUDE,no multiple and no dollar original issue price found,0,0,—,—,—,,,0
0001493152-22-035659_ex3-3.txt,EXCLUDE,no multiple and no dollar original issue price found,0,0,—,—,—,,,0
0001493152-23-023979_ex10-1.txt,EXCLUDE,no multiple and no dollar original issue price found,0,0,—,—,—,,,0
0001493152-24-049571_form8-k.txt,EXCLUDE,no multiple and no dollar original issue price found,0,0,—,—,—,,,0
0001493152-26-003639_ex10-4.txt,EXCLUDE,no multiple and no dollar original issue price found,0,0,—,—,—,,,0
000149315216007138_form10-ka.txt,EXCLUDE,no multiple and no dollar original issue price found,0,0,—,—,—,,,0
000149315217015289.txt,EXCLUDE,an original issue price is stated but no liquidation multiple,0,1,—,—,—,,,0
000149315226005258.txt,EXCLUDE,no multiple and no dollar original issue price found,0,0,—,—,—,,,0
000149315226027047.txt,EXCLUDE,no multiple and no dollar original issue price found,0,0,—,—,—,,,0
0001499275-26-000004_groo_ex301.txt,EXCLUDE,no multiple and no dollar original issue price found,0,0,—,—,—,,,0
0001503707-23-000002_ltipformfinalforedgar.txt,EXCLUDE,no multiple and no dollar original issue price found,0,0,—,—,—,,,0
0001511164-13-000507_ngeform8k11413.txt,EXCLUDE,no multiple and no dollar original issue price found,0,0,—,—,—,,,0
0001516513-23-000036_ex-107xcraigoverpeckofferl.txt,EXCLUDE,no multiple and no dollar original issue price found,0,0,—,—,—,,,0
0001534120-25-000009_ex-991cboappointmentinduce.txt,EXCLUDE,no multiple and no dollar original issue price found,0,0,—,—,—,,,0
0001557240-14-000109_ocoo_8k-2014mar3.txt,EXCLUDE,no multiple and no dollar original issue price found,0,0,—,—,—,,,0
0001558370-16-005813_evri-20160510x8k.txt,EXCLUDE,no multiple and no dollar original issue price found,0,0,—,—,—,,,0
0001558370-20-004305_mdwt-20200424xex10d3.txt,EXCLUDE,no multiple and no dollar original issue price found,0,0,—,—,—,,,0
0001558370-21-008713_giii-20210628x8k.txt,EXCLUDE,no multiple and no dollar original issue price found,0,0,—,—,—,,,0
0001558370-22-014600_rsss-20220630x10k.txt,EXCLUDE,no multiple and no dollar original issue price found,0,0,—,—,—,,,0
0001562762-19-000006_bvsn-20190103xex10_2.txt,EXCLUDE,no multiple and no dollar original issue price found,0,0,—,—,—,,,0
0001564590-16-015879_tube-ex101_7.txt,EXCLUDE,no multiple and no dollar original issue price found,0,0,—,—,—,,,0
0001564590-16-018593_tube-ex101_7.txt,EXCLUDE,no multiple and no dollar original issue price found,0,0,—,—,—,,,0
0001564590-18-000747_filename9.txt,EXCLUDE,no multiple and no dollar original issue price found,0,0,—,—,—,,,0
0001564590-20-006066_cbb-ex415_180.txt,EXCLUDE,no multiple and no dollar original issue price found,0,0,—,—,—,,,0
0001564590-20-056736_phx-ex1018_306.txt,EXCLUDE,no multiple and no dollar original issue price found,0,0,—,—,—,,,0
0001571049-18-000536_filename2.txt,EXCLUDE,no multiple and no dollar original issue price found,0,0,—,—,—,,,0
0001575872-26-000442_amass027_8k.txt,EXCLUDE,no multiple and no dollar original issue price found,0,0,—,—,—,,,0
0001575872-26-000442_amass027_ex10-1.txt,EXCLUDE,no multiple and no dollar original issue price found,0,0,—,—,—,,,0
0001575872-26-000442_amass027_ex10-2.txt,EXCLUDE,no multiple and no dollar original issue price found,0,0,—,—,—,,,0
0001575872-26-000456_amass029_ex10-1.txt,EXCLUDE,no multiple and no dollar original issue price found,0,0,—,—,—,,,0
0001607062-21-000118_filename14.txt,EXCLUDE,no multiple and no dollar original issue price found,0,0,—,—,—,,,0
0001607062-21-000234_ex10_3.txt,EXCLUDE,no multiple and no dollar original issue price found,0,0,—,—,—,,,0
0001615774-16-005117_filename2.txt,EXCLUDE,no multiple and no dollar original issue price found,0,0,—,—,—,,,0
0001615774-16-006151_s103246_ex4-1.txt,EXCLUDE,no multiple and no dollar original issue price found,0,0,—,—,—,,,0
0001615774-16-007047_s103988_ex3-1.txt,EXCLUDE,no multiple and no dollar original issue price found,0,0,—,—,—,,,0
0001615774-16-007268_s104162_ex3-3.txt,EXCLUDE,no multiple and no dollar original issue price found,0,0,—,—,—,,,0
0001619856-23-000079_crbu-20230629.txt,EXCLUDE,no multiple and no dollar original issue price found,0,0,—,—,—,,,0
0001628279-21-000398_filename10.txt,EXCLUDE,no multiple and no dollar original issue price found,0,0,—,—,—,,,0
0001628279-21-000398_filename11.txt,EXCLUDE,no multiple and no dollar original issue price found,0,0,—,—,—,,,0
0001628279-21-000398_filename9.txt,EXCLUDE,no multiple and no dollar original issue price found,0,0,—,—,—,,,0
0001628279-21-000551_filename2.txt,EXCLUDE,an original issue price is stated but no liquidation multiple,0,1,—,—,—,,,0
0001628279-24-000336_filename9.txt,EXCLUDE,no multiple and no dollar original issue price found,0,0,—,—,—,,,0
0001628279-26-000298_filename11.txt,EXCLUDE,no multiple and no dollar original issue price found,0,0,—,—,—,,,0
0001628279-26-000298_filename12.txt,EXCLUDE,no multiple and no dollar original issue price found,0,0,—,—,—,,,0
0001628279-26-000342_filename13.txt,EXCLUDE,no multiple and no dollar original issue price found,0,0,—,—,—,,,0
0001628279-26-000342_filename14.txt,EXCLUDE,no multiple and no dollar original issue price found,0,0,—,—,—,,,0
0001628280-19-001592_tmhc-123118xex1031.txt,EXCLUDE,no multiple and no dollar original issue price found,0,0,—,—,—,,,0
0001628280-20-002149_mic-20191231x10kxex45.txt,EXCLUDE,no multiple and no dollar original issue price found,0,0,—,—,—,,,0
0001628280-21-003660_cerc-20210301.txt,EXCLUDE,no multiple and no dollar original issue price found,0,0,—,—,—,,,0
0001628280-21-003660_ex-991prsgappointment.txt,EXCLUDE,no multiple and no dollar original issue price found,0,0,—,—,—,,,0
0001628280-21-004162_ex-1054wilkinsjeffreyoffer.txt,EXCLUDE,no multiple and no dollar original issue price found,0,0,—,—,—,,,0
0001628280-21-018818_exhibit31-sx1.txt,EXCLUDE,an original issue price is stated but no liquidation multiple,0,1,—,—,—,,,0
0001628280-21-019876_exhibit102-sx1.txt,EXCLUDE,no multiple and no dollar original issue price found,0,0,—,—,—,,,0
0001628280-21-019876_exhibit103-sx1.txt,EXCLUDE,no multiple and no dollar original issue price found,0,0,—,—,—,,,0
0001628280-21-019876_exhibit104-sx1.txt,EXCLUDE,no multiple and no dollar original issue price found,0,0,—,—,—,,,0
0001628280-22-003178_ex-101neilea.txt,EXCLUDE,no multiple and no dollar original issue price found,0,0,—,—,—,,,0
0001628280-22-003178_ex-102sullivanea.txt,EXCLUDE,no multiple and no dollar original issue price found,0,0,—,—,—,,,0
0001628280-24-029564_ex-991cloappointment.txt,EXCLUDE,no multiple and no dollar original issue price found,0,0,—,—,—,,,0
0001628280-24-031923_ex-991cmoappointment.txt,EXCLUDE,no multiple and no dollar original issue price found,0,0,—,—,—,,,0
0001628280-24-041596_exhibit109-sx1.txt,EXCLUDE,no multiple and no dollar original issue price found,0,0,—,—,—,,,0
0001628280-25-000005_ex-991csoappointment.txt,EXCLUDE,no multiple and no dollar original issue price found,0,0,—,—,—,,,0
0001628280-26-009057_exhibit1015-amendmentno2to.txt,EXCLUDE,no multiple and no dollar original issue price found,0,0,—,—,—,,,0
0001628280-26-025811_exhibit1031-sx1.txt,EXCLUDE,no multiple and no dollar original issue price found,0,0,—,—,—,,,0
0001628280-26-025811_exhibit1032-sx1.txt,EXCLUDE,no multiple and no dollar original issue price found,0,0,—,—,—,,,0
0001628280-26-029515_exhibit101e-sx1a.txt,EXCLUDE,no multiple and no dollar original issue price found,0,0,—,—,—,,,0
000164033418000855.txt,EXCLUDE,no multiple and no dollar original issue price found,0,0,—,—,—,,,0
0001654954-16-004599_end_ex105.txt,EXCLUDE,no multiple and no dollar original issue price found,0,0,—,—,—,,,0
0001654954-19-005416_loop_ex4-1.txt,EXCLUDE,no multiple and no dollar original issue price found,0,0,—,—,—,,,0
0001654954-24-007029_loop_ex41.txt,EXCLUDE,no multiple and no dollar original issue price found,0,0,—,—,—,,,0
0001654954-25-006256_loop_ex41.txt,EXCLUDE,no multiple and no dollar original issue price found,0,0,—,—,—,,,0
0001683168-16-000857_tpac_8k-ex0301.txt,EXCLUDE,no multiple and no dollar original issue price found,0,0,—,—,—,,,0
0001683168-18-000378_purespectrum_8k-ex9901.txt,EXCLUDE,no multiple and no dollar original issue price found,0,0,—,—,—,,,0
0001683168-21-005012_filename6.txt,EXCLUDE,no multiple and no dollar original issue price found,0,0,—,—,—,,,0
0001683168-22-000097_aclarion_ex1008.txt,EXCLUDE,no multiple and no dollar original issue price found,0,0,—,—,—,,,0
0001683168-23-007017_acon_8k.txt,EXCLUDE,no multiple and no dollar original issue price found,0,0,—,—,—,,,0
0001683168-23-007655_auddia_8k.txt,EXCLUDE,no multiple and no dollar original issue price found,0,0,—,—,—,,,0
0001683168-24-008391_auddia_8k.txt,EXCLUDE,no multiple and no dollar original issue price found,0,0,—,—,—,,,0
0001721868-21-000866_filename15.txt,EXCLUDE,no multiple and no dollar original issue price found,0,0,—,—,—,,,0
0001794515-21-000061_zi-ex1030x20210226.txt,EXCLUDE,no multiple and no dollar original issue price found,0,0,—,—,—,,,0
0001829126-22-000452_neonbloom_ex3-1.txt,EXCLUDE,no multiple and no dollar original issue price found,0,0,—,—,—,,,0
0001829576-23-000060_care4q23-exhibit101.txt,EXCLUDE,no multiple and no dollar original issue price found,0,0,—,—,—,,,0
0001829576-25-000016_care-20241231xex1079.txt,EXCLUDE,no multiple and no dollar original issue price found,0,0,—,—,—,,,0
0001829576-26-000018_carter-ar2018planxform2026.txt,EXCLUDE,no multiple and no dollar original issue price found,0,0,—,—,—,,,0
0001829576-26-000018_carter-formof2026timexbase.txt,EXCLUDE,no multiple and no dollar original issue price found,0,0,—,—,—,,,0
0001883678-21-000003_rhovepartiiandiii103121.txt,EXCLUDE,no multiple and no dollar original issue price found,0,0,—,—,—,,,0
0001883678-21-000004_rhovepartiiandiii12121.txt,EXCLUDE,no multiple and no dollar original issue price found,0,0,—,—,—,,,0
0001883678-22-000004_partiiandiii.txt,EXCLUDE,no multiple and no dollar original issue price found,0,0,—,—,—,,,0
0001903596-22-000170_f2ssos102121ex4_13.txt,EXCLUDE,no multiple and no dollar original issue price found,0,0,—,—,—,,,0
0001952073-23-000012_msgeexhibit440630202310k.txt,EXCLUDE,no multiple and no dollar original issue price found,0,0,—,—,—,,,0
1002902_000119312505031213.txt,EXCLUDE,no multiple and no dollar original issue price found,0,0,—,—,—,,,0
1003740_000102140803000045.txt,EXCLUDE,no multiple and no dollar original issue price found,0,0,—,—,—,,,0
1004673_0001144204-16-102928.txt,EXCLUDE,no multiple and no dollar original issue price found,0,0,—,—,—,,,0
1005731_000121390009003739.txt,EXCLUDE,no multiple and no dollar original issue price found,0,0,—,—,—,,,0
1014852_000093066101500957.txt,EXCLUDE,no multiple and no dollar original issue price found,0,0,—,—,—,,,0
1016100_000101610004000030.txt,EXCLUDE,no multiple and no dollar original issue price found,0,0,—,—,—,,,0
1017022_0001193125-03-024199.txt,EXCLUDE,no multiple and no dollar original issue price found,0,0,—,—,—,,,0
1025707_000093041304003886.txt,EXCLUDE,no multiple and no dollar original issue price found,0,0,—,—,—,,,0
1030984_0001144204-03-003232.txt,EXCLUDE,no multiple and no dollar original issue price found,0,0,—,—,—,,,0
1031927_000095012309020292.txt,EXCLUDE,no multiple and no dollar original issue price found,0,0,—,—,—,,,0
1037388_0000950123-04-005413.txt,EXCLUDE,no multiple and no dollar original issue price found,0,0,—,—,—,,,0
1044590_0001044590-11-000049.txt,EXCLUDE,no multiple and no dollar original issue price found,0,0,—,—,—,,,0
1053148_000095014401503351.txt,EXCLUDE,no multiple and no dollar original issue price found,0,0,—,—,—,,,0
1058027_000114420409066751.txt,EXCLUDE,no multiple and no dollar original issue price found,0,0,—,—,—,,,0
1061937_0001193125-05-040439.txt,EXCLUDE,no multiple and no dollar original issue price found,0,0,—,—,—,,,0
1062195_000110465903012203.txt,EXCLUDE,"wrong semantic role: a ceiling or condition, not an amount - the phrase appears, but the clause is not a liquidation preference amount",1,1,3.00,10.000000,30.000000,three (3) times the Original Issue Price,ORIGINAL ISSUE PRICE ” shall mean $10.00,1030
1067701_0000950172-01-500930.txt,EXCLUDE,no multiple and no dollar original issue price found,0,0,—,—,—,,,0
1067837_000119312515255977.txt,EXCLUDE,no multiple and no dollar original issue price found,0,0,—,—,—,,,0
1069201_000092242301500544.txt,EXCLUDE,no multiple and no dollar original issue price found,0,0,—,—,—,,,0
1070750_0001193125-05-039824.txt,EXCLUDE,no multiple and no dollar original issue price found,0,0,—,—,—,,,0
1074436_0001144204-06-024032.txt,EXCLUDE,no multiple and no dollar original issue price found,0,0,—,—,—,,,0
1075066_000119312505006025.txt,EXCLUDE,no multiple and no dollar original issue price found,0,0,—,—,—,,,0
1076103_000091476003000217.txt,EXCLUDE,no multiple and no dollar original issue price found,0,0,—,—,—,,,0
1077915_000107878212001904.txt,EXCLUDE,no multiple and no dollar original issue price found,0,0,—,—,—,,,0
1082114_0000950123-01-500460.txt,EXCLUDE,no multiple and no dollar original issue price found,0,0,—,—,—,,,0
1082114_0000950123-01-502953.txt,EXCLUDE,no multiple and no dollar original issue price found,0,0,—,—,—,,,0
1082337_0001082337-03-000001.txt,EXCLUDE,no multiple and no dollar original issue price found,0,0,—,—,—,,,0
1082337_0001082337-04-000003.txt,EXCLUDE,no multiple and no dollar original issue price found,0,0,—,—,—,,,0
1082733_000165495426003578.txt,EXCLUDE,no multiple and no dollar original issue price found,0,0,—,—,—,,,0
1084332_0001021408-01-505653.txt,EXCLUDE,no multiple and no dollar original issue price found,0,0,—,—,—,,,0
1084332_0001072613-01-500915.txt,EXCLUDE,no multiple and no dollar original issue price found,0,0,—,—,—,,,0
1085254_000114420406045300.txt,EXCLUDE,no multiple and no dollar original issue price found,0,0,—,—,—,,,0
1089872_000095017025106543.txt,EXCLUDE,no multiple and no dollar original issue price found,0,0,—,—,—,,,0
1090908_000143774913006947.txt,EXCLUDE,no multiple and no dollar original issue price found,0,0,—,—,—,,,0
1092283_000119312505071414.txt,EXCLUDE,no multiple and no dollar original issue price found,0,0,—,—,—,,,0
1093207_000114420414015857.txt,EXCLUDE,no multiple and no dollar original issue price found,0,0,—,—,—,,,0
1095266_000139834411001586.txt,EXCLUDE,an original issue price is stated but no liquidation multiple,0,1,—,—,—,,,0
1095996_0001193125-08-053021.txt,EXCLUDE,no multiple and no dollar original issue price found,0,0,—,—,—,,,0
1096857_000114420410042076.txt,EXCLUDE,no multiple and no dollar original issue price found,0,0,—,—,—,,,0
1100954_000114420407049513.txt,EXCLUDE,no multiple and no dollar original issue price found,0,0,—,—,—,,,0
1103078_000119312505072191.txt,EXCLUDE,no multiple and no dollar original issue price found,0,0,—,—,—,,,0
1108271_000119312504159873.txt,EXCLUDE,no multiple and no dollar original issue price found,0,0,—,—,—,,,0
1108699_000101968704002883.txt,EXCLUDE,no multiple and no dollar original issue price found,0,0,—,—,—,,,0
1111632_000111163211000011.txt,EXCLUDE,no multiple and no dollar original issue price found,0,0,—,—,—,,,0
1111711_000111171120000013.txt,EXCLUDE,no multiple and no dollar original issue price found,0,0,—,—,—,,,0
1113481_000111348114000003.txt,EXCLUDE,no multiple and no dollar original issue price found,0,0,—,—,—,,,0
1119700_000114420405033377.txt,EXCLUDE,an original issue price is stated but no liquidation multiple,0,1,—,—,—,,,0
1120970_000112097024000048.txt,EXCLUDE,no multiple and no dollar original issue price found,0,0,—,—,—,,,0
1122051_000119312515337490.txt,EXCLUDE,no multiple and no dollar original issue price found,0,0,—,—,—,,,0
1123195_000112319502000020.txt,EXCLUDE,no multiple and no dollar original issue price found,0,0,—,—,—,,,0
1125294_000119312505123587.txt,EXCLUDE,an original issue price is stated but no liquidation multiple,0,2,—,—,—,,,0
1125490_000119312508054517.txt,EXCLUDE,no multiple and no dollar original issue price found,0,0,—,—,—,,,0
1130258_000104746906010148.txt,EXCLUDE,a liquidation multiple is stated but no dollar original issue price,1,0,—,—,—,,,0
1134203_0001134203-08-000018.txt,EXCLUDE,no multiple and no dollar original issue price found,0,0,—,—,—,,,0
1134203_0001193125-09-215410.txt,EXCLUDE,no multiple and no dollar original issue price found,0,0,—,—,—,,,0
1158172_000095013308000368.txt,EXCLUDE,no multiple and no dollar original issue price found,0,0,—,—,—,,,0
1158780_000121390025023733.txt,EXCLUDE,no multiple and no dollar original issue price found,0,0,—,—,—,,,0
1161315_000095012314003249.txt,EXCLUDE,no multiple and no dollar original issue price found,0,0,—,—,—,,,0
1176325_0001144204-09-023904.txt,EXCLUDE,no multiple and no dollar original issue price found,0,0,—,—,—,,,0
1200720_000104746904001493.txt,EXCLUDE,no multiple and no dollar original issue price found,0,0,—,—,—,,,0
1201663_0001193125-12-187329.txt,EXCLUDE,no multiple and no dollar original issue price found,0,0,—,—,—,,,0
1206133_000114420407069689.txt,EXCLUDE,no multiple and no dollar original issue price found,0,0,—,—,—,,,0
1236997_000106299308001834.txt,EXCLUDE,"3 distinct original issue prices stated ($1.0, $1.19, $1.4) - multi-series document, the pairing is ambiguous",1,3,—,—,—,,,0
1241199_0000950133-08-000881.txt,EXCLUDE,no multiple and no dollar original issue price found,0,0,—,—,—,,,0
1262159_000114420408019217.txt,EXCLUDE,no multiple and no dollar original issue price found,0,0,—,—,—,,,0
1262279_0001104659-10-021377.txt,EXCLUDE,no multiple and no dollar original issue price found,0,0,—,—,—,,,0
1262279_0001193125-12-330511.txt,EXCLUDE,no multiple and no dollar original issue price found,0,0,—,—,—,,,0
1262279_0001262279-11-000028.txt,EXCLUDE,no multiple and no dollar original issue price found,0,0,—,—,—,,,0
1262279_0001262279-14-000008.txt,EXCLUDE,no multiple and no dollar original issue price found,0,0,—,—,—,,,0
1274991_000119312510075918.txt,EXCLUDE,"6 distinct original issue prices stated ($0.55043, $1.16112, $2.4, $3.0, $8.0, $16.0) - multi-series document, the pairing is ambiguous",1,6,—,—,—,,,0
1283259_000149315225016953.txt,EXCLUDE,a liquidation multiple is stated but no dollar original issue price,1,0,—,—,—,,,0
1283259_000149315225027406.txt,EXCLUDE,a liquidation multiple is stated but no dollar original issue price,1,0,—,—,—,,,0
1287701_0001144204-10-013258.txt,EXCLUDE,no multiple and no dollar original issue price found,0,0,—,—,—,,,0
1290729_000119312504090996.txt,EXCLUDE,no multiple and no dollar original issue price found,0,0,—,—,—,,,0
1293310_000119312512306440.txt,EXCLUDE,no multiple and no dollar original issue price found,0,0,—,—,—,,,0
1293310_000119312512338632.txt,EXCLUDE,no multiple and no dollar original issue price found,0,0,—,—,—,,,0
1294133_0001193125-13-457162.txt,EXCLUDE,no multiple and no dollar original issue price found,0,0,—,—,—,,,0
1297401_000119312510248144.txt,EXCLUDE,no multiple and no dollar original issue price found,0,0,—,—,—,,,0
1305014_000130501415000073.txt,EXCLUDE,no multiple and no dollar original issue price found,0,0,—,—,—,,,0
1305253_000119312516625139.txt,EXCLUDE,no multiple and no dollar original issue price found,0,0,—,—,—,,,0
1305399_0000897069-08-001961.txt,EXCLUDE,no multiple and no dollar original issue price found,0,0,—,—,—,,,0
1305399_000095013704010129.txt,EXCLUDE,no multiple and no dollar original issue price found,0,0,—,—,—,,,0
1305399_000095013705005096.txt,EXCLUDE,no multiple and no dollar original issue price found,0,0,—,—,—,,,0
1314727_000095012317011479.txt,EXCLUDE,an original issue price is stated but no liquidation multiple,0,1,—,—,—,,,0
1316925_000101968709001259.txt,EXCLUDE,no multiple and no dollar original issue price found,0,0,—,—,—,,,0
1318568_000155837016005813.txt,EXCLUDE,no multiple and no dollar original issue price found,0,0,—,—,—,,,0
1327811_000132781118000039.txt,EXCLUDE,no multiple and no dollar original issue price found,0,0,—,—,—,,,0
1329919_000129993313001033.txt,EXCLUDE,no multiple and no dollar original issue price found,0,0,—,—,—,,,0
1329919_000129993314000501.txt,EXCLUDE,no multiple and no dollar original issue price found,0,0,—,—,—,,,0
1337675_000114420407009831.txt,EXCLUDE,no multiple and no dollar original issue price found,0,0,—,—,—,,,0
1338474_0001214659-06-000905.txt,EXCLUDE,no multiple and no dollar original issue price found,0,0,—,—,—,,,0
1341470_000119312509004895.txt,EXCLUDE,a liquidation multiple is stated but no dollar original issue price,1,0,—,—,—,,,0
1344413_000089161805000914.txt,EXCLUDE,a liquidation multiple is stated but no dollar original issue price,1,0,—,—,—,,,0
1350620_0000950134-06-004765.txt,EXCLUDE,an original issue price is stated but no liquidation multiple,0,3,—,—,—,,,0
1356882_0000882377-06-003536.txt,EXCLUDE,no multiple and no dollar original issue price found,0,0,—,—,—,,,0
1358403_000135840318000037.txt,EXCLUDE,no multiple and no dollar original issue price found,0,0,—,—,—,,,0
1368365_000136836520000062.txt,EXCLUDE,no multiple and no dollar original issue price found,0,0,—,—,—,,,0
1373561_0001193125-08-051725.txt,EXCLUDE,no multiple and no dollar original issue price found,0,0,—,—,—,,,0
1374128_000119312517292995.txt,EXCLUDE,no multiple and no dollar original issue price found,0,0,—,—,—,,,0
1386049_000109690621002893.txt,EXCLUDE,no multiple and no dollar original issue price found,0,0,—,—,—,,,0
1396009_000095014408007433.txt,EXCLUDE,no multiple and no dollar original issue price found,0,0,—,—,—,,,0
1400683_0001761088-19-000108.txt,EXCLUDE,no multiple and no dollar original issue price found,0,0,—,—,—,,,0
1406574_0001214659-11-001826.txt,EXCLUDE,no multiple and no dollar original issue price found,0,0,—,—,—,,,0
1408057_000118518508000602.txt,EXCLUDE,no multiple and no dollar original issue price found,0,0,—,—,—,,,0
1409197_000101376214000235.txt,EXCLUDE,no multiple and no dollar original issue price found,0,0,—,—,—,,,0
1410428_000110465920029962.txt,EXCLUDE,no multiple and no dollar original issue price found,0,0,—,—,—,,,0
1411057_000168316822006041.txt,EXCLUDE,no multiple and no dollar original issue price found,0,0,—,—,—,,,0
1415581_000093041308000661.txt,EXCLUDE,no multiple and no dollar original issue price found,0,0,—,—,—,,,0
1419600_0001564590-19-029320.txt,EXCLUDE,no multiple and no dollar original issue price found,0,0,—,—,—,,,0
1419600_0001564590-20-026066.txt,EXCLUDE,no multiple and no dollar original issue price found,0,0,—,—,—,,,0
1427222_000101376208000358.txt,EXCLUDE,a liquidation multiple is stated but no dollar original issue price,1,0,—,—,—,,,0
1432732_0000950123-13-010300.txt,EXCLUDE,no multiple and no dollar original issue price found,0,0,—,—,—,,,0
1432732_0001193125-14-091651.txt,EXCLUDE,no multiple and no dollar original issue price found,0,0,—,—,—,,,0
1433714_000119312514041287.txt,EXCLUDE,no multiple and no dollar original issue price found,0,0,—,—,—,,,0
1434647_000119312516728641.txt,EXCLUDE,no multiple and no dollar original issue price found,0,0,—,—,—,,,0
1437106_0001104659-14-004311.txt,EXCLUDE,no multiple and no dollar original issue price found,0,0,—,—,—,,,0
1442236_0001193805-20-001298.txt,EXCLUDE,no multiple and no dollar original issue price found,0,0,—,—,—,,,0
1443089_000147124212001479.txt,EXCLUDE,no multiple and no dollar original issue price found,0,0,—,—,—,,,0
1445499_000095012321001942.txt,EXCLUDE,no multiple and no dollar original issue price found,0,0,—,—,—,,,0
1447362_000114036119009024.txt,EXCLUDE,a liquidation multiple is stated but no dollar original issue price,1,0,—,—,—,,,0
1447362_000114036119012901.txt,EXCLUDE,a liquidation multiple is stated but no dollar original issue price,1,0,—,—,—,,,0
1447599_000119312515209758.txt,EXCLUDE,an original issue price is stated but no liquidation multiple,0,1,—,—,—,,,0
1448500_000120445910001425.txt,EXCLUDE,no multiple and no dollar original issue price found,0,0,—,—,—,,,0
1452751_000095012313007092.txt,EXCLUDE,no multiple and no dollar original issue price found,0,0,—,—,—,,,0
1452751_000119312513403444.txt,EXCLUDE,no multiple and no dollar original issue price found,0,0,—,—,—,,,0
1456554_000145655410000002.txt,EXCLUDE,no multiple and no dollar original issue price found,0,0,—,—,—,,,0
1461993_000119312517361673.txt,EXCLUDE,no multiple and no dollar original issue price found,0,0,—,—,—,,,0
1469166_000095012314005342.txt,EXCLUDE,an original issue price is stated but no liquidation multiple,0,4,—,—,—,,,0
1475899_000119312512290128.txt,EXCLUDE,no multiple and no dollar original issue price found,0,0,—,—,—,,,0
1477009_000139843218000125.txt,EXCLUDE,no multiple and no dollar original issue price found,0,0,—,—,—,,,0
1477032_000110465914033719.txt,EXCLUDE,no multiple and no dollar original issue price found,0,0,—,—,—,,,0
1477449_000155837016008265.txt,EXCLUDE,an original issue price is stated but no liquidation multiple,0,1,—,—,—,,,0
1478121_000119312514227132.txt,EXCLUDE,an original issue price is stated but no liquidation multiple,0,1,—,—,—,,,0
1479290_000119312514020967.txt,EXCLUDE,"2 distinct original issue prices stated ($22.425, $33.6375) - multi-series document, the pairing is ambiguous",1,2,—,—,—,,,0
1481504_000147793222009572.txt,EXCLUDE,no multiple and no dollar original issue price found,0,0,—,—,—,,,0
1486452_000168316824001414.txt,EXCLUDE,no multiple and no dollar original issue price found,0,0,—,—,—,,,0
1490660_000110465914011906.txt,EXCLUDE,"wrong semantic role: a ceiling or condition, not an amount - the phrase appears, but the clause is not a liquidation preference amount",1,1,3.00,0.860000,2.580000,three times the original issue price,original issue price of $ 0.86,1026
1491419_000121390022046600.txt,EXCLUDE,no multiple and no dollar original issue price found,0,0,—,—,—,,,0
1499961_0001851734-22-000139.txt,EXCLUDE,an original issue price is stated but no liquidation multiple,0,1,—,—,—,,,0
1509745_000110465918002622.txt,EXCLUDE,no multiple and no dollar original issue price found,0,0,—,—,—,,,0
1529113_000121390024057583.txt,EXCLUDE,no multiple and no dollar original issue price found,0,0,—,—,—,,,0
1529113_000121390024069181.txt,EXCLUDE,no multiple and no dollar original issue price found,0,0,—,—,—,,,0
1533743_000149315218008107.txt,EXCLUDE,no multiple and no dollar original issue price found,0,0,—,—,—,,,0
1534287_000119312513148318.txt,EXCLUDE,no multiple and no dollar original issue price found,0,0,—,—,—,,,0
1538716_000119312519245313.txt,EXCLUDE,"2 distinct multiples stated (1.0, 2.0) - which series is meant is ambiguous from the window",2,8,—,—,—,,,0
1543151_000095012319002820.txt,EXCLUDE,no multiple and no dollar original issue price found,0,0,—,—,—,,,0
1545447_0001493152-15-000185.txt,EXCLUDE,no multiple and no dollar original issue price found,0,0,—,—,—,,,0
1549044_000154904412000001.txt,EXCLUDE,no multiple and no dollar original issue price found,0,0,—,—,—,,,0
1549084_000114420414005076.txt,EXCLUDE,no multiple and no dollar original issue price found,0,0,—,—,—,,,0
1550518_000142488415000185.txt,EXCLUDE,no multiple and no dollar original issue price found,0,0,—,—,—,,,0
1554818_0001683168-20-004281.txt,EXCLUDE,an original issue price is stated but no liquidation multiple,0,4,—,—,—,,,0
1556226_000147793215001592.txt,EXCLUDE,no multiple and no dollar original issue price found,0,0,—,—,—,,,0
1556898_000119312517274422.txt,EXCLUDE,"wrong semantic role: participation cap - the phrase appears, but the clause is not a liquidation preference amount",1,1,2.00,0.250000,0.500000,two times the Original Issue Price,Original Issue Price ” shall mean $0.25,1024
1558569_0001104659-20-141041.txt,EXCLUDE,no multiple and no dollar original issue price found,0,0,—,—,—,,,0
1566826_000121390025046512.txt,EXCLUDE,no multiple and no dollar original issue price found,0,0,—,—,—,,,0
1568139_000110465919068692.txt,EXCLUDE,no multiple and no dollar original issue price found,0,0,—,—,—,,,0
1568194_000119312522082723.txt,EXCLUDE,no multiple and no dollar original issue price found,0,0,—,—,—,,,0
1580149_0001520138-21-000249.txt,EXCLUDE,no multiple and no dollar original issue price found,0,0,—,—,—,,,0
1585521_000119312519083351.txt,EXCLUDE,an original issue price is stated but no liquidation multiple,0,1,—,—,—,,,0
1590496_000147793217002282.txt,EXCLUDE,no multiple and no dollar original issue price found,0,0,—,—,—,,,0
1592379_0000950123-14-000583.txt,EXCLUDE,no multiple and no dollar original issue price found,0,0,—,—,—,,,0
1592379_0001193125-14-132000.txt,EXCLUDE,no multiple and no dollar original issue price found,0,0,—,—,—,,,0
1594864_0001193125-15-373451.txt,EXCLUDE,no multiple and no dollar original issue price found,0,0,—,—,—,,,0
1604950_000119312517316695.txt,EXCLUDE,an original issue price is stated but no liquidation multiple,0,1,—,—,—,,,0
1614556_0001683168-20-002765.txt,EXCLUDE,no multiple and no dollar original issue price found,0,0,—,—,—,,,0
1620179_000104746918002690.txt,EXCLUDE,no multiple and no dollar original issue price found,0,0,—,—,—,,,0
1625278_000162828021020344.txt,EXCLUDE,"wrong semantic role: IPO / conversion threshold - the phrase appears, but the clause is not a liquidation preference amount",1,1,2.00,8.979600,17.959200,two times the original issue price,original issue price shall mean $8.97960,1024
1627480_000121390015005091.txt,EXCLUDE,no multiple and no dollar original issue price found,0,0,—,—,—,,,0
1657493_000121390021028831.txt,EXCLUDE,no multiple and no dollar original issue price found,0,0,—,—,—,,,0
1660280_000095012318006158.txt,EXCLUDE,an original issue price is stated but no liquidation multiple,0,3,—,—,—,,,0
1661460_000119312523020421.txt,EXCLUDE,no multiple and no dollar original issue price found,0,0,—,—,—,,,0
1662574_000168316821002256.txt,EXCLUDE,no multiple and no dollar original issue price found,0,0,—,—,—,,,0
1671858_000119312522280241.txt,EXCLUDE,no multiple and no dollar original issue price found,0,0,—,—,—,,,0
1683145_000121465917003720.txt,EXCLUDE,no multiple and no dollar original issue price found,0,0,—,—,—,,,0
1704760_000121390022009601.txt,EXCLUDE,no multiple and no dollar original issue price found,0,0,—,—,—,,,0
1713832_000143774923000961.txt,EXCLUDE,no multiple and no dollar original issue price found,0,0,—,—,—,,,0
1722271_000091205720000111.txt,EXCLUDE,"wrong semantic role: maximum participation amount - the phrase appears, but the clause is not a liquidation preference amount",1,1,3.00,0.277100,0.831300,three (3) times the Original Issue Price,"Original Issue Price ” shall mean (i) with respect to the Series Seed Preferred Stock, $0.27710",1030
1725057_0001193125-18-125107.txt,EXCLUDE,an original issue price is stated but no liquidation multiple,0,1,—,—,—,,,0
1725255_000110465920135025.txt,EXCLUDE,an original issue price is stated but no liquidation multiple,0,1,—,—,—,,,0
1740332_0001193125-18-325486.txt,EXCLUDE,no multiple and no dollar original issue price found,0,0,—,—,—,,,0
1752234_000114420418064195.txt,EXCLUDE,no multiple and no dollar original issue price found,0,0,—,—,—,,,0
1756708_000095012319000512.txt,EXCLUDE,no multiple and no dollar original issue price found,0,0,—,—,—,,,0
1758882_0001539497-19-000404.txt,EXCLUDE,no multiple and no dollar original issue price found,0,0,—,—,—,,,0
1777274_000121390020033888.txt,EXCLUDE,no multiple and no dollar original issue price found,0,0,—,—,—,,,0
1781983_000104746919005375.txt,EXCLUDE,"3 distinct original issue prices stated ($10.67341, $18.97836, $23.18625) - multi-series document, the pairing is ambiguous",1,3,—,—,—,,,0
1794515_000179451521000061.txt,EXCLUDE,no multiple and no dollar original issue price found,0,0,—,—,—,,,0
1800315_000095012320009492.txt,EXCLUDE,no multiple and no dollar original issue price found,0,0,—,—,—,,,0
1805521_000121390023008231.txt,EXCLUDE,no multiple and no dollar original issue price found,0,0,—,—,—,,,0
1811623_000110465922070160.txt,EXCLUDE,no multiple and no dollar original issue price found,0,0,—,—,—,,,0
1821160_000119312520261446.txt,EXCLUDE,no multiple and no dollar original issue price found,0,0,—,—,—,,,0
1821951_000121390022000982.txt,EXCLUDE,no multiple and no dollar original issue price found,0,0,—,—,—,,,0
1830043_000095017023005080.txt,EXCLUDE,no multiple and no dollar original issue price found,0,0,—,—,—,,,0
1838987_000121390024014892.txt,EXCLUDE,no multiple and no dollar original issue price found,0,0,—,—,—,,,0
1840425_0001193125-23-278858.txt,EXCLUDE,no multiple and no dollar original issue price found,0,0,—,—,—,,,0
1840425_0001193125-24-283685.txt,EXCLUDE,no multiple and no dollar original issue price found,0,0,—,—,—,,,0
1840425_0001213900-25-016100.txt,EXCLUDE,no multiple and no dollar original issue price found,0,0,—,—,—,,,0
1851491_000157587226000442.txt,EXCLUDE,no multiple and no dollar original issue price found,0,0,—,—,—,,,0
1851491_000157587226000456.txt,EXCLUDE,no multiple and no dollar original issue price found,0,0,—,—,—,,,0
1851562_000095012321004252.txt,EXCLUDE,no multiple and no dollar original issue price found,0,0,—,—,—,,,0
1879403_000157587223000626.txt,EXCLUDE,no multiple and no dollar original issue price found,0,0,—,—,—,,,0
1880343_000121390024024359.txt,EXCLUDE,no multiple and no dollar original issue price found,0,0,—,—,—,,,0
1883085_000188308524000060.txt,EXCLUDE,a liquidation multiple is stated but no dollar original issue price,1,0,—,—,—,,,0
1883085_000188308525000050.txt,EXCLUDE,a liquidation multiple is stated but no dollar original issue price,1,0,—,—,—,,,0
1883085_000188308526000018.txt,EXCLUDE,a liquidation multiple is stated but no dollar original issue price,1,0,—,—,—,,,0
1885768_000119312522139054.txt,EXCLUDE,no multiple and no dollar original issue price found,0,0,—,—,—,,,0
1888780_000157587222000105.txt,EXCLUDE,no multiple and no dollar original issue price found,0,0,—,—,—,,,0
1889123_000121390025014354.txt,EXCLUDE,no multiple and no dollar original issue price found,0,0,—,—,—,,,0
1900520_000121390024095442.txt,EXCLUDE,no multiple and no dollar original issue price found,0,0,—,—,—,,,0
1904616_000121390023031361.txt,EXCLUDE,a liquidation multiple is stated but no dollar original issue price,1,0,—,—,—,,,0
1937891_000149315226027213.txt,EXCLUDE,no multiple and no dollar original issue price found,0,0,—,—,—,,,0
1978238_000106299324015848.txt,EXCLUDE,no multiple and no dollar original issue price found,0,0,—,—,—,,,0
2010788_000149315224005725.txt,EXCLUDE,no multiple and no dollar original issue price found,0,0,—,—,—,,,0
2036444_000121390025123767.txt,EXCLUDE,no multiple and no dollar original issue price found,0,0,—,—,—,,,0
2084032_000121390026025748.txt,EXCLUDE,no multiple and no dollar original issue price found,0,0,—,—,—,,,0
20947_0000040779-09-000016.txt,EXCLUDE,no multiple and no dollar original issue price found,0,0,—,—,—,,,0
225501_0000909012-02-000032.txt,EXCLUDE,no multiple and no dollar original issue price found,0,0,—,—,—,,,0
25598_0000025598-09-000034.txt,EXCLUDE,no multiple and no dollar original issue price found,0,0,—,—,—,,,0
25600_0000025600-09-000029.txt,EXCLUDE,no multiple and no dollar original issue price found,0,0,—,—,—,,,0
29915_0000947871-09-000310.txt,EXCLUDE,no multiple and no dollar original issue price found,0,0,—,—,—,,,0
315545_000149315224049571.txt,EXCLUDE,no multiple and no dollar original issue price found,0,0,—,—,—,,,0
316206_000119312514065122.txt,EXCLUDE,no multiple and no dollar original issue price found,0,0,—,—,—,,,0
317788_000114420415017108.txt,EXCLUDE,"2 distinct original issue prices stated ($0.001, $1.0) - multi-series document, the pairing is ambiguous",1,2,—,—,—,,,0
31791_000003179124000004.txt,EXCLUDE,no multiple and no dollar original issue price found,0,0,—,—,—,,,0
319458_000143774924026112.txt,EXCLUDE,no multiple and no dollar original issue price found,0,0,—,—,—,,,0
33113_000089322007002969.txt,EXCLUDE,no multiple and no dollar original issue price found,0,0,—,—,—,,,0
56701_0000950134-05-018501.txt,EXCLUDE,no multiple and no dollar original issue price found,0,0,—,—,—,,,0
6383_0000006383-05-000002.txt,EXCLUDE,no multiple and no dollar original issue price found,0,0,—,—,—,,,0
66649_000110465914075598.txt,EXCLUDE,no multiple and no dollar original issue price found,0,0,—,—,—,,,0
727273_000121390024020294.txt,EXCLUDE,no multiple and no dollar original issue price found,0,0,—,—,—,,,0
732834_000095017023003794.txt,EXCLUDE,no multiple and no dollar original issue price found,0,0,—,—,—,,,0
732834_000095017025025741.txt,EXCLUDE,no multiple and no dollar original issue price found,0,0,—,—,—,,,0
744452_000114420419039187.txt,EXCLUDE,no multiple and no dollar original issue price found,0,0,—,—,—,,,0
744962_000114420408037171.txt,EXCLUDE,no multiple and no dollar original issue price found,0,0,—,—,—,,,0
745788_000114420408016648.txt,EXCLUDE,no multiple and no dollar original issue price found,0,0,—,—,—,,,0
746210_000121390023025877.txt,EXCLUDE,no multiple and no dollar original issue price found,0,0,—,—,—,,,0
746210_000143774926019366.txt,EXCLUDE,no multiple and no dollar original issue price found,0,0,—,—,—,,,0
752902_0001047469-11-003737.txt,EXCLUDE,no multiple and no dollar original issue price found,0,0,—,—,—,,,0
752902_0001047469-11-006065.txt,EXCLUDE,no multiple and no dollar original issue price found,0,0,—,—,—,,,0
763901_000095012310045398.txt,EXCLUDE,no multiple and no dollar original issue price found,0,0,—,—,—,,,0
773910_0000950123-10-059395.txt,EXCLUDE,no multiple and no dollar original issue price found,0,0,—,—,—,,,0
778164_0001019687-14-002423.txt,EXCLUDE,no multiple and no dollar original issue price found,0,0,—,—,—,,,0
783005_000095012305006344.txt,EXCLUDE,no multiple and no dollar original issue price found,0,0,—,—,—,,,0
783454_000091142001500061.txt,EXCLUDE,no multiple and no dollar original issue price found,0,0,—,—,—,,,0
792861_0001021408-02-002914.txt,EXCLUDE,no multiple and no dollar original issue price found,0,0,—,—,—,,,0
792861_0001021408-02-009196.txt,EXCLUDE,no multiple and no dollar original issue price found,0,0,—,—,—,,,0
805326_000095012310080625.txt,EXCLUDE,no multiple and no dollar original issue price found,0,0,—,—,—,,,0
821616_000104746904037831.txt,EXCLUDE,no multiple and no dollar original issue price found,0,0,—,—,—,,,0
825411_0001140361-14-026850.txt,EXCLUDE,no multiple and no dollar original issue price found,0,0,—,—,—,,,0
825411_0001140361-14-029680.txt,EXCLUDE,no multiple and no dollar original issue price found,0,0,—,—,—,,,0
828146_000110465921129281.txt,EXCLUDE,an original issue price is stated but no liquidation multiple,0,2,—,—,—,,,0
828750_000095012311054496.txt,EXCLUDE,a liquidation multiple is stated but no dollar original issue price,1,0,—,—,—,,,0
837852_000110465921011524.txt,EXCLUDE,no multiple and no dollar original issue price found,0,0,—,—,—,,,0
842010_000095013507006022.txt,EXCLUDE,no multiple and no dollar original issue price found,0,0,—,—,—,,,0
864839_000118518516005112.txt,EXCLUDE,no multiple and no dollar original issue price found,0,0,—,—,—,,,0
866121_000095015714000702.txt,EXCLUDE,no multiple and no dollar original issue price found,0,0,—,—,—,,,0
877931_000119312508100740.txt,EXCLUDE,no multiple and no dollar original issue price found,0,0,—,—,—,,,0
878720_000089843001500356.txt,EXCLUDE,no multiple and no dollar original issue price found,0,0,—,—,—,,,0
880562_0001206774-11-001147.txt,EXCLUDE,no multiple and no dollar original issue price found,0,0,—,—,—,,,0
890491_000095015712000191.txt,EXCLUDE,no multiple and no dollar original issue price found,0,0,—,—,—,,,0
890491_000095015712000592.txt,EXCLUDE,no multiple and no dollar original issue price found,0,0,—,—,—,,,0
890491_000119312513305833.txt,EXCLUDE,no multiple and no dollar original issue price found,0,0,—,—,—,,,0
890923_000106880004000015.txt,EXCLUDE,no multiple and no dollar original issue price found,0,0,—,—,—,,,0
897078_000149315220015070.txt,EXCLUDE,no multiple and no dollar original issue price found,0,0,—,—,—,,,0
907654_000119312504158865.txt,EXCLUDE,no multiple and no dollar original issue price found,0,0,—,—,—,,,0
908311_000090831122000067.txt,EXCLUDE,no multiple and no dollar original issue price found,0,0,—,—,—,,,0
908311_000110465916149600.txt,EXCLUDE,no multiple and no dollar original issue price found,0,0,—,—,—,,,0
908311_000110465916152458.txt,EXCLUDE,no multiple and no dollar original issue price found,0,0,—,—,—,,,0
908311_000110465920009338.txt,EXCLUDE,no multiple and no dollar original issue price found,0,0,—,—,—,,,0
912562_000091256215000002.txt,EXCLUDE,no multiple and no dollar original issue price found,0,0,—,—,—,,,0
914025_0001140361-22-011290.txt,EXCLUDE,no multiple and no dollar original issue price found,0,0,—,—,—,,,0
918541_000091854123000086.txt,EXCLUDE,no multiple and no dollar original issue price found,0,0,—,—,—,,,0
921313_0000950134-06-023243.txt,EXCLUDE,no multiple and no dollar original issue price found,0,0,—,—,—,,,0
932699_000093269916000092.txt,EXCLUDE,no multiple and no dollar original issue price found,0,0,—,—,—,,,0
943184_000114420407041243.txt,EXCLUDE,no multiple and no dollar original issue price found,0,0,—,—,—,,,0
946486_000114036115000122.txt,EXCLUDE,no multiple and no dollar original issue price found,0,0,—,—,—,,,0
94784_000119312503094870.txt,EXCLUDE,no multiple and no dollar original issue price found,0,0,—,—,—,,,0
a06-16433_18k_htm.txt,EXCLUDE,no multiple and no dollar original issue price found,0,0,—,—,—,,,0
a07-20287_18k_htm.txt,EXCLUDE,no multiple and no dollar original issue price found,0,0,—,—,—,,,0
a08-6544_18k_htm.txt,EXCLUDE,no multiple and no dollar original issue price found,0,0,—,—,—,,,0
a10-15103_1ex99d1_htm.txt,EXCLUDE,no multiple and no dollar original issue price found,0,0,—,—,—,,,0
actelis.txt,EXCLUDE,no multiple and no dollar original issue price found,0,0,—,—,—,,,0
actelis_body.txt,EXCLUDE,no multiple and no dollar original issue price found,0,0,—,—,—,,,0
actelis_ex.txt,EXCLUDE,no multiple and no dollar original issue price found,0,0,—,—,—,,,0
annaslinens.txt,EXCLUDE,no multiple and no dollar original issue price found,0,0,—,—,—,,,0
apsi_1012g.htm.txt,EXCLUDE,no multiple and no dollar original issue price found,0,0,—,—,—,,,0
apsi_1012ga1.htm.txt,EXCLUDE,no multiple and no dollar original issue price found,0,0,—,—,—,,,0
aquapower_i10k-033122.htm.txt,EXCLUDE,no multiple and no dollar original issue price found,0,0,—,—,—,,,0
axcella.txt,EXCLUDE,no multiple and no dollar original issue price found,0,0,—,—,—,,,0
cancergenetics_ex.txt,EXCLUDE,no multiple and no dollar original issue price found,0,0,—,—,—,,,0
casmedical.txt,EXCLUDE,no multiple and no dollar original issue price found,0,0,—,—,—,,,0
castlebio.txt,EXCLUDE,no multiple and no dollar original issue price found,0,0,—,—,—,,,0
castlebio_body.txt,EXCLUDE,no multiple and no dollar original issue price found,0,0,—,—,—,,,0
civitas.txt,EXCLUDE,no multiple and no dollar original issue price found,0,0,—,—,—,,,0
connecture_c3.txt,EXCLUDE,no multiple and no dollar original issue price found,0,0,—,—,—,,,0
covisint.txt,EXCLUDE,no multiple and no dollar original issue price found,0,0,—,—,—,,,0
d382589d8k_htm.txt,EXCLUDE,no multiple and no dollar original issue price found,0,0,—,—,—,,,0
d588632dex31.txt,EXCLUDE,no multiple and no dollar original issue price found,0,0,—,—,—,,,0
d715014dex1026_htm.txt,EXCLUDE,no multiple and no dollar original issue price found,0,0,—,—,—,,,0
d855753dex31.txt,EXCLUDE,no multiple and no dollar original issue price found,0,0,—,—,—,,,0
d8k.htm.txt,EXCLUDE,no multiple and no dollar original issue price found,0,0,—,—,—,,,0
d8ka.htm.txt,EXCLUDE,no multiple and no dollar original issue price found,0,0,—,—,—,,,0
db-cimxarguarantyexecuted_htm.txt,EXCLUDE,no multiple and no dollar original issue price found,0,0,—,—,—,,,0
dex31.txt,EXCLUDE,no multiple and no dollar original issue price found,0,0,—,—,—,,,0
dex41.txt,EXCLUDE,no multiple and no dollar original issue price found,0,0,—,—,—,,,0
douglasdynamics1.txt,EXCLUDE,no multiple and no dollar original issue price found,0,0,—,—,—,,,0
ea022140801ex99-2_damon.htm.txt,EXCLUDE,no multiple and no dollar original issue price found,0,0,—,—,—,,,0
ea022204701ex99-1_realpha.htm.txt,EXCLUDE,no multiple and no dollar original issue price found,0,0,—,—,—,,,0
ea0262559-8k_xtiaero.htm.txt,EXCLUDE,no multiple and no dollar original issue price found,0,0,—,—,—,,,0
ea027510101ex10-1_health_htm.txt,EXCLUDE,no multiple and no dollar original issue price found,0,0,—,—,—,,,0
ea027563901ex10-27_health_htm.txt,EXCLUDE,no multiple and no dollar original issue price found,0,0,—,—,—,,,0
ea029014301ex99-1_htm.txt,EXCLUDE,no multiple and no dollar original issue price found,0,0,—,—,—,,,0
ea169572-8k_digeratitech_htm.txt,EXCLUDE,no multiple and no dollar original issue price found,0,0,—,—,—,,,0
emageon.txt,EXCLUDE,an original issue price is stated but no liquidation multiple,0,2,—,—,—,,,0
emageon_ex.txt,EXCLUDE,no multiple and no dollar original issue price found,0,0,—,—,—,,,0
ex10-1_htm.txt,EXCLUDE,no multiple and no dollar original issue price found,0,0,—,—,—,,,0
ex10-2.txt,EXCLUDE,no multiple and no dollar original issue price found,0,0,—,—,—,,,0
ex10-4_htm.txt,EXCLUDE,no multiple and no dollar original issue price found,0,0,—,—,—,,,0
ex99-1.txt,EXCLUDE,no multiple and no dollar original issue price found,0,0,—,—,—,,,0
ex991form8k52002_txt.txt,EXCLUDE,no multiple and no dollar original issue price found,0,0,—,—,—,,,0
ex991frm8k61102_txt.txt,EXCLUDE,no multiple and no dollar original issue price found,0,0,—,—,—,,,0
ex99_txt.txt,EXCLUDE,no multiple and no dollar original issue price found,0,0,—,—,—,,,0
exhibit3-1.txt,EXCLUDE,no multiple and no dollar original issue price found,0,0,—,—,—,,,0
exhibit41-formofconvertibl.htm.txt,EXCLUDE,no multiple and no dollar original issue price found,0,0,—,—,—,,,0
exhibit992123122financials.htm.txt,EXCLUDE,no multiple and no dollar original issue price found,0,0,—,—,—,,,0
f8k061917ex10-11_avantdiag_htm.txt,EXCLUDE,no multiple and no dollar original issue price found,0,0,—,—,—,,,0
f8k100412_ex3z1.txt,EXCLUDE,no multiple and no dollar original issue price found,0,0,—,—,—,,,0
f8k120417ex10-5_nightfood_htm.txt,EXCLUDE,no multiple and no dollar original issue price found,0,0,—,—,—,,,0
f8k_october2012-clnh_htm.txt,EXCLUDE,no multiple and no dollar original issue price found,0,0,—,—,—,,,0
filename2.txt,EXCLUDE,an original issue price is stated but no liquidation multiple,0,1,—,—,—,,,0
form10-k.txt,EXCLUDE,no multiple and no dollar original issue price found,0,0,—,—,—,,,0
form8k_080207ex991_txt.txt,EXCLUDE,no multiple and no dollar original issue price found,0,0,—,—,—,,,0
greenbox20181231_10ka.htm.txt,EXCLUDE,no multiple and no dollar original issue price found,0,0,—,—,—,,,0
hyrecar.txt,EXCLUDE,no multiple and no dollar original issue price found,0,0,—,—,—,,,0
hyrecar_body.txt,EXCLUDE,no multiple and no dollar original issue price found,0,0,—,—,—,,,0
ignentertainment.txt,EXCLUDE,no multiple and no dollar original issue price found,0,0,—,—,—,,,0
ignentertainment_body.txt,EXCLUDE,no multiple and no dollar original issue price found,0,0,—,—,—,,,0
ignentertainment_ex.txt,EXCLUDE,no multiple and no dollar original issue price found,0,0,—,—,—,,,0
igroctfins.txt,EXCLUDE,no multiple and no dollar original issue price found,0,0,—,—,—,,,0
j8745901ex99-1.htm.txt,EXCLUDE,no multiple and no dollar original issue price found,0,0,—,—,—,,,0
kcsex99103152018_htm.txt,EXCLUDE,no multiple and no dollar original issue price found,0,0,—,—,—,,,0
l14874aexv99w1_htm.txt,EXCLUDE,no multiple and no dollar original issue price found,0,0,—,—,—,,,0
navidea.txt,EXCLUDE,an original issue price is stated but no liquidation multiple,0,1,—,—,—,,,0
ocular.txt,EXCLUDE,no multiple and no dollar original issue price found,0,0,—,—,—,,,0
p8k022106ex101_htm.txt,EXCLUDE,no multiple and no dollar original issue price found,0,0,—,—,—,,,0
quantrx.txt,EXCLUDE,no multiple and no dollar original issue price found,0,0,—,—,—,,,0
roka.txt,EXCLUDE,no multiple and no dollar original issue price found,0,0,—,—,—,,,0
sirva.txt,EXCLUDE,no multiple and no dollar original issue price found,0,0,—,—,—,,,0
snapwire.txt,EXCLUDE,an original issue price is stated but no liquidation multiple,0,1,—,—,—,,,0
sppr8k_aug9exh101.txt,EXCLUDE,no multiple and no dollar original issue price found,0,0,—,—,—,,,0
sybari_ex.txt,EXCLUDE,no multiple and no dollar original issue price found,0,0,—,—,—,,,0
thunder_1aa4.txt,EXCLUDE,no multiple and no dollar original issue price found,0,0,—,—,—,,,0
thunder_i10k-123123.txt,EXCLUDE,no multiple and no dollar original issue price found,0,0,—,—,—,,,0
tm2036073d3_ex3-1.txt,EXCLUDE,no multiple and no dollar original issue price found,0,0,—,—,—,,,0
tm2129883d1_ex3-2.txt,EXCLUDE,no multiple and no dollar original issue price found,0,0,—,—,—,,,0
tm2129883d2_ex3-3.txt,EXCLUDE,no multiple and no dollar original issue price found,0,0,—,—,—,,,0
tm2320270d12_ex3-1.txt,EXCLUDE,no multiple and no dollar original issue price found,0,0,—,—,—,,,0
tm2525579d10_ex10-26.htm.txt,EXCLUDE,no multiple and no dollar original issue price found,0,0,—,—,—,,,0
tm2617498d1_ex3-8.htm.txt,EXCLUDE,no multiple and no dollar original issue price found,0,0,—,—,—,,,0
v015342.txt,EXCLUDE,"wrong semantic role: IPO / conversion threshold - the phrase appears, but the clause is not a liquidation preference amount",1,1,3.00,1.500000,4.500000,three (3) times the original issue price,original issue price per share of the Series A Preferred Stock ($1.50,1030
v016071_8-k.txt,EXCLUDE,"wrong semantic role: IPO / conversion threshold - the phrase appears, but the clause is not a liquidation preference amount",1,1,3.00,1.500000,4.500000,three (3) times the original issue price,original issue price per share ($1.50,1030
v448330_8k_htm.txt,EXCLUDE,no multiple and no dollar original issue price found,0,0,—,—,—,,,0
veritone.txt,EXCLUDE,no multiple and no dollar original issue price found,0,0,—,—,—,,,0
williamsscotsman.txt,EXCLUDE,no multiple and no dollar original issue price found,0,0,—,—,—,,,0
