  14 repaired items across 4 leaves: convert_vs_preference_decision, liquidation_waterfall_payout, multi_round_stacked_dilution, option_pool_shuffle

  === gemma3-1b (ollama) ===
    [option_pool_shuffle] call failed (inst=0 run=0): Ollama generation failed: <urlopen error [Errno 61] Connection refused>
    [option_pool_shuffle] call failed (inst=0 run=2): Ollama generation failed: <urlopen error [Errno 61] Connection refused>
    [option_pool_shuffle] call failed (inst=0 run=3): Ollama generation failed: <urlopen error [Errno 61] Connection refused>
    [option_pool_shuffle] call failed (inst=0 run=1): Ollama generation failed: <urlopen error [Errno 61] Connection refused>
    option_pool_shuffle [gemma3:1b] █░░░░░░░░░░░░░░░░░░░ 3/60 (5%)
    [option_pool_shuffle] call failed (inst=0 run=4): Ollama generation failed: <urlopen error [Errno 61] Connection refused>
    [option_pool_shuffle] call failed (inst=0 run=5): Ollama generation failed: <urlopen error [Errno 61] Connection refused>
    option_pool_shuffle [gemma3:1b] ██░░░░░░░░░░░░░░░░░░ 6/60 (10%)
    [option_pool_shuffle] call failed (inst=0 run=6): Ollama generation failed: <urlopen error [Errno 61] Connection refused>
    [option_pool_shuffle] call failed (inst=0 run=7): Ollama generation failed: <urlopen error [Errno 61] Connection refused>
    [option_pool_shuffle] call failed (inst=0 run=9): Ollama generation failed: <urlopen error [Errno 61] Connection refused>
    option_pool_shuffle [gemma3:1b] ███░░░░░░░░░░░░░░░░░ 9/60 (15%)
    [option_pool_shuffle] call failed (inst=0 run=8): Ollama generation failed: <urlopen error [Errno 61] Connection refused>
    [option_pool_shuffle] call failed (inst=0 run=10): Ollama generation failed: <urlopen error [Errno 61] Connection refused>
    [option_pool_shuffle] call failed (inst=0 run=11): Ollama generation failed: <urlopen error [Errno 61] Connection refused>
    option_pool_shuffle [gemma3:1b] ████░░░░░░░░░░░░░░░░ 12/60 (20%)
    [option_pool_shuffle] call failed (inst=0 run=13): Ollama generation failed: <urlopen error [Errno 61] Connection refused>
    [option_pool_shuffle] call failed (inst=0 run=12): Ollama generation failed: <urlopen error [Errno 61] Connection refused>
    [option_pool_shuffle] call failed (inst=0 run=14): Ollama generation failed: <urlopen error [Errno 61] Connection refused>
    option_pool_shuffle [gemma3:1b] █████░░░░░░░░░░░░░░░ 15/60 (25%)
    [option_pool_shuffle] call failed (inst=0 run=15): Ollama generation failed: <urlopen error [Errno 61] Connection refused>
    [option_pool_shuffle] call failed (inst=0 run=16): Ollama generation failed: <urlopen error [Errno 61] Connection refused>
    [option_pool_shuffle] call failed (inst=0 run=17): Ollama generation failed: <urlopen error [Errno 61] Connection refused>
    option_pool_shuffle [gemma3:1b] ██████░░░░░░░░░░░░░░ 18/60 (30%)
    [option_pool_shuffle] call failed (inst=0 run=19): Ollama generation failed: <urlopen error [Errno 61] Connection refused>
    [option_pool_shuffle] call failed (inst=0 run=18): Ollama generation failed: <urlopen error [Errno 61] Connection refused>
    [option_pool_shuffle] call failed (inst=1 run=0): Ollama generation failed: <urlopen error [Errno 61] Connection refused>
    option_pool_shuffle [gemma3:1b] ███████░░░░░░░░░░░░░ 21/60 (35%)
    [option_pool_shuffle] call failed (inst=1 run=1): Ollama generation failed: <urlopen error [Errno 61] Connection refused>
    [option_pool_shuffle] call failed (inst=1 run=2): Ollama generation failed: <urlopen error [Errno 61] Connection refused>
    [option_pool_shuffle] call failed (inst=1 run=4): Ollama generation failed: <urlopen error [Errno 61] Connection refused>
    option_pool_shuffle [gemma3:1b] ████████░░░░░░░░░░░░ 24/60 (40%)
    [option_pool_shuffle] call failed (inst=1 run=6): Ollama generation failed: <urlopen error [Errno 61] Connection refused>
    [option_pool_shuffle] call failed (inst=1 run=3): Ollama generation failed: <urlopen error [Errno 61] Connection refused>
    [option_pool_shuffle] call failed (inst=1 run=5): Ollama generation failed: <urlopen error [Errno 61] Connection refused>
    option_pool_shuffle [gemma3:1b] █████████░░░░░░░░░░░ 27/60 (45%)
    [option_pool_shuffle] call failed (inst=1 run=8): Ollama generation failed: <urlopen error [Errno 61] Connection refused>
    [option_pool_shuffle] call failed (inst=1 run=9): Ollama generation failed: <urlopen error [Errno 61] Connection refused>
    [option_pool_shuffle] call failed (inst=1 run=10): Ollama generation failed: <urlopen error [Errno 61] Connection refused>
    [option_pool_shuffle] call failed (inst=1 run=7): Ollama generation failed: <urlopen error [Errno 61] Connection refused>
    option_pool_shuffle [gemma3:1b] ██████████░░░░░░░░░░ 30/60 (50%)
    [option_pool_shuffle] call failed (inst=1 run=11): Ollama generation failed: <urlopen error [Errno 61] Connection refused>
    [option_pool_shuffle] call failed (inst=1 run=12): Ollama generation failed: <urlopen error [Errno 61] Connection refused>
    option_pool_shuffle [gemma3:1b] ███████████░░░░░░░░░ 33/60 (55%)
    [option_pool_shuffle] call failed (inst=1 run=14): Ollama generation failed: <urlopen error [Errno 61] Connection refused>
    [option_pool_shuffle] call failed (inst=1 run=13): Ollama generation failed: <urlopen error [Errno 61] Connection refused>
    [option_pool_shuffle] call failed (inst=1 run=16): Ollama generation failed: <urlopen error [Errno 61] Connection refused>
    option_pool_shuffle [gemma3:1b] ████████████░░░░░░░░ 36/60 (60%)
    [option_pool_shuffle] call failed (inst=1 run=15): Ollama generation failed: <urlopen error [Errno 61] Connection refused>
    [option_pool_shuffle] call failed (inst=1 run=18): Ollama generation failed: <urlopen error [Errno 61] Connection refused>
    [option_pool_shuffle] call failed (inst=1 run=17): Ollama generation failed: <urlopen error [Errno 61] Connection refused>
    option_pool_shuffle [gemma3:1b] █████████████░░░░░░░ 39/60 (65%)
    [option_pool_shuffle] call failed (inst=2 run=0): Ollama generation failed: <urlopen error [Errno 61] Connection refused>
    [option_pool_shuffle] call failed (inst=1 run=19): Ollama generation failed: <urlopen error [Errno 61] Connection refused>
    [option_pool_shuffle] call failed (inst=2 run=1): Ollama generation failed: <urlopen error [Errno 61] Connection refused>    [option_pool_shuffle] call failed (inst=2 run=2): Ollama generation failed: <urlopen error [Errno 61] Connection refused>

    option_pool_shuffle [gemma3:1b] ██████████████░░░░░░ 42/60 (70%)
    [option_pool_shuffle] call failed (inst=2 run=3): Ollama generation failed: <urlopen error [Errno 61] Connection refused>
    [option_pool_shuffle] call failed (inst=2 run=4): Ollama generation failed: <urlopen error [Errno 61] Connection refused>
    option_pool_shuffle [gemma3:1b] ███████████████░░░░░ 45/60 (75%)
    [option_pool_shuffle] call failed (inst=2 run=5): Ollama generation failed: <urlopen error [Errno 61] Connection refused>
    [option_pool_shuffle] call failed (inst=2 run=6): Ollama generation failed: <urlopen error [Errno 61] Connection refused>
    [option_pool_shuffle] call failed (inst=2 run=9): Ollama generation failed: <urlopen error [Errno 61] Connection refused>
    option_pool_shuffle [gemma3:1b] ████████████████░░░░ 48/60 (80%)
    [option_pool_shuffle] call failed (inst=2 run=10): Ollama generation failed: <urlopen error [Errno 61] Connection refused>
    [option_pool_shuffle] call failed (inst=2 run=8): Ollama generation failed: <urlopen error [Errno 61] Connection refused>
    [option_pool_shuffle] call failed (inst=2 run=7): Ollama generation failed: <urlopen error [Errno 61] Connection refused>
    option_pool_shuffle [gemma3:1b] █████████████████░░░ 51/60 (85%)
    [option_pool_shuffle] call failed (inst=2 run=11): Ollama generation failed: <urlopen error [Errno 61] Connection refused>
    [option_pool_shuffle] call failed (inst=2 run=12): Ollama generation failed: <urlopen error [Errno 61] Connection refused>
    [option_pool_shuffle] call failed (inst=2 run=13): Ollama generation failed: <urlopen error [Errno 61] Connection refused>
    [option_pool_shuffle] call failed (inst=2 run=14): Ollama generation failed: <urlopen error [Errno 61] Connection refused>
    option_pool_shuffle [gemma3:1b] ██████████████████░░ 54/60 (90%)
    [option_pool_shuffle] call failed (inst=2 run=15): Ollama generation failed: <urlopen error [Errno 61] Connection refused>
    [option_pool_shuffle] call failed (inst=2 run=17): Ollama generation failed: <urlopen error [Errno 61] Connection refused>
    option_pool_shuffle [gemma3:1b] ███████████████████░ 57/60 (95%)
    [option_pool_shuffle] call failed (inst=2 run=18): Ollama generation failed: <urlopen error [Errno 61] Connection refused>
    [option_pool_shuffle] call failed (inst=2 run=16): Ollama generation failed: <urlopen error [Errno 61] Connection refused>
    [option_pool_shuffle] call failed (inst=2 run=19): Ollama generation failed: <urlopen error [Errno 61] Connection refused>
    option_pool_shuffle [gemma3:1b] ████████████████████ 60/60 (100%)
      option_pool_shuffle: 60 empty responses dropped, refilling (attempt 1/3)
    [option_pool_shuffle] call failed (inst=0 run=0): Ollama generation failed: <urlopen error [Errno 61] Connection refused>
    [option_pool_shuffle] call failed (inst=0 run=1): Ollama generation failed: <urlopen error [Errno 61] Connection refused>
    [option_pool_shuffle] call failed (inst=0 run=2): Ollama generation failed: <urlopen error [Errno 61] Connection refused>    [option_pool_shuffle] call failed (inst=0 run=3): Ollama generation failed: <urlopen error [Errno 61] Connection refused>

    option_pool_shuffle [gemma3:1b] █░░░░░░░░░░░░░░░░░░░ 3/60 (5%)
    [option_pool_shuffle] call failed (inst=0 run=4): Ollama generation failed: <urlopen error [Errno 61] Connection refused>
    [option_pool_shuffle] call failed (inst=0 run=5): Ollama generation failed: <urlopen error [Errno 61] Connection refused>
    option_pool_shuffle [gemma3:1b] ██░░░░░░░░░░░░░░░░░░ 6/60 (10%)
    [option_pool_shuffle] call failed (inst=0 run=6): Ollama generation failed: <urlopen error [Errno 61] Connection refused>
    [option_pool_shuffle] call failed (inst=0 run=7): Ollama generation failed: <urlopen error [Errno 61] Connection refused>
    [option_pool_shuffle] call failed (inst=0 run=8): Ollama generation failed: <urlopen error [Errno 61] Connection refused>
    option_pool_shuffle [gemma3:1b] ███░░░░░░░░░░░░░░░░░ 9/60 (15%)
    [option_pool_shuffle] call failed (inst=0 run=9): Ollama generation failed: <urlopen error [Errno 61] Connection refused>
    [option_pool_shuffle] call failed (inst=0 run=10): Ollama generation failed: <urlopen error [Errno 61] Connection refused>
    [option_pool_shuffle] call failed (inst=0 run=11): Ollama generation failed: <urlopen error [Errno 61] Connection refused>
    option_pool_shuffle [gemma3:1b] ████░░░░░░░░░░░░░░░░ 12/60 (20%)    [option_pool_shuffle] call failed (inst=0 run=12): Ollama generation failed: <urlopen error [Errno 61] Connection refused>
    [option_pool_shuffle] call failed (inst=0 run=13): Ollama generation failed: <urlopen error [Errno 61] Connection refused>

    [option_pool_shuffle] call failed (inst=0 run=14): Ollama generation failed: <urlopen error [Errno 61] Connection refused>
    option_pool_shuffle [gemma3:1b] █████░░░░░░░░░░░░░░░ 15/60 (25%)
    [option_pool_shuffle] call failed (inst=0 run=15): Ollama generation failed: <urlopen error [Errno 61] Connection refused>
    [option_pool_shuffle] call failed (inst=0 run=17): Ollama generation failed: <urlopen error [Errno 61] Connection refused>
    [option_pool_shuffle] call failed (inst=0 run=16): Ollama generation failed: <urlopen error [Errno 61] Connection refused>
    option_pool_shuffle [gemma3:1b] ██████░░░░░░░░░░░░░░ 18/60 (30%)
    [option_pool_shuffle] call failed (inst=0 run=18): Ollama generation failed: <urlopen error [Errno 61] Connection refused>
    [option_pool_shuffle] call failed (inst=0 run=19): Ollama generation failed: <urlopen error [Errno 61] Connection refused>
    [option_pool_shuffle] call failed (inst=1 run=0): Ollama generation failed: <urlopen error [Errno 61] Connection refused>
    option_pool_shuffle [gemma3:1b] ███████░░░░░░░░░░░░░ 21/60 (35%)
    [option_pool_shuffle] call failed (inst=1 run=1): Ollama generation failed: <urlopen error [Errno 61] Connection refused>
    [option_pool_shuffle] call failed (inst=1 run=2): Ollama generation failed: <urlopen error [Errno 61] Connection refused>
    [option_pool_shuffle] call failed (inst=1 run=3): Ollama generation failed: <urlopen error [Errno 61] Connection refused>
    option_pool_shuffle [gemma3:1b] ████████░░░░░░░░░░░░ 24/60 (40%)
    [option_pool_shuffle] call failed (inst=1 run=4): Ollama generation failed: <urlopen error [Errno 61] Connection refused>
    [option_pool_shuffle] call failed (inst=1 run=5): Ollama generation failed: <urlopen error [Errno 61] Connection refused>
    [option_pool_shuffle] call failed (inst=1 run=6): Ollama generation failed: <urlopen error [Errno 61] Connection refused>
    option_pool_shuffle [gemma3:1b] █████████░░░░░░░░░░░ 27/60 (45%)
    [option_pool_shuffle] call failed (inst=1 run=7): Ollama generation failed: <urlopen error [Errno 61] Connection refused>
    [option_pool_shuffle] call failed (inst=1 run=8): Ollama generation failed: <urlopen error [Errno 61] Connection refused>
    [option_pool_shuffle] call failed (inst=1 run=10): Ollama generation failed: <urlopen error [Errno 61] Connection refused>    [option_pool_shuffle] call failed (inst=1 run=9): Ollama generation failed: <urlopen error [Errno 61] Connection refused>

    option_pool_shuffle [gemma3:1b] ██████████░░░░░░░░░░ 30/60 (50%)
    [option_pool_shuffle] call failed (inst=1 run=11): Ollama generation failed: <urlopen error [Errno 61] Connection refused>
    [option_pool_shuffle] call failed (inst=1 run=12): Ollama generation failed: <urlopen error [Errno 61] Connection refused>
    option_pool_shuffle [gemma3:1b] ███████████░░░░░░░░░ 33/60 (55%)
    [option_pool_shuffle] call failed (inst=1 run=13): Ollama generation failed: <urlopen error [Errno 61] Connection refused>
    [option_pool_shuffle] call failed (inst=1 run=14): Ollama generation failed: <urlopen error [Errno 61] Connection refused>
    [option_pool_shuffle] call failed (inst=1 run=16): Ollama generation failed: <urlopen error [Errno 61] Connection refused>
    option_pool_shuffle [gemma3:1b] ████████████░░░░░░░░ 36/60 (60%)
    [option_pool_shuffle] call failed (inst=1 run=17): Ollama generation failed: <urlopen error [Errno 61] Connection refused>
    [option_pool_shuffle] call failed (inst=1 run=18): Ollama generation failed: <urlopen error [Errno 61] Connection refused>
    [option_pool_shuffle] call failed (inst=1 run=15): Ollama generation failed: <urlopen error [Errno 61] Connection refused>
    option_pool_shuffle [gemma3:1b] █████████████░░░░░░░ 39/60 (65%)
    [option_pool_shuffle] call failed (inst=1 run=19): Ollama generation failed: <urlopen error [Errno 61] Connection refused>
    [option_pool_shuffle] call failed (inst=2 run=0): Ollama generation failed: <urlopen error [Errno 61] Connection refused>
    [option_pool_shuffle] call failed (inst=2 run=3): Ollama generation failed: <urlopen error [Errno 61] Connection refused>
    option_pool_shuffle [gemma3:1b] ██████████████░░░░░░ 42/60 (70%)
    [option_pool_shuffle] call failed (inst=2 run=2): Ollama generation failed: <urlopen error [Errno 61] Connection refused>
    [option_pool_shuffle] call failed (inst=2 run=1): Ollama generation failed: <urlopen error [Errno 61] Connection refused>
    [option_pool_shuffle] call failed (inst=2 run=4): Ollama generation failed: <urlopen error [Errno 61] Connection refused>
    option_pool_shuffle [gemma3:1b] ███████████████░░░░░ 45/60 (75%)
    [option_pool_shuffle] call failed (inst=2 run=5): Ollama generation failed: <urlopen error [Errno 61] Connection refused>
    [option_pool_shuffle] call failed (inst=2 run=6): Ollama generation failed: <urlopen error [Errno 61] Connection refused>
    [option_pool_shuffle] call failed (inst=2 run=7): Ollama generation failed: <urlopen error [Errno 61] Connection refused>
    option_pool_shuffle [gemma3:1b] ████████████████░░░░ 48/60 (80%)
    [option_pool_shuffle] call failed (inst=2 run=8): Ollama generation failed: <urlopen error [Errno 61] Connection refused>
    [option_pool_shuffle] call failed (inst=2 run=9): Ollama generation failed: <urlopen error [Errno 61] Connection refused>
    [option_pool_shuffle] call failed (inst=2 run=10): Ollama generation failed: <urlopen error [Errno 61] Connection refused>
    option_pool_shuffle [gemma3:1b] █████████████████░░░ 51/60 (85%)
    [option_pool_shuffle] call failed (inst=2 run=11): Ollama generation failed: <urlopen error [Errno 61] Connection refused>
    [option_pool_shuffle] call failed (inst=2 run=12): Ollama generation failed: <urlopen error [Errno 61] Connection refused>    [option_pool_shuffle] call failed (inst=2 run=13): Ollama generation failed: <urlopen error [Errno 61] Connection refused>

    option_pool_shuffle [gemma3:1b] ██████████████████░░ 54/60 (90%)
    [option_pool_shuffle] call failed (inst=2 run=14): Ollama generation failed: <urlopen error [Errno 61] Connection refused>
    [option_pool_shuffle] call failed (inst=2 run=17): Ollama generation failed: <urlopen error [Errno 61] Connection refused>
    [option_pool_shuffle] call failed (inst=2 run=15): Ollama generation failed: <urlopen error [Errno 61] Connection refused>    [option_pool_shuffle] call failed (inst=2 run=16): Ollama generation failed: <urlopen error [Errno 61] Connection refused>

    option_pool_shuffle [gemma3:1b] ███████████████████░ 57/60 (95%)
    [option_pool_shuffle] call failed (inst=2 run=18): Ollama generation failed: <urlopen error [Errno 61] Connection refused>
    [option_pool_shuffle] call failed (inst=2 run=19): Ollama generation failed: <urlopen error [Errno 61] Connection refused>
    option_pool_shuffle [gemma3:1b] ████████████████████ 60/60 (100%)
      option_pool_shuffle: 60 empty responses dropped, refilling (attempt 2/3)
    [option_pool_shuffle] call failed (inst=0 run=0): Ollama generation failed: <urlopen error [Errno 61] Connection refused>
    [option_pool_shuffle] call failed (inst=0 run=3): Ollama generation failed: <urlopen error [Errno 61] Connection refused>    [option_pool_shuffle] call failed (inst=0 run=2): Ollama generation failed: <urlopen error [Errno 61] Connection refused>

    [option_pool_shuffle] call failed (inst=0 run=1): Ollama generation failed: <urlopen error [Errno 61] Connection refused>
    option_pool_shuffle [gemma3:1b] █░░░░░░░░░░░░░░░░░░░ 3/60 (5%)
    [option_pool_shuffle] call failed (inst=0 run=4): Ollama generation failed: <urlopen error [Errno 61] Connection refused>
    [option_pool_shuffle] call failed (inst=0 run=5): Ollama generation failed: <urlopen error [Errno 61] Connection refused>
    option_pool_shuffle [gemma3:1b] ██░░░░░░░░░░░░░░░░░░ 6/60 (10%)
    [option_pool_shuffle] call failed (inst=0 run=7): Ollama generation failed: <urlopen error [Errno 61] Connection refused>    [option_pool_shuffle] call failed (inst=0 run=6): Ollama generation failed: <urlopen error [Errno 61] Connection refused>

    [option_pool_shuffle] call failed (inst=0 run=8): Ollama generation failed: <urlopen error [Errno 61] Connection refused>
    option_pool_shuffle [gemma3:1b] ███░░░░░░░░░░░░░░░░░ 9/60 (15%)
    [option_pool_shuffle] call failed (inst=0 run=9): Ollama generation failed: <urlopen error [Errno 61] Connection refused>
    [option_pool_shuffle] call failed (inst=0 run=11): Ollama generation failed: <urlopen error [Errno 61] Connection refused>
    [option_pool_shuffle] call failed (inst=0 run=12): Ollama generation failed: <urlopen error [Errno 61] Connection refused>
    [option_pool_shuffle] call failed (inst=0 run=10): Ollama generation failed: <urlopen error [Errno 61] Connection refused>
    [option_pool_shuffle] call failed (inst=0 run=13): Ollama generation failed: <urlopen error [Errno 61] Connection refused>
    option_pool_shuffle [gemma3:1b] ████░░░░░░░░░░░░░░░░ 12/60 (20%)
    [option_pool_shuffle] call failed (inst=0 run=14): Ollama generation failed: <urlopen error [Errno 61] Connection refused>
    option_pool_shuffle [gemma3:1b] █████░░░░░░░░░░░░░░░ 15/60 (25%)
    [option_pool_shuffle] call failed (inst=0 run=15): Ollama generation failed: <urlopen error [Errno 61] Connection refused>
    [option_pool_shuffle] call failed (inst=0 run=17): Ollama generation failed: <urlopen error [Errno 61] Connection refused>
    [option_pool_shuffle] call failed (inst=0 run=16): Ollama generation failed: <urlopen error [Errno 61] Connection refused>
    option_pool_shuffle [gemma3:1b] ██████░░░░░░░░░░░░░░ 18/60 (30%)
    [option_pool_shuffle] call failed (inst=0 run=18): Ollama generation failed: <urlopen error [Errno 61] Connection refused>
    [option_pool_shuffle] call failed (inst=0 run=19): Ollama generation failed: <urlopen error [Errno 61] Connection refused>
    [option_pool_shuffle] call failed (inst=1 run=0): Ollama generation failed: <urlopen error [Errno 61] Connection refused>
    option_pool_shuffle [gemma3:1b] ███████░░░░░░░░░░░░░ 21/60 (35%)
    [option_pool_shuffle] call failed (inst=1 run=1): Ollama generation failed: <urlopen error [Errno 61] Connection refused>
    [option_pool_shuffle] call failed (inst=1 run=2): Ollama generation failed: <urlopen error [Errno 61] Connection refused>
    [option_pool_shuffle] call failed (inst=1 run=3): Ollama generation failed: <urlopen error [Errno 61] Connection refused>
    [option_pool_shuffle] call failed (inst=1 run=4): Ollama generation failed: <urlopen error [Errno 61] Connection refused>    [option_pool_shuffle] call failed (inst=1 run=5): Ollama generation failed: <urlopen error [Errno 61] Connection refused>

    option_pool_shuffle [gemma3:1b] ████████░░░░░░░░░░░░ 24/60 (40%)
    [option_pool_shuffle] call failed (inst=1 run=6): Ollama generation failed: <urlopen error [Errno 61] Connection refused>
    option_pool_shuffle [gemma3:1b] █████████░░░░░░░░░░░ 27/60 (45%)
    [option_pool_shuffle] call failed (inst=1 run=8): Ollama generation failed: <urlopen error [Errno 61] Connection refused>
    [option_pool_shuffle] call failed (inst=1 run=7): Ollama generation failed: <urlopen error [Errno 61] Connection refused>    [option_pool_shuffle] call failed (inst=1 run=9): Ollama generation failed: <urlopen error [Errno 61] Connection refused>

    option_pool_shuffle [gemma3:1b] ██████████░░░░░░░░░░ 30/60 (50%)
    [option_pool_shuffle] call failed (inst=1 run=10): Ollama generation failed: <urlopen error [Errno 61] Connection refused>
    [option_pool_shuffle] call failed (inst=1 run=11): Ollama generation failed: <urlopen error [Errno 61] Connection refused>
    [option_pool_shuffle] call failed (inst=1 run=14): Ollama generation failed: <urlopen error [Errno 61] Connection refused>
    option_pool_shuffle [gemma3:1b] ███████████░░░░░░░░░ 33/60 (55%)
    [option_pool_shuffle] call failed (inst=1 run=12): Ollama generation failed: <urlopen error [Errno 61] Connection refused>
    [option_pool_shuffle] call failed (inst=1 run=13): Ollama generation failed: <urlopen error [Errno 61] Connection refused>
    [option_pool_shuffle] call failed (inst=1 run=15): Ollama generation failed: <urlopen error [Errno 61] Connection refused>
    option_pool_shuffle [gemma3:1b] ████████████░░░░░░░░ 36/60 (60%)
    [option_pool_shuffle] call failed (inst=1 run=16): Ollama generation failed: <urlopen error [Errno 61] Connection refused>
    [option_pool_shuffle] call failed (inst=1 run=17): Ollama generation failed: <urlopen error [Errno 61] Connection refused>
    [option_pool_shuffle] call failed (inst=1 run=18): Ollama generation failed: <urlopen error [Errno 61] Connection refused>    [option_pool_shuffle] call failed (inst=1 run=19): Ollama generation failed: <urlopen error [Errno 61] Connection refused>

    option_pool_shuffle [gemma3:1b] █████████████░░░░░░░ 39/60 (65%)    [option_pool_shuffle] call failed (inst=2 run=0): Ollama generation failed: <urlopen error [Errno 61] Connection refused>

    [option_pool_shuffle] call failed (inst=2 run=1): Ollama generation failed: <urlopen error [Errno 61] Connection refused>
    option_pool_shuffle [gemma3:1b] ██████████████░░░░░░ 42/60 (70%)
    [option_pool_shuffle] call failed (inst=2 run=2): Ollama generation failed: <urlopen error [Errno 61] Connection refused>
    [option_pool_shuffle] call failed (inst=2 run=3): Ollama generation failed: <urlopen error [Errno 61] Connection refused>
    [option_pool_shuffle] call failed (inst=2 run=4): Ollama generation failed: <urlopen error [Errno 61] Connection refused>
    [option_pool_shuffle] call failed (inst=2 run=5): Ollama generation failed: <urlopen error [Errno 61] Connection refused>
    option_pool_shuffle [gemma3:1b] ███████████████░░░░░ 45/60 (75%)
    [option_pool_shuffle] call failed (inst=2 run=6): Ollama generation failed: <urlopen error [Errno 61] Connection refused>
    [option_pool_shuffle] call failed (inst=2 run=9): Ollama generation failed: <urlopen error [Errno 61] Connection refused>
    option_pool_shuffle [gemma3:1b] ████████████████░░░░ 48/60 (80%)
    [option_pool_shuffle] call failed (inst=2 run=7): Ollama generation failed: <urlopen error [Errno 61] Connection refused>    [option_pool_shuffle] call failed (inst=2 run=8): Ollama generation failed: <urlopen error [Errno 61] Connection refused>

    [option_pool_shuffle] call failed (inst=2 run=10): Ollama generation failed: <urlopen error [Errno 61] Connection refused>
    option_pool_shuffle [gemma3:1b] █████████████████░░░ 51/60 (85%)
    [option_pool_shuffle] call failed (inst=2 run=12): Ollama generation failed: <urlopen error [Errno 61] Connection refused>
    [option_pool_shuffle] call failed (inst=2 run=13): Ollama generation failed: <urlopen error [Errno 61] Connection refused>
    [option_pool_shuffle] call failed (inst=2 run=14): Ollama generation failed: <urlopen error [Errno 61] Connection refused>
    [option_pool_shuffle] call failed (inst=2 run=11): Ollama generation failed: <urlopen error [Errno 61] Connection refused>
    option_pool_shuffle [gemma3:1b] ██████████████████░░ 54/60 (90%)
    [option_pool_shuffle] call failed (inst=2 run=15): Ollama generation failed: <urlopen error [Errno 61] Connection refused>
    [option_pool_shuffle] call failed (inst=2 run=18): Ollama generation failed: <urlopen error [Errno 61] Connection refused>
    option_pool_shuffle [gemma3:1b] ███████████████████░ 57/60 (95%)
    [option_pool_shuffle] call failed (inst=2 run=17): Ollama generation failed: <urlopen error [Errno 61] Connection refused>
    [option_pool_shuffle] call failed (inst=2 run=16): Ollama generation failed: <urlopen error [Errno 61] Connection refused>
    [option_pool_shuffle] call failed (inst=2 run=19): Ollama generation failed: <urlopen error [Errno 61] Connection refused>
    option_pool_shuffle [gemma3:1b] ████████████████████ 60/60 (100%)
      option_pool_shuffle: 60 empty responses dropped, refilling (attempt 3/3)
    [option_pool_shuffle] call failed (inst=0 run=0): Ollama generation failed: <urlopen error [Errno 61] Connection refused>
    [option_pool_shuffle] call failed (inst=0 run=2): Ollama generation failed: <urlopen error [Errno 61] Connection refused>
    [option_pool_shuffle] call failed (inst=0 run=3): Ollama generation failed: <urlopen error [Errno 61] Connection refused>    [option_pool_shuffle] call failed (inst=0 run=1): Ollama generation failed: <urlopen error [Errno 61] Connection refused>

    option_pool_shuffle [gemma3:1b] █░░░░░░░░░░░░░░░░░░░ 3/60 (5%)
    [option_pool_shuffle] call failed (inst=0 run=4): Ollama generation failed: <urlopen error [Errno 61] Connection refused>
    [option_pool_shuffle] call failed (inst=0 run=6): Ollama generation failed: <urlopen error [Errno 61] Connection refused>
    option_pool_shuffle [gemma3:1b] ██░░░░░░░░░░░░░░░░░░ 6/60 (10%)
    [option_pool_shuffle] call failed (inst=0 run=7): Ollama generation failed: <urlopen error [Errno 61] Connection refused>
    [option_pool_shuffle] call failed (inst=0 run=5): Ollama generation failed: <urlopen error [Errno 61] Connection refused>    [option_pool_shuffle] call failed (inst=0 run=8): Ollama generation failed: <urlopen error [Errno 61] Connection refused>

    option_pool_shuffle [gemma3:1b] ███░░░░░░░░░░░░░░░░░ 9/60 (15%)
    [option_pool_shuffle] call failed (inst=0 run=9): Ollama generation failed: <urlopen error [Errno 61] Connection refused>
    [option_pool_shuffle] call failed (inst=0 run=12): Ollama generation failed: <urlopen error [Errno 61] Connection refused>
    [option_pool_shuffle] call failed (inst=0 run=10): Ollama generation failed: <urlopen error [Errno 61] Connection refused>
    [option_pool_shuffle] call failed (inst=0 run=11): Ollama generation failed: <urlopen error [Errno 61] Connection refused>
    option_pool_shuffle [gemma3:1b] ████░░░░░░░░░░░░░░░░ 12/60 (20%)
    [option_pool_shuffle] call failed (inst=0 run=13): Ollama generation failed: <urlopen error [Errno 61] Connection refused>
    [option_pool_shuffle] call failed (inst=0 run=14): Ollama generation failed: <urlopen error [Errno 61] Connection refused>
    option_pool_shuffle [gemma3:1b] █████░░░░░░░░░░░░░░░ 15/60 (25%)
    [option_pool_shuffle] call failed (inst=0 run=15): Ollama generation failed: <urlopen error [Errno 61] Connection refused>
    [option_pool_shuffle] call failed (inst=0 run=17): Ollama generation failed: <urlopen error [Errno 61] Connection refused>
    [option_pool_shuffle] call failed (inst=0 run=16): Ollama generation failed: <urlopen error [Errno 61] Connection refused>
    [option_pool_shuffle] call failed (inst=0 run=18): Ollama generation failed: <urlopen error [Errno 61] Connection refused>
    option_pool_shuffle [gemma3:1b] ██████░░░░░░░░░░░░░░ 18/60 (30%)
    [option_pool_shuffle] call failed (inst=0 run=19): Ollama generation failed: <urlopen error [Errno 61] Connection refused>
    [option_pool_shuffle] call failed (inst=1 run=0): Ollama generation failed: <urlopen error [Errno 61] Connection refused>
    option_pool_shuffle [gemma3:1b] ███████░░░░░░░░░░░░░ 21/60 (35%)
    [option_pool_shuffle] call failed (inst=1 run=1): Ollama generation failed: <urlopen error [Errno 61] Connection refused>
    [option_pool_shuffle] call failed (inst=1 run=2): Ollama generation failed: <urlopen error [Errno 61] Connection refused>
    [option_pool_shuffle] call failed (inst=1 run=3): Ollama generation failed: <urlopen error [Errno 61] Connection refused>
    option_pool_shuffle [gemma3:1b] ████████░░░░░░░░░░░░ 24/60 (40%)
    [option_pool_shuffle] call failed (inst=1 run=4): Ollama generation failed: <urlopen error [Errno 61] Connection refused>    [option_pool_shuffle] call failed (inst=1 run=5): Ollama generation failed: <urlopen error [Errno 61] Connection refused>

    [option_pool_shuffle] call failed (inst=1 run=7): Ollama generation failed: <urlopen error [Errno 61] Connection refused>
    option_pool_shuffle [gemma3:1b] █████████░░░░░░░░░░░ 27/60 (45%)
    [option_pool_shuffle] call failed (inst=1 run=6): Ollama generation failed: <urlopen error [Errno 61] Connection refused>
    [option_pool_shuffle] call failed (inst=1 run=9): Ollama generation failed: <urlopen error [Errno 61] Connection refused>    [option_pool_shuffle] call failed (inst=1 run=8): Ollama generation failed: <urlopen error [Errno 61] Connection refused>

    option_pool_shuffle [gemma3:1b] ██████████░░░░░░░░░░ 30/60 (50%)
    [option_pool_shuffle] call failed (inst=1 run=10): Ollama generation failed: <urlopen error [Errno 61] Connection refused>
    [option_pool_shuffle] call failed (inst=1 run=11): Ollama generation failed: <urlopen error [Errno 61] Connection refused>
    [option_pool_shuffle] call failed (inst=1 run=12): Ollama generation failed: <urlopen error [Errno 61] Connection refused>
    option_pool_shuffle [gemma3:1b] ███████████░░░░░░░░░ 33/60 (55%)
    [option_pool_shuffle] call failed (inst=1 run=13): Ollama generation failed: <urlopen error [Errno 61] Connection refused>
    [option_pool_shuffle] call failed (inst=1 run=14): Ollama generation failed: <urlopen error [Errno 61] Connection refused>    [option_pool_shuffle] call failed (inst=1 run=15): Ollama generation failed: <urlopen error [Errno 61] Connection refused>

    option_pool_shuffle [gemma3:1b] ████████████░░░░░░░░ 36/60 (60%)
    [option_pool_shuffle] call failed (inst=1 run=16): Ollama generation failed: <urlopen error [Errno 61] Connection refused>
    [option_pool_shuffle] call failed (inst=1 run=17): Ollama generation failed: <urlopen error [Errno 61] Connection refused>
    [option_pool_shuffle] call failed (inst=1 run=19): Ollama generation failed: <urlopen error [Errno 61] Connection refused>    [option_pool_shuffle] call failed (inst=1 run=18): Ollama generation failed: <urlopen error [Errno 61] Connection refused>
    option_pool_shuffle [gemma3:1b] █████████████░░░░░░░ 39/60 (65%)

    [option_pool_shuffle] call failed (inst=2 run=0): Ollama generation failed: <urlopen error [Errno 61] Connection refused>
    [option_pool_shuffle] call failed (inst=2 run=1): Ollama generation failed: <urlopen error [Errno 61] Connection refused>
    option_pool_shuffle [gemma3:1b] ██████████████░░░░░░ 42/60 (70%)
    [option_pool_shuffle] call failed (inst=2 run=2): Ollama generation failed: <urlopen error [Errno 61] Connection refused>
    [option_pool_shuffle] call failed (inst=2 run=3): Ollama generation failed: <urlopen error [Errno 61] Connection refused>
    [option_pool_shuffle] call failed (inst=2 run=4): Ollama generation failed: <urlopen error [Errno 61] Connection refused>    [option_pool_shuffle] call failed (inst=2 run=5): Ollama generation failed: <urlopen error [Errno 61] Connection refused>

    option_pool_shuffle [gemma3:1b] ███████████████░░░░░ 45/60 (75%)
    [option_pool_shuffle] call failed (inst=2 run=6): Ollama generation failed: <urlopen error [Errno 61] Connection refused>
    [option_pool_shuffle] call failed (inst=2 run=9): Ollama generation failed: <urlopen error [Errno 61] Connection refused>
    option_pool_shuffle [gemma3:1b] ████████████████░░░░ 48/60 (80%)
    [option_pool_shuffle] call failed (inst=2 run=7): Ollama generation failed: <urlopen error [Errno 61] Connection refused>
    [option_pool_shuffle] call failed (inst=2 run=8): Ollama generation failed: <urlopen error [Errno 61] Connection refused>    [option_pool_shuffle] call failed (inst=2 run=10): Ollama generation failed: <urlopen error [Errno 61] Connection refused>

    option_pool_shuffle [gemma3:1b] █████████████████░░░ 51/60 (85%)
    [option_pool_shuffle] call failed (inst=2 run=11): Ollama generation failed: <urlopen error [Errno 61] Connection refused>
    [option_pool_shuffle] call failed (inst=2 run=14): Ollama generation failed: <urlopen error [Errno 61] Connection refused>
    [option_pool_shuffle] call failed (inst=2 run=12): Ollama generation failed: <urlopen error [Errno 61] Connection refused>    [option_pool_shuffle] call failed (inst=2 run=13): Ollama generation failed: <urlopen error [Errno 61] Connection refused>

    option_pool_shuffle [gemma3:1b] ██████████████████░░ 54/60 (90%)
    [option_pool_shuffle] call failed (inst=2 run=15): Ollama generation failed: <urlopen error [Errno 61] Connection refused>
    [option_pool_shuffle] call failed (inst=2 run=16): Ollama generation failed: <urlopen error [Errno 61] Connection refused>
    option_pool_shuffle [gemma3:1b] ███████████████████░ 57/60 (95%)
    [option_pool_shuffle] call failed (inst=2 run=17): Ollama generation failed: <urlopen error [Errno 61] Connection refused>
    [option_pool_shuffle] call failed (inst=2 run=19): Ollama generation failed: <urlopen error [Errno 61] Connection refused>    [option_pool_shuffle] call failed (inst=2 run=18): Ollama generation failed: <urlopen error [Errno 61] Connection refused>

    option_pool_shuffle [gemma3:1b] ████████████████████ 60/60 (100%)
      option_pool_shuffle: 60 empty responses dropped, refilling (attempt 4/3)
      option_pool_shuffle: STILL SHORT after 3 refills -- this cell is incomplete and must not be reported as measured
    [multi_round_stacked_dilution] call failed (inst=0 run=2): Ollama generation failed: <urlopen error [Errno 61] Connection refused>
    [multi_round_stacked_dilution] call failed (inst=0 run=0): Ollama generation failed: <urlopen error [Errno 61] Connection refused>
    [multi_round_stacked_dilution] call failed (inst=0 run=1): Ollama generation failed: <urlopen error [Errno 61] Connection refused>
    [multi_round_stacked_dilution] call failed (inst=0 run=3): Ollama generation failed: <urlopen error [Errno 61] Connection refused>
    [multi_round_stacked_dilution] call failed (inst=0 run=4): Ollama generation failed: <urlopen error [Errno 61] Connection refused>
    multi_round_stacked_dilution [gemma3:1b] █░░░░░░░░░░░░░░░░░░░ 5/100 (5%)
    [multi_round_stacked_dilution] call failed (inst=0 run=5): Ollama generation failed: <urlopen error [Errno 61] Connection refused>
    [multi_round_stacked_dilution] call failed (inst=0 run=6): Ollama generation failed: <urlopen error [Errno 61] Connection refused>
    [multi_round_stacked_dilution] call failed (inst=0 run=7): Ollama generation failed: <urlopen error [Errno 61] Connection refused>
    [multi_round_stacked_dilution] call failed (inst=0 run=8): Ollama generation failed: <urlopen error [Errno 61] Connection refused>
    [multi_round_stacked_dilution] call failed (inst=0 run=9): Ollama generation failed: <urlopen error [Errno 61] Connection refused>
    multi_round_stacked_dilution [gemma3:1b] ██░░░░░░░░░░░░░░░░░░ 10/100 (10%)
    [multi_round_stacked_dilution] call failed (inst=0 run=10): Ollama generation failed: <urlopen error [Errno 61] Connection refused>
    [multi_round_stacked_dilution] call failed (inst=0 run=11): Ollama generation failed: <urlopen error [Errno 61] Connection refused>
    [multi_round_stacked_dilution] call failed (inst=0 run=12): Ollama generation failed: <urlopen error [Errno 61] Connection refused>    [multi_round_stacked_dilution] call failed (inst=0 run=13): Ollama generation failed: <urlopen error [Errno 61] Connection refused>

    [multi_round_stacked_dilution] call failed (inst=0 run=14): Ollama generation failed: <urlopen error [Errno 61] Connection refused>
    multi_round_stacked_dilution [gemma3:1b] ███░░░░░░░░░░░░░░░░░ 15/100 (15%)
    [multi_round_stacked_dilution] call failed (inst=0 run=15): Ollama generation failed: <urlopen error [Errno 61] Connection refused>
    [multi_round_stacked_dilution] call failed (inst=0 run=16): Ollama generation failed: <urlopen error [Errno 61] Connection refused>
    [multi_round_stacked_dilution] call failed (inst=0 run=17): Ollama generation failed: <urlopen error [Errno 61] Connection refused>
    [multi_round_stacked_dilution] call failed (inst=0 run=18): Ollama generation failed: <urlopen error [Errno 61] Connection refused>
    [multi_round_stacked_dilution] call failed (inst=0 run=19): Ollama generation failed: <urlopen error [Errno 61] Connection refused>
    multi_round_stacked_dilution [gemma3:1b] ████░░░░░░░░░░░░░░░░ 20/100 (20%)
    [multi_round_stacked_dilution] call failed (inst=1 run=0): Ollama generation failed: <urlopen error [Errno 61] Connection refused>
    [multi_round_stacked_dilution] call failed (inst=1 run=2): Ollama generation failed: <urlopen error [Errno 61] Connection refused>
    [multi_round_stacked_dilution] call failed (inst=1 run=1): Ollama generation failed: <urlopen error [Errno 61] Connection refused>
    [multi_round_stacked_dilution] call failed (inst=1 run=3): Ollama generation failed: <urlopen error [Errno 61] Connection refused>
    [multi_round_stacked_dilution] call failed (inst=1 run=4): Ollama generation failed: <urlopen error [Errno 61] Connection refused>
    multi_round_stacked_dilution [gemma3:1b] █████░░░░░░░░░░░░░░░ 25/100 (25%)
    [multi_round_stacked_dilution] call failed (inst=1 run=5): Ollama generation failed: <urlopen error [Errno 61] Connection refused>
    [multi_round_stacked_dilution] call failed (inst=1 run=6): Ollama generation failed: <urlopen error [Errno 61] Connection refused>
    [multi_round_stacked_dilution] call failed (inst=1 run=7): Ollama generation failed: <urlopen error [Errno 61] Connection refused>
    [multi_round_stacked_dilution] call failed (inst=1 run=8): Ollama generation failed: <urlopen error [Errno 61] Connection refused>
    [multi_round_stacked_dilution] call failed (inst=1 run=9): Ollama generation failed: <urlopen error [Errno 61] Connection refused>
    multi_round_stacked_dilution [gemma3:1b] ██████░░░░░░░░░░░░░░ 30/100 (30%)    [multi_round_stacked_dilution] call failed (inst=1 run=10): Ollama generation failed: <urlopen error [Errno 61] Connection refused>

    [multi_round_stacked_dilution] call failed (inst=1 run=12): Ollama generation failed: <urlopen error [Errno 61] Connection refused>
    [multi_round_stacked_dilution] call failed (inst=1 run=11): Ollama generation failed: <urlopen error [Errno 61] Connection refused>
    [multi_round_stacked_dilution] call failed (inst=1 run=13): Ollama generation failed: <urlopen error [Errno 61] Connection refused>
    [multi_round_stacked_dilution] call failed (inst=1 run=14): Ollama generation failed: <urlopen error [Errno 61] Connection refused>
    multi_round_stacked_dilution [gemma3:1b] ███████░░░░░░░░░░░░░ 35/100 (35%)
    [multi_round_stacked_dilution] call failed (inst=1 run=15): Ollama generation failed: <urlopen error [Errno 61] Connection refused>
    [multi_round_stacked_dilution] call failed (inst=1 run=16): Ollama generation failed: <urlopen error [Errno 61] Connection refused>
    [multi_round_stacked_dilution] call failed (inst=1 run=17): Ollama generation failed: <urlopen error [Errno 61] Connection refused>
    [multi_round_stacked_dilution] call failed (inst=1 run=18): Ollama generation failed: <urlopen error [Errno 61] Connection refused>
    [multi_round_stacked_dilution] call failed (inst=1 run=19): Ollama generation failed: <urlopen error [Errno 61] Connection refused>
    multi_round_stacked_dilution [gemma3:1b] ████████░░░░░░░░░░░░ 40/100 (40%)
    [multi_round_stacked_dilution] call failed (inst=2 run=0): Ollama generation failed: <urlopen error [Errno 61] Connection refused>
    [multi_round_stacked_dilution] call failed (inst=2 run=1): Ollama generation failed: <urlopen error [Errno 61] Connection refused>
    [multi_round_stacked_dilution] call failed (inst=2 run=2): Ollama generation failed: <urlopen error [Errno 61] Connection refused>
    [multi_round_stacked_dilution] call failed (inst=2 run=4): Ollama generation failed: <urlopen error [Errno 61] Connection refused>
    [multi_round_stacked_dilution] call failed (inst=2 run=3): Ollama generation failed: <urlopen error [Errno 61] Connection refused>
    multi_round_stacked_dilution [gemma3:1b] █████████░░░░░░░░░░░ 45/100 (45%)
    [multi_round_stacked_dilution] call failed (inst=2 run=5): Ollama generation failed: <urlopen error [Errno 61] Connection refused>
    [multi_round_stacked_dilution] call failed (inst=2 run=6): Ollama generation failed: <urlopen error [Errno 61] Connection refused>
    [multi_round_stacked_dilution] call failed (inst=2 run=7): Ollama generation failed: <urlopen error [Errno 61] Connection refused>
    [multi_round_stacked_dilution] call failed (inst=2 run=8): Ollama generation failed: <urlopen error [Errno 61] Connection refused>    [multi_round_stacked_dilution] call failed (inst=2 run=9): Ollama generation failed: <urlopen error [Errno 61] Connection refused>

    multi_round_stacked_dilution [gemma3:1b] ██████████░░░░░░░░░░ 50/100 (50%)
    [multi_round_stacked_dilution] call failed (inst=2 run=10): Ollama generation failed: <urlopen error [Errno 61] Connection refused>
    [multi_round_stacked_dilution] call failed (inst=2 run=11): Ollama generation failed: <urlopen error [Errno 61] Connection refused>
    [multi_round_stacked_dilution] call failed (inst=2 run=13): Ollama generation failed: <urlopen error [Errno 61] Connection refused>
    [multi_round_stacked_dilution] call failed (inst=2 run=12): Ollama generation failed: <urlopen error [Errno 61] Connection refused>
    [multi_round_stacked_dilution] call failed (inst=2 run=14): Ollama generation failed: <urlopen error [Errno 61] Connection refused>
    [multi_round_stacked_dilution] call failed (inst=2 run=15): Ollama generation failed: <urlopen error [Errno 61] Connection refused>    multi_round_stacked_dilution [gemma3:1b] ███████████░░░░░░░░░ 55/100 (55%)

    [multi_round_stacked_dilution] call failed (inst=2 run=16): Ollama generation failed: <urlopen error [Errno 61] Connection refused>
    [multi_round_stacked_dilution] call failed (inst=2 run=17): Ollama generation failed: <urlopen error [Errno 61] Connection refused>
    [multi_round_stacked_dilution] call failed (inst=2 run=19): Ollama generation failed: <urlopen error [Errno 61] Connection refused>
    [multi_round_stacked_dilution] call failed (inst=2 run=18): Ollama generation failed: <urlopen error [Errno 61] Connection refused>
    multi_round_stacked_dilution [gemma3:1b] ████████████░░░░░░░░ 60/100 (60%)
    [multi_round_stacked_dilution] call failed (inst=3 run=0): Ollama generation failed: <urlopen error [Errno 61] Connection refused>
    [multi_round_stacked_dilution] call failed (inst=3 run=1): Ollama generation failed: <urlopen error [Errno 61] Connection refused>
    [multi_round_stacked_dilution] call failed (inst=3 run=4): Ollama generation failed: <urlopen error [Errno 61] Connection refused>
    [multi_round_stacked_dilution] call failed (inst=3 run=2): Ollama generation failed: <urlopen error [Errno 61] Connection refused>    [multi_round_stacked_dilution] call failed (inst=3 run=3): Ollama generation failed: <urlopen error [Errno 61] Connection refused>

    multi_round_stacked_dilution [gemma3:1b] █████████████░░░░░░░ 65/100 (65%)
    [multi_round_stacked_dilution] call failed (inst=3 run=5): Ollama generation failed: <urlopen error [Errno 61] Connection refused>
    [multi_round_stacked_dilution] call failed (inst=3 run=7): Ollama generation failed: <urlopen error [Errno 61] Connection refused>
    [multi_round_stacked_dilution] call failed (inst=3 run=6): Ollama generation failed: <urlopen error [Errno 61] Connection refused>
    [multi_round_stacked_dilution] call failed (inst=3 run=8): Ollama generation failed: <urlopen error [Errno 61] Connection refused>    [multi_round_stacked_dilution] call failed (inst=3 run=9): Ollama generation failed: <urlopen error [Errno 61] Connection refused>

    multi_round_stacked_dilution [gemma3:1b] ██████████████░░░░░░ 70/100 (70%)
    [multi_round_stacked_dilution] call failed (inst=3 run=10): Ollama generation failed: <urlopen error [Errno 61] Connection refused>
    [multi_round_stacked_dilution] call failed (inst=3 run=11): Ollama generation failed: <urlopen error [Errno 61] Connection refused>
    [multi_round_stacked_dilution] call failed (inst=3 run=13): Ollama generation failed: <urlopen error [Errno 61] Connection refused>    [multi_round_stacked_dilution] call failed (inst=3 run=12): Ollama generation failed: <urlopen error [Errno 61] Connection refused>

    [multi_round_stacked_dilution] call failed (inst=3 run=14): Ollama generation failed: <urlopen error [Errno 61] Connection refused>
    multi_round_stacked_dilution [gemma3:1b] ███████████████░░░░░ 75/100 (75%)
    [multi_round_stacked_dilution] call failed (inst=3 run=15): Ollama generation failed: <urlopen error [Errno 61] Connection refused>
    [multi_round_stacked_dilution] call failed (inst=3 run=16): Ollama generation failed: <urlopen error [Errno 61] Connection refused>
    [multi_round_stacked_dilution] call failed (inst=3 run=17): Ollama generation failed: <urlopen error [Errno 61] Connection refused>
    [multi_round_stacked_dilution] call failed (inst=3 run=19): Ollama generation failed: <urlopen error [Errno 61] Connection refused>
    [multi_round_stacked_dilution] call failed (inst=3 run=18): Ollama generation failed: <urlopen error [Errno 61] Connection refused>
    multi_round_stacked_dilution [gemma3:1b] ████████████████░░░░ 80/100 (80%)
    [multi_round_stacked_dilution] call failed (inst=4 run=0): Ollama generation failed: <urlopen error [Errno 61] Connection refused>
    [multi_round_stacked_dilution] call failed (inst=4 run=1): Ollama generation failed: <urlopen error [Errno 61] Connection refused>
    [multi_round_stacked_dilution] call failed (inst=4 run=2): Ollama generation failed: <urlopen error [Errno 61] Connection refused>    [multi_round_stacked_dilution] call failed (inst=4 run=3): Ollama generation failed: <urlopen error [Errno 61] Connection refused>

    [multi_round_stacked_dilution] call failed (inst=4 run=4): Ollama generation failed: <urlopen error [Errno 61] Connection refused>
    multi_round_stacked_dilution [gemma3:1b] █████████████████░░░ 85/100 (85%)
    [multi_round_stacked_dilution] call failed (inst=4 run=5): Ollama generation failed: <urlopen error [Errno 61] Connection refused>
    [multi_round_stacked_dilution] call failed (inst=4 run=6): Ollama generation failed: <urlopen error [Errno 61] Connection refused>
    [multi_round_stacked_dilution] call failed (inst=4 run=8): Ollama generation failed: <urlopen error [Errno 61] Connection refused>
    [multi_round_stacked_dilution] call failed (inst=4 run=9): Ollama generation failed: <urlopen error [Errno 61] Connection refused>    [multi_round_stacked_dilution] call failed (inst=4 run=7): Ollama generation failed: <urlopen error [Errno 61] Connection refused>

    multi_round_stacked_dilution [gemma3:1b] ██████████████████░░ 90/100 (90%)
    [multi_round_stacked_dilution] call failed (inst=4 run=10): Ollama generation failed: <urlopen error [Errno 61] Connection refused>
    [multi_round_stacked_dilution] call failed (inst=4 run=11): Ollama generation failed: <urlopen error [Errno 61] Connection refused>
    [multi_round_stacked_dilution] call failed (inst=4 run=14): Ollama generation failed: <urlopen error [Errno 61] Connection refused>    [multi_round_stacked_dilution] call failed (inst=4 run=13): Ollama generation failed: <urlopen error [Errno 61] Connection refused>

    [multi_round_stacked_dilution] call failed (inst=4 run=12): Ollama generation failed: <urlopen error [Errno 61] Connection refused>
    multi_round_stacked_dilution [gemma3:1b] ███████████████████░ 95/100 (95%)
    [multi_round_stacked_dilution] call failed (inst=4 run=15): Ollama generation failed: <urlopen error [Errno 61] Connection refused>
    [multi_round_stacked_dilution] call failed (inst=4 run=16): Ollama generation failed: <urlopen error [Errno 61] Connection refused>
    [multi_round_stacked_dilution] call failed (inst=4 run=18): Ollama generation failed: <urlopen error [Errno 61] Connection refused>
    [multi_round_stacked_dilution] call failed (inst=4 run=17): Ollama generation failed: <urlopen error [Errno 61] Connection refused>
    [multi_round_stacked_dilution] call failed (inst=4 run=19): Ollama generation failed: <urlopen error [Errno 61] Connection refused>
    multi_round_stacked_dilution [gemma3:1b] ████████████████████ 100/100 (100%)
      multi_round_stacked_dilution: 100 empty responses dropped, refilling (attempt 1/3)
    [multi_round_stacked_dilution] call failed (inst=0 run=0): Ollama generation failed: <urlopen error [Errno 61] Connection refused>
    [multi_round_stacked_dilution] call failed (inst=0 run=1): Ollama generation failed: <urlopen error [Errno 61] Connection refused>
    [multi_round_stacked_dilution] call failed (inst=0 run=2): Ollama generation failed: <urlopen error [Errno 61] Connection refused>
    [multi_round_stacked_dilution] call failed (inst=0 run=3): Ollama generation failed: <urlopen error [Errno 61] Connection refused>
    [multi_round_stacked_dilution] call failed (inst=0 run=4): Ollama generation failed: <urlopen error [Errno 61] Connection refused>
    multi_round_stacked_dilution [gemma3:1b] █░░░░░░░░░░░░░░░░░░░ 5/100 (5%)
    [multi_round_stacked_dilution] call failed (inst=0 run=7): Ollama generation failed: <urlopen error [Errno 61] Connection refused>
    [multi_round_stacked_dilution] call failed (inst=0 run=5): Ollama generation failed: <urlopen error [Errno 61] Connection refused>    [multi_round_stacked_dilution] call failed (inst=0 run=6): Ollama generation failed: <urlopen error [Errno 61] Connection refused>

    [multi_round_stacked_dilution] call failed (inst=0 run=8): Ollama generation failed: <urlopen error [Errno 61] Connection refused>
    [multi_round_stacked_dilution] call failed (inst=0 run=9): Ollama generation failed: <urlopen error [Errno 61] Connection refused>
    multi_round_stacked_dilution [gemma3:1b] ██░░░░░░░░░░░░░░░░░░ 10/100 (10%)
    [multi_round_stacked_dilution] call failed (inst=0 run=10): Ollama generation failed: <urlopen error [Errno 61] Connection refused>    [multi_round_stacked_dilution] call failed (inst=0 run=11): Ollama generation failed: <urlopen error [Errno 61] Connection refused>

    [multi_round_stacked_dilution] call failed (inst=0 run=12): Ollama generation failed: <urlopen error [Errno 61] Connection refused>
    [multi_round_stacked_dilution] call failed (inst=0 run=13): Ollama generation failed: <urlopen error [Errno 61] Connection refused>
    [multi_round_stacked_dilution] call failed (inst=0 run=17): Ollama generation failed: <urlopen error [Errno 61] Connection refused>
    multi_round_stacked_dilution [gemma3:1b] ███░░░░░░░░░░░░░░░░░ 15/100 (15%)
    [multi_round_stacked_dilution] call failed (inst=0 run=16): Ollama generation failed: <urlopen error [Errno 61] Connection refused>
    [multi_round_stacked_dilution] call failed (inst=0 run=15): Ollama generation failed: <urlopen error [Errno 61] Connection refused>    [multi_round_stacked_dilution] call failed (inst=0 run=14): Ollama generation failed: <urlopen error [Errno 61] Connection refused>

    [multi_round_stacked_dilution] call failed (inst=1 run=0): Ollama generation failed: <urlopen error [Errno 61] Connection refused>
    [multi_round_stacked_dilution] call failed (inst=0 run=19): Ollama generation failed: <urlopen error [Errno 61] Connection refused>
    [multi_round_stacked_dilution] call failed (inst=0 run=18): Ollama generation failed: <urlopen error [Errno 61] Connection refused>    multi_round_stacked_dilution [gemma3:1b] ████░░░░░░░░░░░░░░░░ 20/100 (20%)

    [multi_round_stacked_dilution] call failed (inst=1 run=1): Ollama generation failed: <urlopen error [Errno 61] Connection refused>
    [multi_round_stacked_dilution] call failed (inst=1 run=2): Ollama generation failed: <urlopen error [Errno 61] Connection refused>
    [multi_round_stacked_dilution] call failed (inst=1 run=4): Ollama generation failed: <urlopen error [Errno 61] Connection refused>
    [multi_round_stacked_dilution] call failed (inst=1 run=3): Ollama generation failed: <urlopen error [Errno 61] Connection refused>
    [multi_round_stacked_dilution] call failed (inst=1 run=5): Ollama generation failed: <urlopen error [Errno 61] Connection refused>
    multi_round_stacked_dilution [gemma3:1b] █████░░░░░░░░░░░░░░░ 25/100 (25%)    [multi_round_stacked_dilution] call failed (inst=1 run=6): Ollama generation failed: <urlopen error [Errno 61] Connection refused>

    [multi_round_stacked_dilution] call failed (inst=1 run=7): Ollama generation failed: <urlopen error [Errno 61] Connection refused>
    [multi_round_stacked_dilution] call failed (inst=1 run=8): Ollama generation failed: <urlopen error [Errno 61] Connection refused>
    [multi_round_stacked_dilution] call failed (inst=1 run=10): Ollama generation failed: <urlopen error [Errno 61] Connection refused>    [multi_round_stacked_dilution] call failed (inst=1 run=9): Ollama generation failed: <urlopen error [Errno 61] Connection refused>

    [multi_round_stacked_dilution] call failed (inst=1 run=11): Ollama generation failed: <urlopen error [Errno 61] Connection refused>
    multi_round_stacked_dilution [gemma3:1b] ██████░░░░░░░░░░░░░░ 30/100 (30%)
    [multi_round_stacked_dilution] call failed (inst=1 run=12): Ollama generation failed: <urlopen error [Errno 61] Connection refused>
    [multi_round_stacked_dilution] call failed (inst=1 run=15): Ollama generation failed: <urlopen error [Errno 61] Connection refused>
    [multi_round_stacked_dilution] call failed (inst=1 run=14): Ollama generation failed: <urlopen error [Errno 61] Connection refused>
    [multi_round_stacked_dilution] call failed (inst=1 run=13): Ollama generation failed: <urlopen error [Errno 61] Connection refused>
    multi_round_stacked_dilution [gemma3:1b] ███████░░░░░░░░░░░░░ 35/100 (35%)
    [multi_round_stacked_dilution] call failed (inst=1 run=16): Ollama generation failed: <urlopen error [Errno 61] Connection refused>
    [multi_round_stacked_dilution] call failed (inst=1 run=17): Ollama generation failed: <urlopen error [Errno 61] Connection refused>
    [multi_round_stacked_dilution] call failed (inst=1 run=18): Ollama generation failed: <urlopen error [Errno 61] Connection refused>
    [multi_round_stacked_dilution] call failed (inst=2 run=0): Ollama generation failed: <urlopen error [Errno 61] Connection refused>
    [multi_round_stacked_dilution] call failed (inst=2 run=1): Ollama generation failed: <urlopen error [Errno 61] Connection refused>    [multi_round_stacked_dilution] call failed (inst=1 run=19): Ollama generation failed: <urlopen error [Errno 61] Connection refused>

    multi_round_stacked_dilution [gemma3:1b] ████████░░░░░░░░░░░░ 40/100 (40%)
    [multi_round_stacked_dilution] call failed (inst=2 run=3): Ollama generation failed: <urlopen error [Errno 61] Connection refused>
    [multi_round_stacked_dilution] call failed (inst=2 run=4): Ollama generation failed: <urlopen error [Errno 61] Connection refused>
    [multi_round_stacked_dilution] call failed (inst=2 run=2): Ollama generation failed: <urlopen error [Errno 61] Connection refused>
    [multi_round_stacked_dilution] call failed (inst=2 run=5): Ollama generation failed: <urlopen error [Errno 61] Connection refused>
    multi_round_stacked_dilution [gemma3:1b] █████████░░░░░░░░░░░ 45/100 (45%)
    [multi_round_stacked_dilution] call failed (inst=2 run=7): Ollama generation failed: <urlopen error [Errno 61] Connection refused>
    [multi_round_stacked_dilution] call failed (inst=2 run=9): Ollama generation failed: <urlopen error [Errno 61] Connection refused>
    [multi_round_stacked_dilution] call failed (inst=2 run=8): Ollama generation failed: <urlopen error [Errno 61] Connection refused>
    [multi_round_stacked_dilution] call failed (inst=2 run=6): Ollama generation failed: <urlopen error [Errno 61] Connection refused>
    multi_round_stacked_dilution [gemma3:1b] ██████████░░░░░░░░░░ 50/100 (50%)
    [multi_round_stacked_dilution] call failed (inst=2 run=11): Ollama generation failed: <urlopen error [Errno 61] Connection refused>
    [multi_round_stacked_dilution] call failed (inst=2 run=12): Ollama generation failed: <urlopen error [Errno 61] Connection refused>
    [multi_round_stacked_dilution] call failed (inst=2 run=13): Ollama generation failed: <urlopen error [Errno 61] Connection refused>
    [multi_round_stacked_dilution] call failed (inst=2 run=10): Ollama generation failed: <urlopen error [Errno 61] Connection refused>
    [multi_round_stacked_dilution] call failed (inst=2 run=14): Ollama generation failed: <urlopen error [Errno 61] Connection refused>
    multi_round_stacked_dilution [gemma3:1b] ███████████░░░░░░░░░ 55/100 (55%)
    [multi_round_stacked_dilution] call failed (inst=2 run=17): Ollama generation failed: <urlopen error [Errno 61] Connection refused>
    [multi_round_stacked_dilution] call failed (inst=2 run=15): Ollama generation failed: <urlopen error [Errno 61] Connection refused>
    [multi_round_stacked_dilution] call failed (inst=2 run=16): Ollama generation failed: <urlopen error [Errno 61] Connection refused>    [multi_round_stacked_dilution] call failed (inst=2 run=18): Ollama generation failed: <urlopen error [Errno 61] Connection refused>

    [multi_round_stacked_dilution] call failed (inst=2 run=19): Ollama generation failed: <urlopen error [Errno 61] Connection refused>
    multi_round_stacked_dilution [gemma3:1b] ████████████░░░░░░░░ 60/100 (60%)
    [multi_round_stacked_dilution] call failed (inst=3 run=2): Ollama generation failed: <urlopen error [Errno 61] Connection refused>
    [multi_round_stacked_dilution] call failed (inst=3 run=1): Ollama generation failed: <urlopen error [Errno 61] Connection refused>    [multi_round_stacked_dilution] call failed (inst=3 run=0): Ollama generation failed: <urlopen error [Errno 61] Connection refused>    [multi_round_stacked_dilution] call failed (inst=3 run=3): Ollama generation failed: <urlopen error [Errno 61] Connection refused>


    [multi_round_stacked_dilution] call failed (inst=3 run=5): Ollama generation failed: <urlopen error [Errno 61] Connection refused>
    multi_round_stacked_dilution [gemma3:1b] █████████████░░░░░░░ 65/100 (65%)
    [multi_round_stacked_dilution] call failed (inst=3 run=6): Ollama generation failed: <urlopen error [Errno 61] Connection refused>
    [multi_round_stacked_dilution] call failed (inst=3 run=4): Ollama generation failed: <urlopen error [Errno 61] Connection refused>
    [multi_round_stacked_dilution] call failed (inst=3 run=7): Ollama generation failed: <urlopen error [Errno 61] Connection refused>
    [multi_round_stacked_dilution] call failed (inst=3 run=9): Ollama generation failed: <urlopen error [Errno 61] Connection refused>
    [multi_round_stacked_dilution] call failed (inst=3 run=11): Ollama generation failed: <urlopen error [Errno 61] Connection refused>    [multi_round_stacked_dilution] call failed (inst=3 run=8): Ollama generation failed: <urlopen error [Errno 61] Connection refused>
    [multi_round_stacked_dilution] call failed (inst=3 run=10): Ollama generation failed: <urlopen error [Errno 61] Connection refused>    multi_round_stacked_dilution [gemma3:1b] ██████████████░░░░░░ 70/100 (70%)


    [multi_round_stacked_dilution] call failed (inst=3 run=12): Ollama generation failed: <urlopen error [Errno 61] Connection refused>
    [multi_round_stacked_dilution] call failed (inst=3 run=14): Ollama generation failed: <urlopen error [Errno 61] Connection refused>
    [multi_round_stacked_dilution] call failed (inst=3 run=15): Ollama generation failed: <urlopen error [Errno 61] Connection refused>    [multi_round_stacked_dilution] call failed (inst=3 run=13): Ollama generation failed: <urlopen error [Errno 61] Connection refused>
    [multi_round_stacked_dilution] call failed (inst=3 run=16): Ollama generation failed: <urlopen error [Errno 61] Connection refused>

    multi_round_stacked_dilution [gemma3:1b] ███████████████░░░░░ 75/100 (75%)
    [multi_round_stacked_dilution] call failed (inst=3 run=17): Ollama generation failed: <urlopen error [Errno 61] Connection refused>
    [multi_round_stacked_dilution] call failed (inst=3 run=18): Ollama generation failed: <urlopen error [Errno 61] Connection refused>
    [multi_round_stacked_dilution] call failed (inst=4 run=0): Ollama generation failed: <urlopen error [Errno 61] Connection refused>
    multi_round_stacked_dilution [gemma3:1b] ████████████████░░░░ 80/100 (80%)    [multi_round_stacked_dilution] call failed (inst=3 run=19): Ollama generation failed: <urlopen error [Errno 61] Connection refused>

    [multi_round_stacked_dilution] call failed (inst=4 run=1): Ollama generation failed: <urlopen error [Errno 61] Connection refused>
    [multi_round_stacked_dilution] call failed (inst=4 run=2): Ollama generation failed: <urlopen error [Errno 61] Connection refused>
    [multi_round_stacked_dilution] call failed (inst=4 run=5): Ollama generation failed: <urlopen error [Errno 61] Connection refused>    [multi_round_stacked_dilution] call failed (inst=4 run=4): Ollama generation failed: <urlopen error [Errno 61] Connection refused>

    [multi_round_stacked_dilution] call failed (inst=4 run=3): Ollama generation failed: <urlopen error [Errno 61] Connection refused>
    multi_round_stacked_dilution [gemma3:1b] █████████████████░░░ 85/100 (85%)
    [multi_round_stacked_dilution] call failed (inst=4 run=6): Ollama generation failed: <urlopen error [Errno 61] Connection refused>
    [multi_round_stacked_dilution] call failed (inst=4 run=7): Ollama generation failed: <urlopen error [Errno 61] Connection refused>
    [multi_round_stacked_dilution] call failed (inst=4 run=8): Ollama generation failed: <urlopen error [Errno 61] Connection refused>
    [multi_round_stacked_dilution] call failed (inst=4 run=9): Ollama generation failed: <urlopen error [Errno 61] Connection refused>
    [multi_round_stacked_dilution] call failed (inst=4 run=10): Ollama generation failed: <urlopen error [Errno 61] Connection refused>
    multi_round_stacked_dilution [gemma3:1b] ██████████████████░░ 90/100 (90%)
    [multi_round_stacked_dilution] call failed (inst=4 run=11): Ollama generation failed: <urlopen error [Errno 61] Connection refused>
    [multi_round_stacked_dilution] call failed (inst=4 run=12): Ollama generation failed: <urlopen error [Errno 61] Connection refused>
    [multi_round_stacked_dilution] call failed (inst=4 run=13): Ollama generation failed: <urlopen error [Errno 61] Connection refused>    [multi_round_stacked_dilution] call failed (inst=4 run=14): Ollama generation failed: <urlopen error [Errno 61] Connection refused>

    [multi_round_stacked_dilution] call failed (inst=4 run=15): Ollama generation failed: <urlopen error [Errno 61] Connection refused>
    multi_round_stacked_dilution [gemma3:1b] ███████████████████░ 95/100 (95%)
    [multi_round_stacked_dilution] call failed (inst=4 run=17): Ollama generation failed: <urlopen error [Errno 61] Connection refused>
    [multi_round_stacked_dilution] call failed (inst=4 run=16): Ollama generation failed: <urlopen error [Errno 61] Connection refused>    [multi_round_stacked_dilution] call failed (inst=4 run=18): Ollama generation failed: <urlopen error [Errno 61] Connection refused>

    [multi_round_stacked_dilution] call failed (inst=4 run=19): Ollama generation failed: <urlopen error [Errno 61] Connection refused>
    multi_round_stacked_dilution [gemma3:1b] ████████████████████ 100/100 (100%)
      multi_round_stacked_dilution: 100 empty responses dropped, refilling (attempt 2/3)
    [multi_round_stacked_dilution] call failed (inst=0 run=1): Ollama generation failed: <urlopen error [Errno 61] Connection refused>
    [multi_round_stacked_dilution] call failed (inst=0 run=3): Ollama generation failed: <urlopen error [Errno 61] Connection refused>
    [multi_round_stacked_dilution] call failed (inst=0 run=2): Ollama generation failed: <urlopen error [Errno 61] Connection refused>    [multi_round_stacked_dilution] call failed (inst=0 run=0): Ollama generation failed: <urlopen error [Errno 61] Connection refused>

    [multi_round_stacked_dilution] call failed (inst=0 run=6): Ollama generation failed: <urlopen error [Errno 61] Connection refused>
    multi_round_stacked_dilution [gemma3:1b] █░░░░░░░░░░░░░░░░░░░ 5/100 (5%)
    [multi_round_stacked_dilution] call failed (inst=0 run=5): Ollama generation failed: <urlopen error [Errno 61] Connection refused>
    [multi_round_stacked_dilution] call failed (inst=0 run=4): Ollama generation failed: <urlopen error [Errno 61] Connection refused>
    [multi_round_stacked_dilution] call failed (inst=0 run=7): Ollama generation failed: <urlopen error [Errno 61] Connection refused>
    [multi_round_stacked_dilution] call failed (inst=0 run=9): Ollama generation failed: <urlopen error [Errno 61] Connection refused>
    [multi_round_stacked_dilution] call failed (inst=0 run=8): Ollama generation failed: <urlopen error [Errno 61] Connection refused>
    multi_round_stacked_dilution [gemma3:1b] ██░░░░░░░░░░░░░░░░░░ 10/100 (10%)
    [multi_round_stacked_dilution] call failed (inst=0 run=10): Ollama generation failed: <urlopen error [Errno 61] Connection refused>
    [multi_round_stacked_dilution] call failed (inst=0 run=11): Ollama generation failed: <urlopen error [Errno 61] Connection refused>
    [multi_round_stacked_dilution] call failed (inst=0 run=12): Ollama generation failed: <urlopen error [Errno 61] Connection refused>
    [multi_round_stacked_dilution] call failed (inst=0 run=13): Ollama generation failed: <urlopen error [Errno 61] Connection refused>
    [multi_round_stacked_dilution] call failed (inst=0 run=14): Ollama generation failed: <urlopen error [Errno 61] Connection refused>
    multi_round_stacked_dilution [gemma3:1b] ███░░░░░░░░░░░░░░░░░ 15/100 (15%)    [multi_round_stacked_dilution] call failed (inst=0 run=15): Ollama generation failed: <urlopen error [Errno 61] Connection refused>

    [multi_round_stacked_dilution] call failed (inst=0 run=16): Ollama generation failed: <urlopen error [Errno 61] Connection refused>
    [multi_round_stacked_dilution] call failed (inst=0 run=17): Ollama generation failed: <urlopen error [Errno 61] Connection refused>
    [multi_round_stacked_dilution] call failed (inst=0 run=19): Ollama generation failed: <urlopen error [Errno 61] Connection refused>
    [multi_round_stacked_dilution] call failed (inst=1 run=1): Ollama generation failed: <urlopen error [Errno 61] Connection refused>
    [multi_round_stacked_dilution] call failed (inst=0 run=18): Ollama generation failed: <urlopen error [Errno 61] Connection refused>    multi_round_stacked_dilution [gemma3:1b] ████░░░░░░░░░░░░░░░░ 20/100 (20%)    [multi_round_stacked_dilution] call failed (inst=1 run=0): Ollama generation failed: <urlopen error [Errno 61] Connection refused>


    [multi_round_stacked_dilution] call failed (inst=1 run=2): Ollama generation failed: <urlopen error [Errno 61] Connection refused>
    [multi_round_stacked_dilution] call failed (inst=1 run=4): Ollama generation failed: <urlopen error [Errno 61] Connection refused>
    [multi_round_stacked_dilution] call failed (inst=1 run=6): Ollama generation failed: <urlopen error [Errno 61] Connection refused>
    [multi_round_stacked_dilution] call failed (inst=1 run=3): Ollama generation failed: <urlopen error [Errno 61] Connection refused>
    [multi_round_stacked_dilution] call failed (inst=1 run=5): Ollama generation failed: <urlopen error [Errno 61] Connection refused>
    multi_round_stacked_dilution [gemma3:1b] █████░░░░░░░░░░░░░░░ 25/100 (25%)
    [multi_round_stacked_dilution] call failed (inst=1 run=8): Ollama generation failed: <urlopen error [Errno 61] Connection refused>
    [multi_round_stacked_dilution] call failed (inst=1 run=9): Ollama generation failed: <urlopen error [Errno 61] Connection refused>
    [multi_round_stacked_dilution] call failed (inst=1 run=10): Ollama generation failed: <urlopen error [Errno 61] Connection refused>    [multi_round_stacked_dilution] call failed (inst=1 run=7): Ollama generation failed: <urlopen error [Errno 61] Connection refused>

    multi_round_stacked_dilution [gemma3:1b] ██████░░░░░░░░░░░░░░ 30/100 (30%)
    [multi_round_stacked_dilution] call failed (inst=1 run=11): Ollama generation failed: <urlopen error [Errno 61] Connection refused>
    [multi_round_stacked_dilution] call failed (inst=1 run=14): Ollama generation failed: <urlopen error [Errno 61] Connection refused>
    [multi_round_stacked_dilution] call failed (inst=1 run=12): Ollama generation failed: <urlopen error [Errno 61] Connection refused>
    [multi_round_stacked_dilution] call failed (inst=1 run=15): Ollama generation failed: <urlopen error [Errno 61] Connection refused>
    [multi_round_stacked_dilution] call failed (inst=1 run=13): Ollama generation failed: <urlopen error [Errno 61] Connection refused>
    multi_round_stacked_dilution [gemma3:1b] ███████░░░░░░░░░░░░░ 35/100 (35%)
    [multi_round_stacked_dilution] call failed (inst=1 run=17): Ollama generation failed: <urlopen error [Errno 61] Connection refused>
    [multi_round_stacked_dilution] call failed (inst=1 run=16): Ollama generation failed: <urlopen error [Errno 61] Connection refused>
    [multi_round_stacked_dilution] call failed (inst=1 run=19): Ollama generation failed: <urlopen error [Errno 61] Connection refused>    [multi_round_stacked_dilution] call failed (inst=1 run=18): Ollama generation failed: <urlopen error [Errno 61] Connection refused>

    multi_round_stacked_dilution [gemma3:1b] ████████░░░░░░░░░░░░ 40/100 (40%)
    [multi_round_stacked_dilution] call failed (inst=2 run=0): Ollama generation failed: <urlopen error [Errno 61] Connection refused>
    [multi_round_stacked_dilution] call failed (inst=2 run=1): Ollama generation failed: <urlopen error [Errno 61] Connection refused>
    [multi_round_stacked_dilution] call failed (inst=2 run=2): Ollama generation failed: <urlopen error [Errno 61] Connection refused>    [multi_round_stacked_dilution] call failed (inst=2 run=3): Ollama generation failed: <urlopen error [Errno 61] Connection refused>    [multi_round_stacked_dilution] call failed (inst=2 run=4): Ollama generation failed: <urlopen error [Errno 61] Connection refused>


    multi_round_stacked_dilution [gemma3:1b] █████████░░░░░░░░░░░ 45/100 (45%)
    [multi_round_stacked_dilution] call failed (inst=2 run=5): Ollama generation failed: <urlopen error [Errno 61] Connection refused>
    [multi_round_stacked_dilution] call failed (inst=2 run=8): Ollama generation failed: <urlopen error [Errno 61] Connection refused>
    [multi_round_stacked_dilution] call failed (inst=2 run=6): Ollama generation failed: <urlopen error [Errno 61] Connection refused>
    [multi_round_stacked_dilution] call failed (inst=2 run=9): Ollama generation failed: <urlopen error [Errno 61] Connection refused>    [multi_round_stacked_dilution] call failed (inst=2 run=7): Ollama generation failed: <urlopen error [Errno 61] Connection refused>

    multi_round_stacked_dilution [gemma3:1b] ██████████░░░░░░░░░░ 50/100 (50%)
    [multi_round_stacked_dilution] call failed (inst=2 run=10): Ollama generation failed: <urlopen error [Errno 61] Connection refused>
    [multi_round_stacked_dilution] call failed (inst=2 run=13): Ollama generation failed: <urlopen error [Errno 61] Connection refused>
    [multi_round_stacked_dilution] call failed (inst=2 run=12): Ollama generation failed: <urlopen error [Errno 61] Connection refused>    [multi_round_stacked_dilution] call failed (inst=2 run=11): Ollama generation failed: <urlopen error [Errno 61] Connection refused>

    [multi_round_stacked_dilution] call failed (inst=2 run=14): Ollama generation failed: <urlopen error [Errno 61] Connection refused>
    multi_round_stacked_dilution [gemma3:1b] ███████████░░░░░░░░░ 55/100 (55%)
    [multi_round_stacked_dilution] call failed (inst=2 run=15): Ollama generation failed: <urlopen error [Errno 61] Connection refused>
    [multi_round_stacked_dilution] call failed (inst=2 run=17): Ollama generation failed: <urlopen error [Errno 61] Connection refused>
    [multi_round_stacked_dilution] call failed (inst=2 run=18): Ollama generation failed: <urlopen error [Errno 61] Connection refused>
    [multi_round_stacked_dilution] call failed (inst=2 run=16): Ollama generation failed: <urlopen error [Errno 61] Connection refused>
    [multi_round_stacked_dilution] call failed (inst=2 run=19): Ollama generation failed: <urlopen error [Errno 61] Connection refused>
    multi_round_stacked_dilution [gemma3:1b] ████████████░░░░░░░░ 60/100 (60%)
    [multi_round_stacked_dilution] call failed (inst=3 run=3): Ollama generation failed: <urlopen error [Errno 61] Connection refused>
    [multi_round_stacked_dilution] call failed (inst=3 run=2): Ollama generation failed: <urlopen error [Errno 61] Connection refused>
    [multi_round_stacked_dilution] call failed (inst=3 run=1): Ollama generation failed: <urlopen error [Errno 61] Connection refused>    [multi_round_stacked_dilution] call failed (inst=3 run=0): Ollama generation failed: <urlopen error [Errno 61] Connection refused>

    [multi_round_stacked_dilution] call failed (inst=3 run=5): Ollama generation failed: <urlopen error [Errno 61] Connection refused>
    multi_round_stacked_dilution [gemma3:1b] █████████████░░░░░░░ 65/100 (65%)    [multi_round_stacked_dilution] call failed (inst=3 run=4): Ollama generation failed: <urlopen error [Errno 61] Connection refused>
    [multi_round_stacked_dilution] call failed (inst=3 run=6): Ollama generation failed: <urlopen error [Errno 61] Connection refused>
    [multi_round_stacked_dilution] call failed (inst=3 run=7): Ollama generation failed: <urlopen error [Errno 61] Connection refused>

    [multi_round_stacked_dilution] call failed (inst=3 run=10): Ollama generation failed: <urlopen error [Errno 61] Connection refused>
    [multi_round_stacked_dilution] call failed (inst=3 run=11): Ollama generation failed: <urlopen error [Errno 61] Connection refused>
    [multi_round_stacked_dilution] call failed (inst=3 run=9): Ollama generation failed: <urlopen error [Errno 61] Connection refused>    [multi_round_stacked_dilution] call failed (inst=3 run=8): Ollama generation failed: <urlopen error [Errno 61] Connection refused>    multi_round_stacked_dilution [gemma3:1b] ██████████████░░░░░░ 70/100 (70%)


    [multi_round_stacked_dilution] call failed (inst=3 run=12): Ollama generation failed: <urlopen error [Errno 61] Connection refused>
    [multi_round_stacked_dilution] call failed (inst=3 run=16): Ollama generation failed: <urlopen error [Errno 61] Connection refused>
    [multi_round_stacked_dilution] call failed (inst=3 run=15): Ollama generation failed: <urlopen error [Errno 61] Connection refused>    [multi_round_stacked_dilution] call failed (inst=3 run=13): Ollama generation failed: <urlopen error [Errno 61] Connection refused>

    multi_round_stacked_dilution [gemma3:1b] ███████████████░░░░░ 75/100 (75%)    [multi_round_stacked_dilution] call failed (inst=3 run=14): Ollama generation failed: <urlopen error [Errno 61] Connection refused>

    [multi_round_stacked_dilution] call failed (inst=3 run=17): Ollama generation failed: <urlopen error [Errno 61] Connection refused>
    [multi_round_stacked_dilution] call failed (inst=3 run=19): Ollama generation failed: <urlopen error [Errno 61] Connection refused>
    [multi_round_stacked_dilution] call failed (inst=4 run=1): Ollama generation failed: <urlopen error [Errno 61] Connection refused>
    [multi_round_stacked_dilution] call failed (inst=4 run=0): Ollama generation failed: <urlopen error [Errno 61] Connection refused>    [multi_round_stacked_dilution] call failed (inst=3 run=18): Ollama generation failed: <urlopen error [Errno 61] Connection refused>    multi_round_stacked_dilution [gemma3:1b] ████████████████░░░░ 80/100 (80%)


    [multi_round_stacked_dilution] call failed (inst=4 run=2): Ollama generation failed: <urlopen error [Errno 61] Connection refused>
    [multi_round_stacked_dilution] call failed (inst=4 run=3): Ollama generation failed: <urlopen error [Errno 61] Connection refused>
    [multi_round_stacked_dilution] call failed (inst=4 run=4): Ollama generation failed: <urlopen error [Errno 61] Connection refused>
    [multi_round_stacked_dilution] call failed (inst=4 run=5): Ollama generation failed: <urlopen error [Errno 61] Connection refused>
    multi_round_stacked_dilution [gemma3:1b] █████████████████░░░ 85/100 (85%)
    [multi_round_stacked_dilution] call failed (inst=4 run=6): Ollama generation failed: <urlopen error [Errno 61] Connection refused>
    [multi_round_stacked_dilution] call failed (inst=4 run=7): Ollama generation failed: <urlopen error [Errno 61] Connection refused>
    [multi_round_stacked_dilution] call failed (inst=4 run=10): Ollama generation failed: <urlopen error [Errno 61] Connection refused>    [multi_round_stacked_dilution] call failed (inst=4 run=9): Ollama generation failed: <urlopen error [Errno 61] Connection refused>

    [multi_round_stacked_dilution] call failed (inst=4 run=8): Ollama generation failed: <urlopen error [Errno 61] Connection refused>
    multi_round_stacked_dilution [gemma3:1b] ██████████████████░░ 90/100 (90%)
    [multi_round_stacked_dilution] call failed (inst=4 run=11): Ollama generation failed: <urlopen error [Errno 61] Connection refused>
    [multi_round_stacked_dilution] call failed (inst=4 run=13): Ollama generation failed: <urlopen error [Errno 61] Connection refused>    [multi_round_stacked_dilution] call failed (inst=4 run=14): Ollama generation failed: <urlopen error [Errno 61] Connection refused>

    [multi_round_stacked_dilution] call failed (inst=4 run=12): Ollama generation failed: <urlopen error [Errno 61] Connection refused>
    multi_round_stacked_dilution [gemma3:1b] ███████████████████░ 95/100 (95%)
    [multi_round_stacked_dilution] call failed (inst=4 run=15): Ollama generation failed: <urlopen error [Errno 61] Connection refused>
    [multi_round_stacked_dilution] call failed (inst=4 run=16): Ollama generation failed: <urlopen error [Errno 61] Connection refused>
    [multi_round_stacked_dilution] call failed (inst=4 run=18): Ollama generation failed: <urlopen error [Errno 61] Connection refused>
    [multi_round_stacked_dilution] call failed (inst=4 run=17): Ollama generation failed: <urlopen error [Errno 61] Connection refused>
    [multi_round_stacked_dilution] call failed (inst=4 run=19): Ollama generation failed: <urlopen error [Errno 61] Connection refused>
    multi_round_stacked_dilution [gemma3:1b] ████████████████████ 100/100 (100%)
      multi_round_stacked_dilution: 100 empty responses dropped, refilling (attempt 3/3)
    [multi_round_stacked_dilution] call failed (inst=0 run=0): Ollama generation failed: <urlopen error [Errno 61] Connection refused>
    [multi_round_stacked_dilution] call failed (inst=0 run=2): Ollama generation failed: <urlopen error [Errno 61] Connection refused>
    [multi_round_stacked_dilution] call failed (inst=0 run=1): Ollama generation failed: <urlopen error [Errno 61] Connection refused>    [multi_round_stacked_dilution] call failed (inst=0 run=3): Ollama generation failed: <urlopen error [Errno 61] Connection refused>

    [multi_round_stacked_dilution] call failed (inst=0 run=4): Ollama generation failed: <urlopen error [Errno 61] Connection refused>
    multi_round_stacked_dilution [gemma3:1b] █░░░░░░░░░░░░░░░░░░░ 5/100 (5%)
    [multi_round_stacked_dilution] call failed (inst=0 run=6): Ollama generation failed: <urlopen error [Errno 61] Connection refused>
    [multi_round_stacked_dilution] call failed (inst=0 run=8): Ollama generation failed: <urlopen error [Errno 61] Connection refused>
    [multi_round_stacked_dilution] call failed (inst=0 run=5): Ollama generation failed: <urlopen error [Errno 61] Connection refused>    [multi_round_stacked_dilution] call failed (inst=0 run=7): Ollama generation failed: <urlopen error [Errno 61] Connection refused>

    [multi_round_stacked_dilution] call failed (inst=0 run=9): Ollama generation failed: <urlopen error [Errno 61] Connection refused>
    multi_round_stacked_dilution [gemma3:1b] ██░░░░░░░░░░░░░░░░░░ 10/100 (10%)
    [multi_round_stacked_dilution] call failed (inst=0 run=11): Ollama generation failed: <urlopen error [Errno 61] Connection refused>
    [multi_round_stacked_dilution] call failed (inst=0 run=12): Ollama generation failed: <urlopen error [Errno 61] Connection refused>
    [multi_round_stacked_dilution] call failed (inst=0 run=10): Ollama generation failed: <urlopen error [Errno 61] Connection refused>    [multi_round_stacked_dilution] call failed (inst=0 run=13): Ollama generation failed: <urlopen error [Errno 61] Connection refused>

    [multi_round_stacked_dilution] call failed (inst=0 run=14): Ollama generation failed: <urlopen error [Errno 61] Connection refused>
    multi_round_stacked_dilution [gemma3:1b] ███░░░░░░░░░░░░░░░░░ 15/100 (15%)
    [multi_round_stacked_dilution] call failed (inst=0 run=15): Ollama generation failed: <urlopen error [Errno 61] Connection refused>
    [multi_round_stacked_dilution] call failed (inst=0 run=16): Ollama generation failed: <urlopen error [Errno 61] Connection refused>
    [multi_round_stacked_dilution] call failed (inst=0 run=17): Ollama generation failed: <urlopen error [Errno 61] Connection refused>
    [multi_round_stacked_dilution] call failed (inst=0 run=18): Ollama generation failed: <urlopen error [Errno 61] Connection refused>
    [multi_round_stacked_dilution] call failed (inst=1 run=2): Ollama generation failed: <urlopen error [Errno 61] Connection refused>
    multi_round_stacked_dilution [gemma3:1b] ████░░░░░░░░░░░░░░░░ 20/100 (20%)
    [multi_round_stacked_dilution] call failed (inst=1 run=1): Ollama generation failed: <urlopen error [Errno 61] Connection refused>
    [multi_round_stacked_dilution] call failed (inst=1 run=0): Ollama generation failed: <urlopen error [Errno 61] Connection refused>    [multi_round_stacked_dilution] call failed (inst=0 run=19): Ollama generation failed: <urlopen error [Errno 61] Connection refused>

    [multi_round_stacked_dilution] call failed (inst=1 run=4): Ollama generation failed: <urlopen error [Errno 61] Connection refused>
    [multi_round_stacked_dilution] call failed (inst=1 run=5): Ollama generation failed: <urlopen error [Errno 61] Connection refused>
    [multi_round_stacked_dilution] call failed (inst=1 run=3): Ollama generation failed: <urlopen error [Errno 61] Connection refused>    [multi_round_stacked_dilution] call failed (inst=1 run=6): Ollama generation failed: <urlopen error [Errno 61] Connection refused>
    multi_round_stacked_dilution [gemma3:1b] █████░░░░░░░░░░░░░░░ 25/100 (25%)

    [multi_round_stacked_dilution] call failed (inst=1 run=7): Ollama generation failed: <urlopen error [Errno 61] Connection refused>
    [multi_round_stacked_dilution] call failed (inst=1 run=10): Ollama generation failed: <urlopen error [Errno 61] Connection refused>
    [multi_round_stacked_dilution] call failed (inst=1 run=11): Ollama generation failed: <urlopen error [Errno 61] Connection refused>
    [multi_round_stacked_dilution] call failed (inst=1 run=9): Ollama generation failed: <urlopen error [Errno 61] Connection refused>    [multi_round_stacked_dilution] call failed (inst=1 run=8): Ollama generation failed: <urlopen error [Errno 61] Connection refused>

    multi_round_stacked_dilution [gemma3:1b] ██████░░░░░░░░░░░░░░ 30/100 (30%)
    [multi_round_stacked_dilution] call failed (inst=1 run=12): Ollama generation failed: <urlopen error [Errno 61] Connection refused>
    [multi_round_stacked_dilution] call failed (inst=1 run=13): Ollama generation failed: <urlopen error [Errno 61] Connection refused>
    [multi_round_stacked_dilution] call failed (inst=1 run=14): Ollama generation failed: <urlopen error [Errno 61] Connection refused>
    [multi_round_stacked_dilution] call failed (inst=1 run=15): Ollama generation failed: <urlopen error [Errno 61] Connection refused>
    [multi_round_stacked_dilution] call failed (inst=1 run=16): Ollama generation failed: <urlopen error [Errno 61] Connection refused>
    multi_round_stacked_dilution [gemma3:1b] ███████░░░░░░░░░░░░░ 35/100 (35%)
    [multi_round_stacked_dilution] call failed (inst=1 run=17): Ollama generation failed: <urlopen error [Errno 61] Connection refused>
    [multi_round_stacked_dilution] call failed (inst=1 run=19): Ollama generation failed: <urlopen error [Errno 61] Connection refused>
    [multi_round_stacked_dilution] call failed (inst=1 run=18): Ollama generation failed: <urlopen error [Errno 61] Connection refused>
    [multi_round_stacked_dilution] call failed (inst=2 run=1): Ollama generation failed: <urlopen error [Errno 61] Connection refused>    multi_round_stacked_dilution [gemma3:1b] ████████░░░░░░░░░░░░ 40/100 (40%)    [multi_round_stacked_dilution] call failed (inst=2 run=0): Ollama generation failed: <urlopen error [Errno 61] Connection refused>


    [multi_round_stacked_dilution] call failed (inst=2 run=2): Ollama generation failed: <urlopen error [Errno 61] Connection refused>
    [multi_round_stacked_dilution] call failed (inst=2 run=5): Ollama generation failed: <urlopen error [Errno 61] Connection refused>
    [multi_round_stacked_dilution] call failed (inst=2 run=3): Ollama generation failed: <urlopen error [Errno 61] Connection refused>
    [multi_round_stacked_dilution] call failed (inst=2 run=4): Ollama generation failed: <urlopen error [Errno 61] Connection refused>
    multi_round_stacked_dilution [gemma3:1b] █████████░░░░░░░░░░░ 45/100 (45%)
    [multi_round_stacked_dilution] call failed (inst=2 run=6): Ollama generation failed: <urlopen error [Errno 61] Connection refused>
    [multi_round_stacked_dilution] call failed (inst=2 run=7): Ollama generation failed: <urlopen error [Errno 61] Connection refused>
    [multi_round_stacked_dilution] call failed (inst=2 run=10): Ollama generation failed: <urlopen error [Errno 61] Connection refused>
    [multi_round_stacked_dilution] call failed (inst=2 run=8): Ollama generation failed: <urlopen error [Errno 61] Connection refused>
    [multi_round_stacked_dilution] call failed (inst=2 run=9): Ollama generation failed: <urlopen error [Errno 61] Connection refused>
    multi_round_stacked_dilution [gemma3:1b] ██████████░░░░░░░░░░ 50/100 (50%)
    [multi_round_stacked_dilution] call failed (inst=2 run=11): Ollama generation failed: <urlopen error [Errno 61] Connection refused>
    [multi_round_stacked_dilution] call failed (inst=2 run=13): Ollama generation failed: <urlopen error [Errno 61] Connection refused>
    [multi_round_stacked_dilution] call failed (inst=2 run=12): Ollama generation failed: <urlopen error [Errno 61] Connection refused>
    [multi_round_stacked_dilution] call failed (inst=2 run=14): Ollama generation failed: <urlopen error [Errno 61] Connection refused>    [multi_round_stacked_dilution] call failed (inst=2 run=15): Ollama generation failed: <urlopen error [Errno 61] Connection refused>
    multi_round_stacked_dilution [gemma3:1b] ███████████░░░░░░░░░ 55/100 (55%)

    [multi_round_stacked_dilution] call failed (inst=2 run=16): Ollama generation failed: <urlopen error [Errno 61] Connection refused>
    [multi_round_stacked_dilution] call failed (inst=2 run=17): Ollama generation failed: <urlopen error [Errno 61] Connection refused>
    [multi_round_stacked_dilution] call failed (inst=2 run=18): Ollama generation failed: <urlopen error [Errno 61] Connection refused>
    [multi_round_stacked_dilution] call failed (inst=2 run=19): Ollama generation failed: <urlopen error [Errno 61] Connection refused>
    multi_round_stacked_dilution [gemma3:1b] ████████████░░░░░░░░ 60/100 (60%)
    [multi_round_stacked_dilution] call failed (inst=3 run=1): Ollama generation failed: <urlopen error [Errno 61] Connection refused>    [multi_round_stacked_dilution] call failed (inst=3 run=0): Ollama generation failed: <urlopen error [Errno 61] Connection refused>

    [multi_round_stacked_dilution] call failed (inst=3 run=3): Ollama generation failed: <urlopen error [Errno 61] Connection refused>    [multi_round_stacked_dilution] call failed (inst=3 run=2): Ollama generation failed: <urlopen error [Errno 61] Connection refused>

    [multi_round_stacked_dilution] call failed (inst=3 run=5): Ollama generation failed: <urlopen error [Errno 61] Connection refused>
    multi_round_stacked_dilution [gemma3:1b] █████████████░░░░░░░ 65/100 (65%)
    [multi_round_stacked_dilution] call failed (inst=3 run=4): Ollama generation failed: <urlopen error [Errno 61] Connection refused>
    [multi_round_stacked_dilution] call failed (inst=3 run=7): Ollama generation failed: <urlopen error [Errno 61] Connection refused>
    [multi_round_stacked_dilution] call failed (inst=3 run=6): Ollama generation failed: <urlopen error [Errno 61] Connection refused>
    [multi_round_stacked_dilution] call failed (inst=3 run=8): Ollama generation failed: <urlopen error [Errno 61] Connection refused>
    [multi_round_stacked_dilution] call failed (inst=3 run=9): Ollama generation failed: <urlopen error [Errno 61] Connection refused>
    multi_round_stacked_dilution [gemma3:1b] ██████████████░░░░░░ 70/100 (70%)
    [multi_round_stacked_dilution] call failed (inst=3 run=10): Ollama generation failed: <urlopen error [Errno 61] Connection refused>
    [multi_round_stacked_dilution] call failed (inst=3 run=11): Ollama generation failed: <urlopen error [Errno 61] Connection refused>
    [multi_round_stacked_dilution] call failed (inst=3 run=12): Ollama generation failed: <urlopen error [Errno 61] Connection refused>
    [multi_round_stacked_dilution] call failed (inst=3 run=13): Ollama generation failed: <urlopen error [Errno 61] Connection refused>
    [multi_round_stacked_dilution] call failed (inst=3 run=15): Ollama generation failed: <urlopen error [Errno 61] Connection refused>
    multi_round_stacked_dilution [gemma3:1b] ███████████████░░░░░ 75/100 (75%)
    [multi_round_stacked_dilution] call failed (inst=3 run=16): Ollama generation failed: <urlopen error [Errno 61] Connection refused>
    [multi_round_stacked_dilution] call failed (inst=3 run=14): Ollama generation failed: <urlopen error [Errno 61] Connection refused>
    [multi_round_stacked_dilution] call failed (inst=3 run=17): Ollama generation failed: <urlopen error [Errno 61] Connection refused>
    [multi_round_stacked_dilution] call failed (inst=3 run=18): Ollama generation failed: <urlopen error [Errno 61] Connection refused>
    [multi_round_stacked_dilution] call failed (inst=4 run=1): Ollama generation failed: <urlopen error [Errno 61] Connection refused>
    [multi_round_stacked_dilution] call failed (inst=3 run=19): Ollama generation failed: <urlopen error [Errno 61] Connection refused>    multi_round_stacked_dilution [gemma3:1b] ████████████████░░░░ 80/100 (80%)

    [multi_round_stacked_dilution] call failed (inst=4 run=0): Ollama generation failed: <urlopen error [Errno 61] Connection refused>
    [multi_round_stacked_dilution] call failed (inst=4 run=2): Ollama generation failed: <urlopen error [Errno 61] Connection refused>
    [multi_round_stacked_dilution] call failed (inst=4 run=3): Ollama generation failed: <urlopen error [Errno 61] Connection refused>
    [multi_round_stacked_dilution] call failed (inst=4 run=6): Ollama generation failed: <urlopen error [Errno 61] Connection refused>
    multi_round_stacked_dilution [gemma3:1b] █████████████████░░░ 85/100 (85%)
    [multi_round_stacked_dilution] call failed (inst=4 run=5): Ollama generation failed: <urlopen error [Errno 61] Connection refused>
    [multi_round_stacked_dilution] call failed (inst=4 run=4): Ollama generation failed: <urlopen error [Errno 61] Connection refused>    [multi_round_stacked_dilution] call failed (inst=4 run=7): Ollama generation failed: <urlopen error [Errno 61] Connection refused>

    [multi_round_stacked_dilution] call failed (inst=4 run=8): Ollama generation failed: <urlopen error [Errno 61] Connection refused>
    [multi_round_stacked_dilution] call failed (inst=4 run=10): Ollama generation failed: <urlopen error [Errno 61] Connection refused>
    multi_round_stacked_dilution [gemma3:1b] ██████████████████░░ 90/100 (90%)
    [multi_round_stacked_dilution] call failed (inst=4 run=11): Ollama generation failed: <urlopen error [Errno 61] Connection refused>
    [multi_round_stacked_dilution] call failed (inst=4 run=9): Ollama generation failed: <urlopen error [Errno 61] Connection refused>    [multi_round_stacked_dilution] call failed (inst=4 run=12): Ollama generation failed: <urlopen error [Errno 61] Connection refused>

    [multi_round_stacked_dilution] call failed (inst=4 run=15): Ollama generation failed: <urlopen error [Errno 61] Connection refused>
    [multi_round_stacked_dilution] call failed (inst=4 run=13): Ollama generation failed: <urlopen error [Errno 61] Connection refused>
    [multi_round_stacked_dilution] call failed (inst=4 run=14): Ollama generation failed: <urlopen error [Errno 61] Connection refused>
    [multi_round_stacked_dilution] call failed (inst=4 run=16): Ollama generation failed: <urlopen error [Errno 61] Connection refused>
    multi_round_stacked_dilution [gemma3:1b] ███████████████████░ 95/100 (95%)
    [multi_round_stacked_dilution] call failed (inst=4 run=17): Ollama generation failed: <urlopen error [Errno 61] Connection refused>
    [multi_round_stacked_dilution] call failed (inst=4 run=18): Ollama generation failed: <urlopen error [Errno 61] Connection refused>
    [multi_round_stacked_dilution] call failed (inst=4 run=19): Ollama generation failed: <urlopen error [Errno 61] Connection refused>
    multi_round_stacked_dilution [gemma3:1b] ████████████████████ 100/100 (100%)
      multi_round_stacked_dilution: 100 empty responses dropped, refilling (attempt 4/3)
      multi_round_stacked_dilution: STILL SHORT after 3 refills -- this cell is incomplete and must not be reported as measured
    [liquidation_waterfall_payout] call failed (inst=0 run=3): Ollama generation failed: <urlopen error [Errno 61] Connection refused>
    [liquidation_waterfall_payout] call failed (inst=0 run=2): Ollama generation failed: <urlopen error [Errno 61] Connection refused>
    [liquidation_waterfall_payout] call failed (inst=0 run=0): Ollama generation failed: <urlopen error [Errno 61] Connection refused>
    [liquidation_waterfall_payout] call failed (inst=0 run=1): Ollama generation failed: <urlopen error [Errno 61] Connection refused>
    liquidation_waterfall_payout [gemma3:1b] █░░░░░░░░░░░░░░░░░░░ 4/80 (5%)
    [liquidation_waterfall_payout] call failed (inst=0 run=5): Ollama generation failed: <urlopen error [Errno 61] Connection refused>
    [liquidation_waterfall_payout] call failed (inst=0 run=6): Ollama generation failed: <urlopen error [Errno 61] Connection refused>
    [liquidation_waterfall_payout] call failed (inst=0 run=7): Ollama generation failed: <urlopen error [Errno 61] Connection refused>
    [liquidation_waterfall_payout] call failed (inst=0 run=4): Ollama generation failed: <urlopen error [Errno 61] Connection refused>
    liquidation_waterfall_payout [gemma3:1b] ██░░░░░░░░░░░░░░░░░░ 8/80 (10%)
    [liquidation_waterfall_payout] call failed (inst=0 run=8): Ollama generation failed: <urlopen error [Errno 61] Connection refused>
    [liquidation_waterfall_payout] call failed (inst=0 run=9): Ollama generation failed: <urlopen error [Errno 61] Connection refused>
    [liquidation_waterfall_payout] call failed (inst=0 run=11): Ollama generation failed: <urlopen error [Errno 61] Connection refused>    [liquidation_waterfall_payout] call failed (inst=0 run=10): Ollama generation failed: <urlopen error [Errno 61] Connection refused>

    [liquidation_waterfall_payout] call failed (inst=0 run=12): Ollama generation failed: <urlopen error [Errno 61] Connection refused>
    liquidation_waterfall_payout [gemma3:1b] ███░░░░░░░░░░░░░░░░░ 12/80 (15%)
    [liquidation_waterfall_payout] call failed (inst=0 run=13): Ollama generation failed: <urlopen error [Errno 61] Connection refused>
    [liquidation_waterfall_payout] call failed (inst=0 run=15): Ollama generation failed: <urlopen error [Errno 61] Connection refused>
    [liquidation_waterfall_payout] call failed (inst=0 run=14): Ollama generation failed: <urlopen error [Errno 61] Connection refused>    [liquidation_waterfall_payout] call failed (inst=0 run=16): Ollama generation failed: <urlopen error [Errno 61] Connection refused>

    [liquidation_waterfall_payout] call failed (inst=0 run=17): Ollama generation failed: <urlopen error [Errno 61] Connection refused>    liquidation_waterfall_payout [gemma3:1b] ████░░░░░░░░░░░░░░░░ 16/80 (20%)

    [liquidation_waterfall_payout] call failed (inst=0 run=18): Ollama generation failed: <urlopen error [Errno 61] Connection refused>
    [liquidation_waterfall_payout] call failed (inst=1 run=1): Ollama generation failed: <urlopen error [Errno 61] Connection refused>
    liquidation_waterfall_payout [gemma3:1b] █████░░░░░░░░░░░░░░░ 20/80 (25%)
    [liquidation_waterfall_payout] call failed (inst=1 run=2): Ollama generation failed: <urlopen error [Errno 61] Connection refused>
    [liquidation_waterfall_payout] call failed (inst=1 run=0): Ollama generation failed: <urlopen error [Errno 61] Connection refused>
    [liquidation_waterfall_payout] call failed (inst=0 run=19): Ollama generation failed: <urlopen error [Errno 61] Connection refused>
    [liquidation_waterfall_payout] call failed (inst=1 run=3): Ollama generation failed: <urlopen error [Errno 61] Connection refused>
    liquidation_waterfall_payout [gemma3:1b] ██████░░░░░░░░░░░░░░ 24/80 (30%)
    [liquidation_waterfall_payout] call failed (inst=1 run=6): Ollama generation failed: <urlopen error [Errno 61] Connection refused>
    [liquidation_waterfall_payout] call failed (inst=1 run=5): Ollama generation failed: <urlopen error [Errno 61] Connection refused>
    [liquidation_waterfall_payout] call failed (inst=1 run=4): Ollama generation failed: <urlopen error [Errno 61] Connection refused>
    [liquidation_waterfall_payout] call failed (inst=1 run=7): Ollama generation failed: <urlopen error [Errno 61] Connection refused>
    liquidation_waterfall_payout [gemma3:1b] ███████░░░░░░░░░░░░░ 28/80 (35%)
    [liquidation_waterfall_payout] call failed (inst=1 run=8): Ollama generation failed: <urlopen error [Errno 61] Connection refused>
    [liquidation_waterfall_payout] call failed (inst=1 run=10): Ollama generation failed: <urlopen error [Errno 61] Connection refused>
    [liquidation_waterfall_payout] call failed (inst=1 run=9): Ollama generation failed: <urlopen error [Errno 61] Connection refused>    [liquidation_waterfall_payout] call failed (inst=1 run=11): Ollama generation failed: <urlopen error [Errno 61] Connection refused>

    liquidation_waterfall_payout [gemma3:1b] ████████░░░░░░░░░░░░ 32/80 (40%)
    [liquidation_waterfall_payout] call failed (inst=1 run=13): Ollama generation failed: <urlopen error [Errno 61] Connection refused>
    [liquidation_waterfall_payout] call failed (inst=1 run=12): Ollama generation failed: <urlopen error [Errno 61] Connection refused>
    [liquidation_waterfall_payout] call failed (inst=1 run=14): Ollama generation failed: <urlopen error [Errno 61] Connection refused>    [liquidation_waterfall_payout] call failed (inst=1 run=15): Ollama generation failed: <urlopen error [Errno 61] Connection refused>

    liquidation_waterfall_payout [gemma3:1b] █████████░░░░░░░░░░░ 36/80 (45%)
    [liquidation_waterfall_payout] call failed (inst=1 run=16): Ollama generation failed: <urlopen error [Errno 61] Connection refused>
    [liquidation_waterfall_payout] call failed (inst=1 run=17): Ollama generation failed: <urlopen error [Errno 61] Connection refused>
    [liquidation_waterfall_payout] call failed (inst=1 run=19): Ollama generation failed: <urlopen error [Errno 61] Connection refused>
    [liquidation_waterfall_payout] call failed (inst=1 run=18): Ollama generation failed: <urlopen error [Errno 61] Connection refused>
    liquidation_waterfall_payout [gemma3:1b] ██████████░░░░░░░░░░ 40/80 (50%)
    [liquidation_waterfall_payout] call failed (inst=2 run=1): Ollama generation failed: <urlopen error [Errno 61] Connection refused>    [liquidation_waterfall_payout] call failed (inst=2 run=0): Ollama generation failed: <urlopen error [Errno 61] Connection refused>

    [liquidation_waterfall_payout] call failed (inst=2 run=2): Ollama generation failed: <urlopen error [Errno 61] Connection refused>
    [liquidation_waterfall_payout] call failed (inst=2 run=3): Ollama generation failed: <urlopen error [Errno 61] Connection refused>
    liquidation_waterfall_payout [gemma3:1b] ███████████░░░░░░░░░ 44/80 (55%)
    [liquidation_waterfall_payout] call failed (inst=2 run=4): Ollama generation failed: <urlopen error [Errno 61] Connection refused>
    [liquidation_waterfall_payout] call failed (inst=2 run=6): Ollama generation failed: <urlopen error [Errno 61] Connection refused>
    [liquidation_waterfall_payout] call failed (inst=2 run=5): Ollama generation failed: <urlopen error [Errno 61] Connection refused>
    [liquidation_waterfall_payout] call failed (inst=2 run=7): Ollama generation failed: <urlopen error [Errno 61] Connection refused>
    liquidation_waterfall_payout [gemma3:1b] ████████████░░░░░░░░ 48/80 (60%)
    [liquidation_waterfall_payout] call failed (inst=2 run=8): Ollama generation failed: <urlopen error [Errno 61] Connection refused>
    [liquidation_waterfall_payout] call failed (inst=2 run=10): Ollama generation failed: <urlopen error [Errno 61] Connection refused>
    [liquidation_waterfall_payout] call failed (inst=2 run=11): Ollama generation failed: <urlopen error [Errno 61] Connection refused>
    [liquidation_waterfall_payout] call failed (inst=2 run=12): Ollama generation failed: <urlopen error [Errno 61] Connection refused>
    [liquidation_waterfall_payout] call failed (inst=2 run=9): Ollama generation failed: <urlopen error [Errno 61] Connection refused>
    liquidation_waterfall_payout [gemma3:1b] █████████████░░░░░░░ 52/80 (65%)
    [liquidation_waterfall_payout] call failed (inst=2 run=16): Ollama generation failed: <urlopen error [Errno 61] Connection refused>
    [liquidation_waterfall_payout] call failed (inst=2 run=13): Ollama generation failed: <urlopen error [Errno 61] Connection refused>
    [liquidation_waterfall_payout] call failed (inst=2 run=14): Ollama generation failed: <urlopen error [Errno 61] Connection refused>    [liquidation_waterfall_payout] call failed (inst=2 run=15): Ollama generation failed: <urlopen error [Errno 61] Connection refused>

    liquidation_waterfall_payout [gemma3:1b] ██████████████░░░░░░ 56/80 (70%)
    [liquidation_waterfall_payout] call failed (inst=2 run=17): Ollama generation failed: <urlopen error [Errno 61] Connection refused>
    [liquidation_waterfall_payout] call failed (inst=2 run=18): Ollama generation failed: <urlopen error [Errno 61] Connection refused>
    [liquidation_waterfall_payout] call failed (inst=2 run=19): Ollama generation failed: <urlopen error [Errno 61] Connection refused>    [liquidation_waterfall_payout] call failed (inst=3 run=0): Ollama generation failed: <urlopen error [Errno 61] Connection refused>

    liquidation_waterfall_payout [gemma3:1b] ███████████████░░░░░ 60/80 (75%)
    [liquidation_waterfall_payout] call failed (inst=3 run=2): Ollama generation failed: <urlopen error [Errno 61] Connection refused>
    [liquidation_waterfall_payout] call failed (inst=3 run=1): Ollama generation failed: <urlopen error [Errno 61] Connection refused>
    [liquidation_waterfall_payout] call failed (inst=3 run=4): Ollama generation failed: <urlopen error [Errno 61] Connection refused>
    liquidation_waterfall_payout [gemma3:1b] ████████████████░░░░ 64/80 (80%)
    [liquidation_waterfall_payout] call failed (inst=3 run=3): Ollama generation failed: <urlopen error [Errno 61] Connection refused>
    [liquidation_waterfall_payout] call failed (inst=3 run=6): Ollama generation failed: <urlopen error [Errno 61] Connection refused>    [liquidation_waterfall_payout] call failed (inst=3 run=5): Ollama generation failed: <urlopen error [Errno 61] Connection refused>

    [liquidation_waterfall_payout] call failed (inst=3 run=7): Ollama generation failed: <urlopen error [Errno 61] Connection refused>
    liquidation_waterfall_payout [gemma3:1b] █████████████████░░░ 68/80 (85%)
    [liquidation_waterfall_payout] call failed (inst=3 run=8): Ollama generation failed: <urlopen error [Errno 61] Connection refused>
    [liquidation_waterfall_payout] call failed (inst=3 run=10): Ollama generation failed: <urlopen error [Errno 61] Connection refused>
    [liquidation_waterfall_payout] call failed (inst=3 run=9): Ollama generation failed: <urlopen error [Errno 61] Connection refused>
    [liquidation_waterfall_payout] call failed (inst=3 run=11): Ollama generation failed: <urlopen error [Errno 61] Connection refused>
    liquidation_waterfall_payout [gemma3:1b] ██████████████████░░ 72/80 (90%)
    [liquidation_waterfall_payout] call failed (inst=3 run=13): Ollama generation failed: <urlopen error [Errno 61] Connection refused>
    [liquidation_waterfall_payout] call failed (inst=3 run=12): Ollama generation failed: <urlopen error [Errno 61] Connection refused>
    [liquidation_waterfall_payout] call failed (inst=3 run=14): Ollama generation failed: <urlopen error [Errno 61] Connection refused>    [liquidation_waterfall_payout] call failed (inst=3 run=15): Ollama generation failed: <urlopen error [Errno 61] Connection refused>

    liquidation_waterfall_payout [gemma3:1b] ███████████████████░ 76/80 (95%)
    [liquidation_waterfall_payout] call failed (inst=3 run=17): Ollama generation failed: <urlopen error [Errno 61] Connection refused>
    [liquidation_waterfall_payout] call failed (inst=3 run=18): Ollama generation failed: <urlopen error [Errno 61] Connection refused>
    [liquidation_waterfall_payout] call failed (inst=3 run=16): Ollama generation failed: <urlopen error [Errno 61] Connection refused>
    [liquidation_waterfall_payout] call failed (inst=3 run=19): Ollama generation failed: <urlopen error [Errno 61] Connection refused>
    liquidation_waterfall_payout [gemma3:1b] ████████████████████ 80/80 (100%)
      liquidation_waterfall_payout: 80 empty responses dropped, refilling (attempt 1/3)
    [liquidation_waterfall_payout] call failed (inst=0 run=1): Ollama generation failed: <urlopen error [Errno 61] Connection refused>
    [liquidation_waterfall_payout] call failed (inst=0 run=3): Ollama generation failed: <urlopen error [Errno 61] Connection refused>    [liquidation_waterfall_payout] call failed (inst=0 run=2): Ollama generation failed: <urlopen error [Errno 61] Connection refused>

    [liquidation_waterfall_payout] call failed (inst=0 run=0): Ollama generation failed: <urlopen error [Errno 61] Connection refused>
    liquidation_waterfall_payout [gemma3:1b] █░░░░░░░░░░░░░░░░░░░ 4/80 (5%)
    [liquidation_waterfall_payout] call failed (inst=0 run=4): Ollama generation failed: <urlopen error [Errno 61] Connection refused>
    [liquidation_waterfall_payout] call failed (inst=0 run=6): Ollama generation failed: <urlopen error [Errno 61] Connection refused>
    [liquidation_waterfall_payout] call failed (inst=0 run=7): Ollama generation failed: <urlopen error [Errno 61] Connection refused>    [liquidation_waterfall_payout] call failed (inst=0 run=5): Ollama generation failed: <urlopen error [Errno 61] Connection refused>

    liquidation_waterfall_payout [gemma3:1b] ██░░░░░░░░░░░░░░░░░░ 8/80 (10%)
    [liquidation_waterfall_payout] call failed (inst=0 run=8): Ollama generation failed: <urlopen error [Errno 61] Connection refused>
    [liquidation_waterfall_payout] call failed (inst=0 run=9): Ollama generation failed: <urlopen error [Errno 61] Connection refused>
    [liquidation_waterfall_payout] call failed (inst=0 run=11): Ollama generation failed: <urlopen error [Errno 61] Connection refused>
    [liquidation_waterfall_payout] call failed (inst=0 run=10): Ollama generation failed: <urlopen error [Errno 61] Connection refused>    [liquidation_waterfall_payout] call failed (inst=0 run=12): Ollama generation failed: <urlopen error [Errno 61] Connection refused>

    liquidation_waterfall_payout [gemma3:1b] ███░░░░░░░░░░░░░░░░░ 12/80 (15%)
    [liquidation_waterfall_payout] call failed (inst=0 run=13): Ollama generation failed: <urlopen error [Errno 61] Connection refused>
    [liquidation_waterfall_payout] call failed (inst=0 run=16): Ollama generation failed: <urlopen error [Errno 61] Connection refused>
    [liquidation_waterfall_payout] call failed (inst=0 run=15): Ollama generation failed: <urlopen error [Errno 61] Connection refused>
    [liquidation_waterfall_payout] call failed (inst=0 run=14): Ollama generation failed: <urlopen error [Errno 61] Connection refused>    liquidation_waterfall_payout [gemma3:1b] ████░░░░░░░░░░░░░░░░ 16/80 (20%)    [liquidation_waterfall_payout] call failed (inst=0 run=17): Ollama generation failed: <urlopen error [Errno 61] Connection refused>


    [liquidation_waterfall_payout] call failed (inst=0 run=18): Ollama generation failed: <urlopen error [Errno 61] Connection refused>
    [liquidation_waterfall_payout] call failed (inst=0 run=19): Ollama generation failed: <urlopen error [Errno 61] Connection refused>
    liquidation_waterfall_payout [gemma3:1b] █████░░░░░░░░░░░░░░░ 20/80 (25%)
    [liquidation_waterfall_payout] call failed (inst=1 run=0): Ollama generation failed: <urlopen error [Errno 61] Connection refused>
    [liquidation_waterfall_payout] call failed (inst=1 run=2): Ollama generation failed: <urlopen error [Errno 61] Connection refused>
    [liquidation_waterfall_payout] call failed (inst=1 run=1): Ollama generation failed: <urlopen error [Errno 61] Connection refused>
    [liquidation_waterfall_payout] call failed (inst=1 run=3): Ollama generation failed: <urlopen error [Errno 61] Connection refused>
    liquidation_waterfall_payout [gemma3:1b] ██████░░░░░░░░░░░░░░ 24/80 (30%)
    [liquidation_waterfall_payout] call failed (inst=1 run=5): Ollama generation failed: <urlopen error [Errno 61] Connection refused>
    [liquidation_waterfall_payout] call failed (inst=1 run=6): Ollama generation failed: <urlopen error [Errno 61] Connection refused>
    [liquidation_waterfall_payout] call failed (inst=1 run=4): Ollama generation failed: <urlopen error [Errno 61] Connection refused>
    [liquidation_waterfall_payout] call failed (inst=1 run=7): Ollama generation failed: <urlopen error [Errno 61] Connection refused>
    liquidation_waterfall_payout [gemma3:1b] ███████░░░░░░░░░░░░░ 28/80 (35%)
    [liquidation_waterfall_payout] call failed (inst=1 run=8): Ollama generation failed: <urlopen error [Errno 61] Connection refused>
    [liquidation_waterfall_payout] call failed (inst=1 run=10): Ollama generation failed: <urlopen error [Errno 61] Connection refused>
    [liquidation_waterfall_payout] call failed (inst=1 run=11): Ollama generation failed: <urlopen error [Errno 61] Connection refused>
    [liquidation_waterfall_payout] call failed (inst=1 run=12): Ollama generation failed: <urlopen error [Errno 61] Connection refused>
    [liquidation_waterfall_payout] call failed (inst=1 run=13): Ollama generation failed: <urlopen error [Errno 61] Connection refused>
    [liquidation_waterfall_payout] call failed (inst=1 run=9): Ollama generation failed: <urlopen error [Errno 61] Connection refused>
    liquidation_waterfall_payout [gemma3:1b] ████████░░░░░░░░░░░░ 32/80 (40%)
    [liquidation_waterfall_payout] call failed (inst=1 run=14): Ollama generation failed: <urlopen error [Errno 61] Connection refused>
    [liquidation_waterfall_payout] call failed (inst=1 run=16): Ollama generation failed: <urlopen error [Errno 61] Connection refused>    [liquidation_waterfall_payout] call failed (inst=1 run=15): Ollama generation failed: <urlopen error [Errno 61] Connection refused>
    [liquidation_waterfall_payout] call failed (inst=1 run=17): Ollama generation failed: <urlopen error [Errno 61] Connection refused>    liquidation_waterfall_payout [gemma3:1b] █████████░░░░░░░░░░░ 36/80 (45%)


    [liquidation_waterfall_payout] call failed (inst=1 run=18): Ollama generation failed: <urlopen error [Errno 61] Connection refused>
    [liquidation_waterfall_payout] call failed (inst=1 run=19): Ollama generation failed: <urlopen error [Errno 61] Connection refused>
    liquidation_waterfall_payout [gemma3:1b] ██████████░░░░░░░░░░ 40/80 (50%)
    [liquidation_waterfall_payout] call failed (inst=2 run=0): Ollama generation failed: <urlopen error [Errno 61] Connection refused>
    [liquidation_waterfall_payout] call failed (inst=2 run=2): Ollama generation failed: <urlopen error [Errno 61] Connection refused>    [liquidation_waterfall_payout] call failed (inst=2 run=1): Ollama generation failed: <urlopen error [Errno 61] Connection refused>

    [liquidation_waterfall_payout] call failed (inst=2 run=3): Ollama generation failed: <urlopen error [Errno 61] Connection refused>
    liquidation_waterfall_payout [gemma3:1b] ███████████░░░░░░░░░ 44/80 (55%)
    [liquidation_waterfall_payout] call failed (inst=2 run=4): Ollama generation failed: <urlopen error [Errno 61] Connection refused>
    [liquidation_waterfall_payout] call failed (inst=2 run=5): Ollama generation failed: <urlopen error [Errno 61] Connection refused>    [liquidation_waterfall_payout] call failed (inst=2 run=6): Ollama generation failed: <urlopen error [Errno 61] Connection refused>

    [liquidation_waterfall_payout] call failed (inst=2 run=7): Ollama generation failed: <urlopen error [Errno 61] Connection refused>
    liquidation_waterfall_payout [gemma3:1b] ████████████░░░░░░░░ 48/80 (60%)
    [liquidation_waterfall_payout] call failed (inst=2 run=8): Ollama generation failed: <urlopen error [Errno 61] Connection refused>
    [liquidation_waterfall_payout] call failed (inst=2 run=10): Ollama generation failed: <urlopen error [Errno 61] Connection refused>
    [liquidation_waterfall_payout] call failed (inst=2 run=9): Ollama generation failed: <urlopen error [Errno 61] Connection refused>
    [liquidation_waterfall_payout] call failed (inst=2 run=11): Ollama generation failed: <urlopen error [Errno 61] Connection refused>
    liquidation_waterfall_payout [gemma3:1b] █████████████░░░░░░░ 52/80 (65%)
    [liquidation_waterfall_payout] call failed (inst=2 run=12): Ollama generation failed: <urlopen error [Errno 61] Connection refused>
    [liquidation_waterfall_payout] call failed (inst=2 run=13): Ollama generation failed: <urlopen error [Errno 61] Connection refused>
    [liquidation_waterfall_payout] call failed (inst=2 run=15): Ollama generation failed: <urlopen error [Errno 61] Connection refused>
    [liquidation_waterfall_payout] call failed (inst=2 run=14): Ollama generation failed: <urlopen error [Errno 61] Connection refused>
    [liquidation_waterfall_payout] call failed (inst=2 run=16): Ollama generation failed: <urlopen error [Errno 61] Connection refused>
    liquidation_waterfall_payout [gemma3:1b] ██████████████░░░░░░ 56/80 (70%)
    [liquidation_waterfall_payout] call failed (inst=2 run=17): Ollama generation failed: <urlopen error [Errno 61] Connection refused>
    [liquidation_waterfall_payout] call failed (inst=2 run=18): Ollama generation failed: <urlopen error [Errno 61] Connection refused>
    [liquidation_waterfall_payout] call failed (inst=3 run=0): Ollama generation failed: <urlopen error [Errno 61] Connection refused>
    liquidation_waterfall_payout [gemma3:1b] ███████████████░░░░░ 60/80 (75%)    [liquidation_waterfall_payout] call failed (inst=2 run=19): Ollama generation failed: <urlopen error [Errno 61] Connection refused>

    [liquidation_waterfall_payout] call failed (inst=3 run=1): Ollama generation failed: <urlopen error [Errno 61] Connection refused>
    [liquidation_waterfall_payout] call failed (inst=3 run=2): Ollama generation failed: <urlopen error [Errno 61] Connection refused>
    [liquidation_waterfall_payout] call failed (inst=3 run=3): Ollama generation failed: <urlopen error [Errno 61] Connection refused>
    liquidation_waterfall_payout [gemma3:1b] ████████████████░░░░ 64/80 (80%)
    [liquidation_waterfall_payout] call failed (inst=3 run=4): Ollama generation failed: <urlopen error [Errno 61] Connection refused>
    [liquidation_waterfall_payout] call failed (inst=3 run=5): Ollama generation failed: <urlopen error [Errno 61] Connection refused>
    [liquidation_waterfall_payout] call failed (inst=3 run=6): Ollama generation failed: <urlopen error [Errno 61] Connection refused>
    [liquidation_waterfall_payout] call failed (inst=3 run=7): Ollama generation failed: <urlopen error [Errno 61] Connection refused>
    liquidation_waterfall_payout [gemma3:1b] █████████████████░░░ 68/80 (85%)
    [liquidation_waterfall_payout] call failed (inst=3 run=8): Ollama generation failed: <urlopen error [Errno 61] Connection refused>
    [liquidation_waterfall_payout] call failed (inst=3 run=9): Ollama generation failed: <urlopen error [Errno 61] Connection refused>
    [liquidation_waterfall_payout] call failed (inst=3 run=10): Ollama generation failed: <urlopen error [Errno 61] Connection refused>
    [liquidation_waterfall_payout] call failed (inst=3 run=12): Ollama generation failed: <urlopen error [Errno 61] Connection refused>    [liquidation_waterfall_payout] call failed (inst=3 run=11): Ollama generation failed: <urlopen error [Errno 61] Connection refused>

    liquidation_waterfall_payout [gemma3:1b] ██████████████████░░ 72/80 (90%)
    [liquidation_waterfall_payout] call failed (inst=3 run=14): Ollama generation failed: <urlopen error [Errno 61] Connection refused>
    [liquidation_waterfall_payout] call failed (inst=3 run=13): Ollama generation failed: <urlopen error [Errno 61] Connection refused>
    [liquidation_waterfall_payout] call failed (inst=3 run=16): Ollama generation failed: <urlopen error [Errno 61] Connection refused>
    liquidation_waterfall_payout [gemma3:1b] ███████████████████░ 76/80 (95%)
    [liquidation_waterfall_payout] call failed (inst=3 run=15): Ollama generation failed: <urlopen error [Errno 61] Connection refused>
    [liquidation_waterfall_payout] call failed (inst=3 run=17): Ollama generation failed: <urlopen error [Errno 61] Connection refused>
    [liquidation_waterfall_payout] call failed (inst=3 run=18): Ollama generation failed: <urlopen error [Errno 61] Connection refused>
    [liquidation_waterfall_payout] call failed (inst=3 run=19): Ollama generation failed: <urlopen error [Errno 61] Connection refused>
    liquidation_waterfall_payout [gemma3:1b] ████████████████████ 80/80 (100%)
      liquidation_waterfall_payout: 80 empty responses dropped, refilling (attempt 2/3)
    [liquidation_waterfall_payout] call failed (inst=0 run=2): Ollama generation failed: <urlopen error [Errno 61] Connection refused>
    [liquidation_waterfall_payout] call failed (inst=0 run=1): Ollama generation failed: <urlopen error [Errno 61] Connection refused>
    [liquidation_waterfall_payout] call failed (inst=0 run=3): Ollama generation failed: <urlopen error [Errno 61] Connection refused>
    [liquidation_waterfall_payout] call failed (inst=0 run=0): Ollama generation failed: <urlopen error [Errno 61] Connection refused>
    liquidation_waterfall_payout [gemma3:1b] █░░░░░░░░░░░░░░░░░░░ 4/80 (5%)
    [liquidation_waterfall_payout] call failed (inst=0 run=4): Ollama generation failed: <urlopen error [Errno 61] Connection refused>
    [liquidation_waterfall_payout] call failed (inst=0 run=5): Ollama generation failed: <urlopen error [Errno 61] Connection refused>
    [liquidation_waterfall_payout] call failed (inst=0 run=6): Ollama generation failed: <urlopen error [Errno 61] Connection refused>
    [liquidation_waterfall_payout] call failed (inst=0 run=7): Ollama generation failed: <urlopen error [Errno 61] Connection refused>
    liquidation_waterfall_payout [gemma3:1b] ██░░░░░░░░░░░░░░░░░░ 8/80 (10%)
    [liquidation_waterfall_payout] call failed (inst=0 run=8): Ollama generation failed: <urlopen error [Errno 61] Connection refused>
    [liquidation_waterfall_payout] call failed (inst=0 run=9): Ollama generation failed: <urlopen error [Errno 61] Connection refused>
    [liquidation_waterfall_payout] call failed (inst=0 run=11): Ollama generation failed: <urlopen error [Errno 61] Connection refused>
    [liquidation_waterfall_payout] call failed (inst=0 run=10): Ollama generation failed: <urlopen error [Errno 61] Connection refused>
    liquidation_waterfall_payout [gemma3:1b] ███░░░░░░░░░░░░░░░░░ 12/80 (15%)
    [liquidation_waterfall_payout] call failed (inst=0 run=13): Ollama generation failed: <urlopen error [Errno 61] Connection refused>
    [liquidation_waterfall_payout] call failed (inst=0 run=12): Ollama generation failed: <urlopen error [Errno 61] Connection refused>    [liquidation_waterfall_payout] call failed (inst=0 run=14): Ollama generation failed: <urlopen error [Errno 61] Connection refused>
    [liquidation_waterfall_payout] call failed (inst=0 run=15): Ollama generation failed: <urlopen error [Errno 61] Connection refused>

    liquidation_waterfall_payout [gemma3:1b] ████░░░░░░░░░░░░░░░░ 16/80 (20%)
    [liquidation_waterfall_payout] call failed (inst=0 run=16): Ollama generation failed: <urlopen error [Errno 61] Connection refused>
    [liquidation_waterfall_payout] call failed (inst=0 run=19): Ollama generation failed: <urlopen error [Errno 61] Connection refused>
    [liquidation_waterfall_payout] call failed (inst=0 run=18): Ollama generation failed: <urlopen error [Errno 61] Connection refused>
    [liquidation_waterfall_payout] call failed (inst=0 run=17): Ollama generation failed: <urlopen error [Errno 61] Connection refused>
    liquidation_waterfall_payout [gemma3:1b] █████░░░░░░░░░░░░░░░ 20/80 (25%)    [liquidation_waterfall_payout] call failed (inst=1 run=0): Ollama generation failed: <urlopen error [Errno 61] Connection refused>

    [liquidation_waterfall_payout] call failed (inst=1 run=1): Ollama generation failed: <urlopen error [Errno 61] Connection refused>
    [liquidation_waterfall_payout] call failed (inst=1 run=2): Ollama generation failed: <urlopen error [Errno 61] Connection refused>
    [liquidation_waterfall_payout] call failed (inst=1 run=3): Ollama generation failed: <urlopen error [Errno 61] Connection refused>
    liquidation_waterfall_payout [gemma3:1b] ██████░░░░░░░░░░░░░░ 24/80 (30%)
    [liquidation_waterfall_payout] call failed (inst=1 run=4): Ollama generation failed: <urlopen error [Errno 61] Connection refused>
    [liquidation_waterfall_payout] call failed (inst=1 run=5): Ollama generation failed: <urlopen error [Errno 61] Connection refused>
    [liquidation_waterfall_payout] call failed (inst=1 run=6): Ollama generation failed: <urlopen error [Errno 61] Connection refused>
    [liquidation_waterfall_payout] call failed (inst=1 run=7): Ollama generation failed: <urlopen error [Errno 61] Connection refused>
    liquidation_waterfall_payout [gemma3:1b] ███████░░░░░░░░░░░░░ 28/80 (35%)
    [liquidation_waterfall_payout] call failed (inst=1 run=8): Ollama generation failed: <urlopen error [Errno 61] Connection refused>
    [liquidation_waterfall_payout] call failed (inst=1 run=10): Ollama generation failed: <urlopen error [Errno 61] Connection refused>    [liquidation_waterfall_payout] call failed (inst=1 run=9): Ollama generation failed: <urlopen error [Errno 61] Connection refused>

    [liquidation_waterfall_payout] call failed (inst=1 run=11): Ollama generation failed: <urlopen error [Errno 61] Connection refused>
    liquidation_waterfall_payout [gemma3:1b] ████████░░░░░░░░░░░░ 32/80 (40%)
    [liquidation_waterfall_payout] call failed (inst=1 run=12): Ollama generation failed: <urlopen error [Errno 61] Connection refused>
    [liquidation_waterfall_payout] call failed (inst=1 run=13): Ollama generation failed: <urlopen error [Errno 61] Connection refused>
    [liquidation_waterfall_payout] call failed (inst=1 run=14): Ollama generation failed: <urlopen error [Errno 61] Connection refused>
    [liquidation_waterfall_payout] call failed (inst=1 run=15): Ollama generation failed: <urlopen error [Errno 61] Connection refused>
    liquidation_waterfall_payout [gemma3:1b] █████████░░░░░░░░░░░ 36/80 (45%)
    [liquidation_waterfall_payout] call failed (inst=1 run=16): Ollama generation failed: <urlopen error [Errno 61] Connection refused>
    [liquidation_waterfall_payout] call failed (inst=1 run=17): Ollama generation failed: <urlopen error [Errno 61] Connection refused>
    [liquidation_waterfall_payout] call failed (inst=1 run=18): Ollama generation failed: <urlopen error [Errno 61] Connection refused>
    [liquidation_waterfall_payout] call failed (inst=1 run=19): Ollama generation failed: <urlopen error [Errno 61] Connection refused>
    liquidation_waterfall_payout [gemma3:1b] ██████████░░░░░░░░░░ 40/80 (50%)
    [liquidation_waterfall_payout] call failed (inst=2 run=0): Ollama generation failed: <urlopen error [Errno 61] Connection refused>
    [liquidation_waterfall_payout] call failed (inst=2 run=2): Ollama generation failed: <urlopen error [Errno 61] Connection refused>    [liquidation_waterfall_payout] call failed (inst=2 run=1): Ollama generation failed: <urlopen error [Errno 61] Connection refused>    [liquidation_waterfall_payout] call failed (inst=2 run=3): Ollama generation failed: <urlopen error [Errno 61] Connection refused>


    liquidation_waterfall_payout [gemma3:1b] ███████████░░░░░░░░░ 44/80 (55%)    [liquidation_waterfall_payout] call failed (inst=2 run=4): Ollama generation failed: <urlopen error [Errno 61] Connection refused>

    [liquidation_waterfall_payout] call failed (inst=2 run=8): Ollama generation failed: <urlopen error [Errno 61] Connection refused>
    [liquidation_waterfall_payout] call failed (inst=2 run=7): Ollama generation failed: <urlopen error [Errno 61] Connection refused>
    [liquidation_waterfall_payout] call failed (inst=2 run=6): Ollama generation failed: <urlopen error [Errno 61] Connection refused>    [liquidation_waterfall_payout] call failed (inst=2 run=5): Ollama generation failed: <urlopen error [Errno 61] Connection refused>

    liquidation_waterfall_payout [gemma3:1b] ████████████░░░░░░░░ 48/80 (60%)
    [liquidation_waterfall_payout] call failed (inst=2 run=9): Ollama generation failed: <urlopen error [Errno 61] Connection refused>
    [liquidation_waterfall_payout] call failed (inst=2 run=13): Ollama generation failed: <urlopen error [Errno 61] Connection refused>
    [liquidation_waterfall_payout] call failed (inst=2 run=11): Ollama generation failed: <urlopen error [Errno 61] Connection refused>    [liquidation_waterfall_payout] call failed (inst=2 run=10): Ollama generation failed: <urlopen error [Errno 61] Connection refused>
    [liquidation_waterfall_payout] call failed (inst=2 run=12): Ollama generation failed: <urlopen error [Errno 61] Connection refused>

    liquidation_waterfall_payout [gemma3:1b] █████████████░░░░░░░ 52/80 (65%)
    [liquidation_waterfall_payout] call failed (inst=2 run=15): Ollama generation failed: <urlopen error [Errno 61] Connection refused>
    [liquidation_waterfall_payout] call failed (inst=2 run=16): Ollama generation failed: <urlopen error [Errno 61] Connection refused>
    [liquidation_waterfall_payout] call failed (inst=2 run=17): Ollama generation failed: <urlopen error [Errno 61] Connection refused>    [liquidation_waterfall_payout] call failed (inst=2 run=14): Ollama generation failed: <urlopen error [Errno 61] Connection refused>    liquidation_waterfall_payout [gemma3:1b] ██████████████░░░░░░ 56/80 (70%)


    [liquidation_waterfall_payout] call failed (inst=2 run=18): Ollama generation failed: <urlopen error [Errno 61] Connection refused>
    [liquidation_waterfall_payout] call failed (inst=3 run=1): Ollama generation failed: <urlopen error [Errno 61] Connection refused>
    liquidation_waterfall_payout [gemma3:1b] ███████████████░░░░░ 60/80 (75%)
    [liquidation_waterfall_payout] call failed (inst=3 run=0): Ollama generation failed: <urlopen error [Errno 61] Connection refused>    [liquidation_waterfall_payout] call failed (inst=2 run=19): Ollama generation failed: <urlopen error [Errno 61] Connection refused>

    [liquidation_waterfall_payout] call failed (inst=3 run=2): Ollama generation failed: <urlopen error [Errno 61] Connection refused>
    [liquidation_waterfall_payout] call failed (inst=3 run=3): Ollama generation failed: <urlopen error [Errno 61] Connection refused>
    liquidation_waterfall_payout [gemma3:1b] ████████████████░░░░ 64/80 (80%)    [liquidation_waterfall_payout] call failed (inst=3 run=4): Ollama generation failed: <urlopen error [Errno 61] Connection refused>

    [liquidation_waterfall_payout] call failed (inst=3 run=6): Ollama generation failed: <urlopen error [Errno 61] Connection refused>    [liquidation_waterfall_payout] call failed (inst=3 run=5): Ollama generation failed: <urlopen error [Errno 61] Connection refused>

    [liquidation_waterfall_payout] call failed (inst=3 run=8): Ollama generation failed: <urlopen error [Errno 61] Connection refused>
    liquidation_waterfall_payout [gemma3:1b] █████████████████░░░ 68/80 (85%)    [liquidation_waterfall_payout] call failed (inst=3 run=9): Ollama generation failed: <urlopen error [Errno 61] Connection refused>

    [liquidation_waterfall_payout] call failed (inst=3 run=7): Ollama generation failed: <urlopen error [Errno 61] Connection refused>
    [liquidation_waterfall_payout] call failed (inst=3 run=10): Ollama generation failed: <urlopen error [Errno 61] Connection refused>
    [liquidation_waterfall_payout] call failed (inst=3 run=13): Ollama generation failed: <urlopen error [Errno 61] Connection refused>
    liquidation_waterfall_payout [gemma3:1b] ██████████████████░░ 72/80 (90%)
    [liquidation_waterfall_payout] call failed (inst=3 run=14): Ollama generation failed: <urlopen error [Errno 61] Connection refused>
    [liquidation_waterfall_payout] call failed (inst=3 run=12): Ollama generation failed: <urlopen error [Errno 61] Connection refused>    [liquidation_waterfall_payout] call failed (inst=3 run=11): Ollama generation failed: <urlopen error [Errno 61] Connection refused>

    [liquidation_waterfall_payout] call failed (inst=3 run=15): Ollama generation failed: <urlopen error [Errno 61] Connection refused>
    liquidation_waterfall_payout [gemma3:1b] ███████████████████░ 76/80 (95%)
    [liquidation_waterfall_payout] call failed (inst=3 run=17): Ollama generation failed: <urlopen error [Errno 61] Connection refused>
    [liquidation_waterfall_payout] call failed (inst=3 run=18): Ollama generation failed: <urlopen error [Errno 61] Connection refused>
    [liquidation_waterfall_payout] call failed (inst=3 run=16): Ollama generation failed: <urlopen error [Errno 61] Connection refused>
    [liquidation_waterfall_payout] call failed (inst=3 run=19): Ollama generation failed: <urlopen error [Errno 61] Connection refused>
    liquidation_waterfall_payout [gemma3:1b] ████████████████████ 80/80 (100%)
      liquidation_waterfall_payout: 80 empty responses dropped, refilling (attempt 3/3)
    [liquidation_waterfall_payout] call failed (inst=0 run=3): Ollama generation failed: <urlopen error [Errno 61] Connection refused>
    [liquidation_waterfall_payout] call failed (inst=0 run=0): Ollama generation failed: <urlopen error [Errno 61] Connection refused>
    [liquidation_waterfall_payout] call failed (inst=0 run=1): Ollama generation failed: <urlopen error [Errno 61] Connection refused>    [liquidation_waterfall_payout] call failed (inst=0 run=2): Ollama generation failed: <urlopen error [Errno 61] Connection refused>

    liquidation_waterfall_payout [gemma3:1b] █░░░░░░░░░░░░░░░░░░░ 4/80 (5%)
    [liquidation_waterfall_payout] call failed (inst=0 run=4): Ollama generation failed: <urlopen error [Errno 61] Connection refused>
    [liquidation_waterfall_payout] call failed (inst=0 run=6): Ollama generation failed: <urlopen error [Errno 61] Connection refused>
    [liquidation_waterfall_payout] call failed (inst=0 run=7): Ollama generation failed: <urlopen error [Errno 61] Connection refused>    [liquidation_waterfall_payout] call failed (inst=0 run=5): Ollama generation failed: <urlopen error [Errno 61] Connection refused>

    [liquidation_waterfall_payout] call failed (inst=0 run=8): Ollama generation failed: <urlopen error [Errno 61] Connection refused>
    liquidation_waterfall_payout [gemma3:1b] ██░░░░░░░░░░░░░░░░░░ 8/80 (10%)
    [liquidation_waterfall_payout] call failed (inst=0 run=12): Ollama generation failed: <urlopen error [Errno 61] Connection refused>
    [liquidation_waterfall_payout] call failed (inst=0 run=9): Ollama generation failed: <urlopen error [Errno 61] Connection refused>
    [liquidation_waterfall_payout] call failed (inst=0 run=10): Ollama generation failed: <urlopen error [Errno 61] Connection refused>
    [liquidation_waterfall_payout] call failed (inst=0 run=11): Ollama generation failed: <urlopen error [Errno 61] Connection refused>
    liquidation_waterfall_payout [gemma3:1b] ███░░░░░░░░░░░░░░░░░ 12/80 (15%)
    [liquidation_waterfall_payout] call failed (inst=0 run=16): Ollama generation failed: <urlopen error [Errno 61] Connection refused>
    [liquidation_waterfall_payout] call failed (inst=0 run=13): Ollama generation failed: <urlopen error [Errno 61] Connection refused>    [liquidation_waterfall_payout] call failed (inst=0 run=14): Ollama generation failed: <urlopen error [Errno 61] Connection refused>    [liquidation_waterfall_payout] call failed (inst=0 run=15): Ollama generation failed: <urlopen error [Errno 61] Connection refused>


    liquidation_waterfall_payout [gemma3:1b] ████░░░░░░░░░░░░░░░░ 16/80 (20%)
    [liquidation_waterfall_payout] call failed (inst=0 run=18): Ollama generation failed: <urlopen error [Errno 61] Connection refused>
    [liquidation_waterfall_payout] call failed (inst=0 run=19): Ollama generation failed: <urlopen error [Errno 61] Connection refused>
    [liquidation_waterfall_payout] call failed (inst=0 run=17): Ollama generation failed: <urlopen error [Errno 61] Connection refused>
    [liquidation_waterfall_payout] call failed (inst=1 run=0): Ollama generation failed: <urlopen error [Errno 61] Connection refused>
    liquidation_waterfall_payout [gemma3:1b] █████░░░░░░░░░░░░░░░ 20/80 (25%)
    [liquidation_waterfall_payout] call failed (inst=1 run=1): Ollama generation failed: <urlopen error [Errno 61] Connection refused>
    [liquidation_waterfall_payout] call failed (inst=1 run=4): Ollama generation failed: <urlopen error [Errno 61] Connection refused>
    [liquidation_waterfall_payout] call failed (inst=1 run=2): Ollama generation failed: <urlopen error [Errno 61] Connection refused>    [liquidation_waterfall_payout] call failed (inst=1 run=3): Ollama generation failed: <urlopen error [Errno 61] Connection refused>

    liquidation_waterfall_payout [gemma3:1b] ██████░░░░░░░░░░░░░░ 24/80 (30%)
    [liquidation_waterfall_payout] call failed (inst=1 run=5): Ollama generation failed: <urlopen error [Errno 61] Connection refused>
    [liquidation_waterfall_payout] call failed (inst=1 run=6): Ollama generation failed: <urlopen error [Errno 61] Connection refused>
    [liquidation_waterfall_payout] call failed (inst=1 run=8): Ollama generation failed: <urlopen error [Errno 61] Connection refused>
    [liquidation_waterfall_payout] call failed (inst=1 run=9): Ollama generation failed: <urlopen error [Errno 61] Connection refused>
    [liquidation_waterfall_payout] call failed (inst=1 run=7): Ollama generation failed: <urlopen error [Errno 61] Connection refused>    liquidation_waterfall_payout [gemma3:1b] ███████░░░░░░░░░░░░░ 28/80 (35%)

    [liquidation_waterfall_payout] call failed (inst=1 run=10): Ollama generation failed: <urlopen error [Errno 61] Connection refused>
    [liquidation_waterfall_payout] call failed (inst=1 run=11): Ollama generation failed: <urlopen error [Errno 61] Connection refused>
    liquidation_waterfall_payout [gemma3:1b] ████████░░░░░░░░░░░░ 32/80 (40%)
    [liquidation_waterfall_payout] call failed (inst=1 run=12): Ollama generation failed: <urlopen error [Errno 61] Connection refused>    [liquidation_waterfall_payout] call failed (inst=1 run=13): Ollama generation failed: <urlopen error [Errno 61] Connection refused>

    [liquidation_waterfall_payout] call failed (inst=1 run=14): Ollama generation failed: <urlopen error [Errno 61] Connection refused>
    [liquidation_waterfall_payout] call failed (inst=1 run=15): Ollama generation failed: <urlopen error [Errno 61] Connection refused>
    liquidation_waterfall_payout [gemma3:1b] █████████░░░░░░░░░░░ 36/80 (45%)
    [liquidation_waterfall_payout] call failed (inst=1 run=16): Ollama generation failed: <urlopen error [Errno 61] Connection refused>
    [liquidation_waterfall_payout] call failed (inst=1 run=17): Ollama generation failed: <urlopen error [Errno 61] Connection refused>
    [liquidation_waterfall_payout] call failed (inst=1 run=18): Ollama generation failed: <urlopen error [Errno 61] Connection refused>
    [liquidation_waterfall_payout] call failed (inst=1 run=19): Ollama generation failed: <urlopen error [Errno 61] Connection refused>
    liquidation_waterfall_payout [gemma3:1b] ██████████░░░░░░░░░░ 40/80 (50%)
    [liquidation_waterfall_payout] call failed (inst=2 run=0): Ollama generation failed: <urlopen error [Errno 61] Connection refused>
    [liquidation_waterfall_payout] call failed (inst=2 run=1): Ollama generation failed: <urlopen error [Errno 61] Connection refused>
    [liquidation_waterfall_payout] call failed (inst=2 run=2): Ollama generation failed: <urlopen error [Errno 61] Connection refused>
    [liquidation_waterfall_payout] call failed (inst=2 run=4): Ollama generation failed: <urlopen error [Errno 61] Connection refused>
    [liquidation_waterfall_payout] call failed (inst=2 run=3): Ollama generation failed: <urlopen error [Errno 61] Connection refused>    [liquidation_waterfall_payout] call failed (inst=2 run=5): Ollama generation failed: <urlopen error [Errno 61] Connection refused>

    liquidation_waterfall_payout [gemma3:1b] ███████████░░░░░░░░░ 44/80 (55%)
    [liquidation_waterfall_payout] call failed (inst=2 run=7): Ollama generation failed: <urlopen error [Errno 61] Connection refused>
    [liquidation_waterfall_payout] call failed (inst=2 run=8): Ollama generation failed: <urlopen error [Errno 61] Connection refused>
    [liquidation_waterfall_payout] call failed (inst=2 run=6): Ollama generation failed: <urlopen error [Errno 61] Connection refused>
    [liquidation_waterfall_payout] call failed (inst=2 run=9): Ollama generation failed: <urlopen error [Errno 61] Connection refused>
    liquidation_waterfall_payout [gemma3:1b] ████████████░░░░░░░░ 48/80 (60%)
    [liquidation_waterfall_payout] call failed (inst=2 run=12): Ollama generation failed: <urlopen error [Errno 61] Connection refused>
    [liquidation_waterfall_payout] call failed (inst=2 run=11): Ollama generation failed: <urlopen error [Errno 61] Connection refused>    [liquidation_waterfall_payout] call failed (inst=2 run=13): Ollama generation failed: <urlopen error [Errno 61] Connection refused>

    [liquidation_waterfall_payout] call failed (inst=2 run=10): Ollama generation failed: <urlopen error [Errno 61] Connection refused>    liquidation_waterfall_payout [gemma3:1b] █████████████░░░░░░░ 52/80 (65%)

    [liquidation_waterfall_payout] call failed (inst=2 run=14): Ollama generation failed: <urlopen error [Errno 61] Connection refused>
    [liquidation_waterfall_payout] call failed (inst=2 run=18): Ollama generation failed: <urlopen error [Errno 61] Connection refused>
    liquidation_waterfall_payout [gemma3:1b] ██████████████░░░░░░ 56/80 (70%)    [liquidation_waterfall_payout] call failed (inst=2 run=17): Ollama generation failed: <urlopen error [Errno 61] Connection refused>

    [liquidation_waterfall_payout] call failed (inst=2 run=16): Ollama generation failed: <urlopen error [Errno 61] Connection refused>
    [liquidation_waterfall_payout] call failed (inst=2 run=15): Ollama generation failed: <urlopen error [Errno 61] Connection refused>
    [liquidation_waterfall_payout] call failed (inst=3 run=0): Ollama generation failed: <urlopen error [Errno 61] Connection refused>
    liquidation_waterfall_payout [gemma3:1b] ███████████████░░░░░ 60/80 (75%)
    [liquidation_waterfall_payout] call failed (inst=3 run=1): Ollama generation failed: <urlopen error [Errno 61] Connection refused>
    [liquidation_waterfall_payout] call failed (inst=3 run=2): Ollama generation failed: <urlopen error [Errno 61] Connection refused>
    [liquidation_waterfall_payout] call failed (inst=2 run=19): Ollama generation failed: <urlopen error [Errno 61] Connection refused>
    [liquidation_waterfall_payout] call failed (inst=3 run=3): Ollama generation failed: <urlopen error [Errno 61] Connection refused>
    liquidation_waterfall_payout [gemma3:1b] ████████████████░░░░ 64/80 (80%)
    [liquidation_waterfall_payout] call failed (inst=3 run=6): Ollama generation failed: <urlopen error [Errno 61] Connection refused>
    [liquidation_waterfall_payout] call failed (inst=3 run=5): Ollama generation failed: <urlopen error [Errno 61] Connection refused>
    [liquidation_waterfall_payout] call failed (inst=3 run=4): Ollama generation failed: <urlopen error [Errno 61] Connection refused>
    [liquidation_waterfall_payout] call failed (inst=3 run=8): Ollama generation failed: <urlopen error [Errno 61] Connection refused>
    liquidation_waterfall_payout [gemma3:1b] █████████████████░░░ 68/80 (85%)
    [liquidation_waterfall_payout] call failed (inst=3 run=9): Ollama generation failed: <urlopen error [Errno 61] Connection refused>
    [liquidation_waterfall_payout] call failed (inst=3 run=7): Ollama generation failed: <urlopen error [Errno 61] Connection refused>
    [liquidation_waterfall_payout] call failed (inst=3 run=10): Ollama generation failed: <urlopen error [Errno 61] Connection refused>
    [liquidation_waterfall_payout] call failed (inst=3 run=11): Ollama generation failed: <urlopen error [Errno 61] Connection refused>
    liquidation_waterfall_payout [gemma3:1b] ██████████████████░░ 72/80 (90%)
    [liquidation_waterfall_payout] call failed (inst=3 run=12): Ollama generation failed: <urlopen error [Errno 61] Connection refused>
    [liquidation_waterfall_payout] call failed (inst=3 run=14): Ollama generation failed: <urlopen error [Errno 61] Connection refused>
    [liquidation_waterfall_payout] call failed (inst=3 run=13): Ollama generation failed: <urlopen error [Errno 61] Connection refused>
    [liquidation_waterfall_payout] call failed (inst=3 run=16): Ollama generation failed: <urlopen error [Errno 61] Connection refused>
    liquidation_waterfall_payout [gemma3:1b] ███████████████████░ 76/80 (95%)
    [liquidation_waterfall_payout] call failed (inst=3 run=15): Ollama generation failed: <urlopen error [Errno 61] Connection refused>
    [liquidation_waterfall_payout] call failed (inst=3 run=18): Ollama generation failed: <urlopen error [Errno 61] Connection refused>
    [liquidation_waterfall_payout] call failed (inst=3 run=17): Ollama generation failed: <urlopen error [Errno 61] Connection refused>
    [liquidation_waterfall_payout] call failed (inst=3 run=19): Ollama generation failed: <urlopen error [Errno 61] Connection refused>
    liquidation_waterfall_payout [gemma3:1b] ████████████████████ 80/80 (100%)
      liquidation_waterfall_payout: 80 empty responses dropped, refilling (attempt 4/3)
      liquidation_waterfall_payout: STILL SHORT after 3 refills -- this cell is incomplete and must not be reported as measured
    [convert_vs_preference_decision] call failed (inst=0 run=1): Ollama generation failed: <urlopen error [Errno 61] Connection refused>
    [convert_vs_preference_decision] call failed (inst=0 run=3): Ollama generation failed: <urlopen error [Errno 61] Connection refused>
    [convert_vs_preference_decision] call failed (inst=0 run=0): Ollama generation failed: <urlopen error [Errno 61] Connection refused>    [convert_vs_preference_decision] call failed (inst=0 run=2): Ollama generation failed: <urlopen error [Errno 61] Connection refused>

    convert_vs_preference_decision [gemma3:1b] █░░░░░░░░░░░░░░░░░░░ 2/40 (5%)
    convert_vs_preference_decision [gemma3:1b] ██░░░░░░░░░░░░░░░░░░ 4/40 (10%)
    [convert_vs_preference_decision] call failed (inst=0 run=4): Ollama generation failed: <urlopen error [Errno 61] Connection refused>
    [convert_vs_preference_decision] call failed (inst=0 run=5): Ollama generation failed: <urlopen error [Errno 61] Connection refused>
    convert_vs_preference_decision [gemma3:1b] ███░░░░░░░░░░░░░░░░░ 6/40 (15%)
    [convert_vs_preference_decision] call failed (inst=0 run=6): Ollama generation failed: <urlopen error [Errno 61] Connection refused>
    [convert_vs_preference_decision] call failed (inst=0 run=7): Ollama generation failed: <urlopen error [Errno 61] Connection refused>
    convert_vs_preference_decision [gemma3:1b] ████░░░░░░░░░░░░░░░░ 8/40 (20%)
    [convert_vs_preference_decision] call failed (inst=0 run=8): Ollama generation failed: <urlopen error [Errno 61] Connection refused>
    [convert_vs_preference_decision] call failed (inst=0 run=9): Ollama generation failed: <urlopen error [Errno 61] Connection refused>
    convert_vs_preference_decision [gemma3:1b] █████░░░░░░░░░░░░░░░ 10/40 (25%)
    [convert_vs_preference_decision] call failed (inst=0 run=10): Ollama generation failed: <urlopen error [Errno 61] Connection refused>
    [convert_vs_preference_decision] call failed (inst=0 run=11): Ollama generation failed: <urlopen error [Errno 61] Connection refused>
    convert_vs_preference_decision [gemma3:1b] ██████░░░░░░░░░░░░░░ 12/40 (30%)
    [convert_vs_preference_decision] call failed (inst=0 run=13): Ollama generation failed: <urlopen error [Errno 61] Connection refused>
    [convert_vs_preference_decision] call failed (inst=0 run=12): Ollama generation failed: <urlopen error [Errno 61] Connection refused>
    convert_vs_preference_decision [gemma3:1b] ███████░░░░░░░░░░░░░ 14/40 (35%)
    [convert_vs_preference_decision] call failed (inst=0 run=14): Ollama generation failed: <urlopen error [Errno 61] Connection refused>
    [convert_vs_preference_decision] call failed (inst=0 run=15): Ollama generation failed: <urlopen error [Errno 61] Connection refused>
    convert_vs_preference_decision [gemma3:1b] ████████░░░░░░░░░░░░ 16/40 (40%)
    [convert_vs_preference_decision] call failed (inst=0 run=17): Ollama generation failed: <urlopen error [Errno 61] Connection refused>
    [convert_vs_preference_decision] call failed (inst=0 run=16): Ollama generation failed: <urlopen error [Errno 61] Connection refused>
    convert_vs_preference_decision [gemma3:1b] █████████░░░░░░░░░░░ 18/40 (45%)
    [convert_vs_preference_decision] call failed (inst=0 run=18): Ollama generation failed: <urlopen error [Errno 61] Connection refused>
    [convert_vs_preference_decision] call failed (inst=0 run=19): Ollama generation failed: <urlopen error [Errno 61] Connection refused>
    convert_vs_preference_decision [gemma3:1b] ██████████░░░░░░░░░░ 20/40 (50%)
    [convert_vs_preference_decision] call failed (inst=1 run=0): Ollama generation failed: <urlopen error [Errno 61] Connection refused>
    [convert_vs_preference_decision] call failed (inst=1 run=1): Ollama generation failed: <urlopen error [Errno 61] Connection refused>
    convert_vs_preference_decision [gemma3:1b] ███████████░░░░░░░░░ 22/40 (55%)
    [convert_vs_preference_decision] call failed (inst=1 run=2): Ollama generation failed: <urlopen error [Errno 61] Connection refused>
    [convert_vs_preference_decision] call failed (inst=1 run=3): Ollama generation failed: <urlopen error [Errno 61] Connection refused>
    convert_vs_preference_decision [gemma3:1b] ████████████░░░░░░░░ 24/40 (60%)
    [convert_vs_preference_decision] call failed (inst=1 run=5): Ollama generation failed: <urlopen error [Errno 61] Connection refused>
    [convert_vs_preference_decision] call failed (inst=1 run=6): Ollama generation failed: <urlopen error [Errno 61] Connection refused>    [convert_vs_preference_decision] call failed (inst=1 run=4): Ollama generation failed: <urlopen error [Errno 61] Connection refused>

    convert_vs_preference_decision [gemma3:1b] █████████████░░░░░░░ 26/40 (65%)
    [convert_vs_preference_decision] call failed (inst=1 run=7): Ollama generation failed: <urlopen error [Errno 61] Connection refused>
    convert_vs_preference_decision [gemma3:1b] ██████████████░░░░░░ 28/40 (70%)
    [convert_vs_preference_decision] call failed (inst=1 run=8): Ollama generation failed: <urlopen error [Errno 61] Connection refused>
    [convert_vs_preference_decision] call failed (inst=1 run=10): Ollama generation failed: <urlopen error [Errno 61] Connection refused>
    convert_vs_preference_decision [gemma3:1b] ███████████████░░░░░ 30/40 (75%)
    [convert_vs_preference_decision] call failed (inst=1 run=9): Ollama generation failed: <urlopen error [Errno 61] Connection refused>
    [convert_vs_preference_decision] call failed (inst=1 run=11): Ollama generation failed: <urlopen error [Errno 61] Connection refused>
    convert_vs_preference_decision [gemma3:1b] ████████████████░░░░ 32/40 (80%)
    [convert_vs_preference_decision] call failed (inst=1 run=12): Ollama generation failed: <urlopen error [Errno 61] Connection refused>
    [convert_vs_preference_decision] call failed (inst=1 run=13): Ollama generation failed: <urlopen error [Errno 61] Connection refused>
    convert_vs_preference_decision [gemma3:1b] █████████████████░░░ 34/40 (85%)
    [convert_vs_preference_decision] call failed (inst=1 run=14): Ollama generation failed: <urlopen error [Errno 61] Connection refused>
    [convert_vs_preference_decision] call failed (inst=1 run=16): Ollama generation failed: <urlopen error [Errno 61] Connection refused>
    convert_vs_preference_decision [gemma3:1b] ██████████████████░░ 36/40 (90%)
    [convert_vs_preference_decision] call failed (inst=1 run=15): Ollama generation failed: <urlopen error [Errno 61] Connection refused>
    [convert_vs_preference_decision] call failed (inst=1 run=17): Ollama generation failed: <urlopen error [Errno 61] Connection refused>
    [convert_vs_preference_decision] call failed (inst=1 run=18): Ollama generation failed: <urlopen error [Errno 61] Connection refused>
    convert_vs_preference_decision [gemma3:1b] ███████████████████░ 38/40 (95%)
    [convert_vs_preference_decision] call failed (inst=1 run=19): Ollama generation failed: <urlopen error [Errno 61] Connection refused>
    convert_vs_preference_decision [gemma3:1b] ████████████████████ 40/40 (100%)
      convert_vs_preference_decision: 40 empty responses dropped, refilling (attempt 1/3)
    [convert_vs_preference_decision] call failed (inst=0 run=1): Ollama generation failed: <urlopen error [Errno 61] Connection refused>
    [convert_vs_preference_decision] call failed (inst=0 run=3): Ollama generation failed: <urlopen error [Errno 61] Connection refused>
    convert_vs_preference_decision [gemma3:1b] █░░░░░░░░░░░░░░░░░░░ 2/40 (5%)
    [convert_vs_preference_decision] call failed (inst=0 run=0): Ollama generation failed: <urlopen error [Errno 61] Connection refused>    [convert_vs_preference_decision] call failed (inst=0 run=2): Ollama generation failed: <urlopen error [Errno 61] Connection refused>

    convert_vs_preference_decision [gemma3:1b] ██░░░░░░░░░░░░░░░░░░ 4/40 (10%)
    [convert_vs_preference_decision] call failed (inst=0 run=4): Ollama generation failed: <urlopen error [Errno 61] Connection refused>
    [convert_vs_preference_decision] call failed (inst=0 run=5): Ollama generation failed: <urlopen error [Errno 61] Connection refused>
    convert_vs_preference_decision [gemma3:1b] ███░░░░░░░░░░░░░░░░░ 6/40 (15%)
    [convert_vs_preference_decision] call failed (inst=0 run=6): Ollama generation failed: <urlopen error [Errno 61] Connection refused>    [convert_vs_preference_decision] call failed (inst=0 run=7): Ollama generation failed: <urlopen error [Errno 61] Connection refused>

    convert_vs_preference_decision [gemma3:1b] ████░░░░░░░░░░░░░░░░ 8/40 (20%)
    [convert_vs_preference_decision] call failed (inst=0 run=8): Ollama generation failed: <urlopen error [Errno 61] Connection refused>
    [convert_vs_preference_decision] call failed (inst=0 run=9): Ollama generation failed: <urlopen error [Errno 61] Connection refused>
    convert_vs_preference_decision [gemma3:1b] █████░░░░░░░░░░░░░░░ 10/40 (25%)
    [convert_vs_preference_decision] call failed (inst=0 run=10): Ollama generation failed: <urlopen error [Errno 61] Connection refused>
    [convert_vs_preference_decision] call failed (inst=0 run=11): Ollama generation failed: <urlopen error [Errno 61] Connection refused>
    convert_vs_preference_decision [gemma3:1b] ██████░░░░░░░░░░░░░░ 12/40 (30%)
    [convert_vs_preference_decision] call failed (inst=0 run=12): Ollama generation failed: <urlopen error [Errno 61] Connection refused>
    [convert_vs_preference_decision] call failed (inst=0 run=13): Ollama generation failed: <urlopen error [Errno 61] Connection refused>
    convert_vs_preference_decision [gemma3:1b] ███████░░░░░░░░░░░░░ 14/40 (35%)
    [convert_vs_preference_decision] call failed (inst=0 run=14): Ollama generation failed: <urlopen error [Errno 61] Connection refused>
    [convert_vs_preference_decision] call failed (inst=0 run=15): Ollama generation failed: <urlopen error [Errno 61] Connection refused>
    convert_vs_preference_decision [gemma3:1b] ████████░░░░░░░░░░░░ 16/40 (40%)
    [convert_vs_preference_decision] call failed (inst=0 run=17): Ollama generation failed: <urlopen error [Errno 61] Connection refused>
    [convert_vs_preference_decision] call failed (inst=0 run=16): Ollama generation failed: <urlopen error [Errno 61] Connection refused>
    convert_vs_preference_decision [gemma3:1b] █████████░░░░░░░░░░░ 18/40 (45%)
    [convert_vs_preference_decision] call failed (inst=0 run=19): Ollama generation failed: <urlopen error [Errno 61] Connection refused>    [convert_vs_preference_decision] call failed (inst=0 run=18): Ollama generation failed: <urlopen error [Errno 61] Connection refused>

    convert_vs_preference_decision [gemma3:1b] ██████████░░░░░░░░░░ 20/40 (50%)
    [convert_vs_preference_decision] call failed (inst=1 run=1): Ollama generation failed: <urlopen error [Errno 61] Connection refused>
    [convert_vs_preference_decision] call failed (inst=1 run=0): Ollama generation failed: <urlopen error [Errno 61] Connection refused>
    convert_vs_preference_decision [gemma3:1b] ███████████░░░░░░░░░ 22/40 (55%)
    [convert_vs_preference_decision] call failed (inst=1 run=2): Ollama generation failed: <urlopen error [Errno 61] Connection refused>
    [convert_vs_preference_decision] call failed (inst=1 run=3): Ollama generation failed: <urlopen error [Errno 61] Connection refused>
    convert_vs_preference_decision [gemma3:1b] ████████████░░░░░░░░ 24/40 (60%)
    [convert_vs_preference_decision] call failed (inst=1 run=5): Ollama generation failed: <urlopen error [Errno 61] Connection refused>
    [convert_vs_preference_decision] call failed (inst=1 run=4): Ollama generation failed: <urlopen error [Errno 61] Connection refused>
    convert_vs_preference_decision [gemma3:1b] █████████████░░░░░░░ 26/40 (65%)
    [convert_vs_preference_decision] call failed (inst=1 run=7): Ollama generation failed: <urlopen error [Errno 61] Connection refused>    [convert_vs_preference_decision] call failed (inst=1 run=6): Ollama generation failed: <urlopen error [Errno 61] Connection refused>

    convert_vs_preference_decision [gemma3:1b] ██████████████░░░░░░ 28/40 (70%)
    [convert_vs_preference_decision] call failed (inst=1 run=8): Ollama generation failed: <urlopen error [Errno 61] Connection refused>
    [convert_vs_preference_decision] call failed (inst=1 run=9): Ollama generation failed: <urlopen error [Errno 61] Connection refused>
    convert_vs_preference_decision [gemma3:1b] ███████████████░░░░░ 30/40 (75%)
    [convert_vs_preference_decision] call failed (inst=1 run=11): Ollama generation failed: <urlopen error [Errno 61] Connection refused>
    [convert_vs_preference_decision] call failed (inst=1 run=10): Ollama generation failed: <urlopen error [Errno 61] Connection refused>
    convert_vs_preference_decision [gemma3:1b] ████████████████░░░░ 32/40 (80%)
    [convert_vs_preference_decision] call failed (inst=1 run=13): Ollama generation failed: <urlopen error [Errno 61] Connection refused>
    [convert_vs_preference_decision] call failed (inst=1 run=12): Ollama generation failed: <urlopen error [Errno 61] Connection refused>
    convert_vs_preference_decision [gemma3:1b] █████████████████░░░ 34/40 (85%)
    [convert_vs_preference_decision] call failed (inst=1 run=15): Ollama generation failed: <urlopen error [Errno 61] Connection refused>
    [convert_vs_preference_decision] call failed (inst=1 run=14): Ollama generation failed: <urlopen error [Errno 61] Connection refused>
    convert_vs_preference_decision [gemma3:1b] ██████████████████░░ 36/40 (90%)
    [convert_vs_preference_decision] call failed (inst=1 run=16): Ollama generation failed: <urlopen error [Errno 61] Connection refused>
    [convert_vs_preference_decision] call failed (inst=1 run=17): Ollama generation failed: <urlopen error [Errno 61] Connection refused>
    convert_vs_preference_decision [gemma3:1b] ███████████████████░ 38/40 (95%)
    [convert_vs_preference_decision] call failed (inst=1 run=18): Ollama generation failed: <urlopen error [Errno 61] Connection refused>
    [convert_vs_preference_decision] call failed (inst=1 run=19): Ollama generation failed: <urlopen error [Errno 61] Connection refused>
    convert_vs_preference_decision [gemma3:1b] ████████████████████ 40/40 (100%)
      convert_vs_preference_decision: 40 empty responses dropped, refilling (attempt 2/3)
    [convert_vs_preference_decision] call failed (inst=0 run=3): Ollama generation failed: <urlopen error [Errno 61] Connection refused>
    [convert_vs_preference_decision] call failed (inst=0 run=1): Ollama generation failed: <urlopen error [Errno 61] Connection refused>
    [convert_vs_preference_decision] call failed (inst=0 run=0): Ollama generation failed: <urlopen error [Errno 61] Connection refused>    [convert_vs_preference_decision] call failed (inst=0 run=2): Ollama generation failed: <urlopen error [Errno 61] Connection refused>

    convert_vs_preference_decision [gemma3:1b] █░░░░░░░░░░░░░░░░░░░ 2/40 (5%)
    convert_vs_preference_decision [gemma3:1b] ██░░░░░░░░░░░░░░░░░░ 4/40 (10%)
    [convert_vs_preference_decision] call failed (inst=0 run=7): Ollama generation failed: <urlopen error [Errno 61] Connection refused>
    [convert_vs_preference_decision] call failed (inst=0 run=5): Ollama generation failed: <urlopen error [Errno 61] Connection refused>    [convert_vs_preference_decision] call failed (inst=0 run=6): Ollama generation failed: <urlopen error [Errno 61] Connection refused>

    convert_vs_preference_decision [gemma3:1b] ███░░░░░░░░░░░░░░░░░ 6/40 (15%)    [convert_vs_preference_decision] call failed (inst=0 run=4): Ollama generation failed: <urlopen error [Errno 61] Connection refused>

    convert_vs_preference_decision [gemma3:1b] ████░░░░░░░░░░░░░░░░ 8/40 (20%)
    [convert_vs_preference_decision] call failed (inst=0 run=8): Ollama generation failed: <urlopen error [Errno 61] Connection refused>
    [convert_vs_preference_decision] call failed (inst=0 run=10): Ollama generation failed: <urlopen error [Errno 61] Connection refused>
    convert_vs_preference_decision [gemma3:1b] █████░░░░░░░░░░░░░░░ 10/40 (25%)
    [convert_vs_preference_decision] call failed (inst=0 run=12): Ollama generation failed: <urlopen error [Errno 61] Connection refused>
    [convert_vs_preference_decision] call failed (inst=0 run=11): Ollama generation failed: <urlopen error [Errno 61] Connection refused>    [convert_vs_preference_decision] call failed (inst=0 run=9): Ollama generation failed: <urlopen error [Errno 61] Connection refused>

    convert_vs_preference_decision [gemma3:1b] ██████░░░░░░░░░░░░░░ 12/40 (30%)
    [convert_vs_preference_decision] call failed (inst=0 run=13): Ollama generation failed: <urlopen error [Errno 61] Connection refused>
    convert_vs_preference_decision [gemma3:1b] ███████░░░░░░░░░░░░░ 14/40 (35%)
    [convert_vs_preference_decision] call failed (inst=0 run=16): Ollama generation failed: <urlopen error [Errno 61] Connection refused>
    [convert_vs_preference_decision] call failed (inst=0 run=14): Ollama generation failed: <urlopen error [Errno 61] Connection refused>    [convert_vs_preference_decision] call failed (inst=0 run=15): Ollama generation failed: <urlopen error [Errno 61] Connection refused>

    [convert_vs_preference_decision] call failed (inst=0 run=17): Ollama generation failed: <urlopen error [Errno 61] Connection refused>
    convert_vs_preference_decision [gemma3:1b] ████████░░░░░░░░░░░░ 16/40 (40%)
    convert_vs_preference_decision [gemma3:1b] █████████░░░░░░░░░░░ 18/40 (45%)
    [convert_vs_preference_decision] call failed (inst=0 run=18): Ollama generation failed: <urlopen error [Errno 61] Connection refused>
    [convert_vs_preference_decision] call failed (inst=0 run=19): Ollama generation failed: <urlopen error [Errno 61] Connection refused>
    convert_vs_preference_decision [gemma3:1b] ██████████░░░░░░░░░░ 20/40 (50%)
    [convert_vs_preference_decision] call failed (inst=1 run=1): Ollama generation failed: <urlopen error [Errno 61] Connection refused>
    [convert_vs_preference_decision] call failed (inst=1 run=0): Ollama generation failed: <urlopen error [Errno 61] Connection refused>
    [convert_vs_preference_decision] call failed (inst=1 run=2): Ollama generation failed: <urlopen error [Errno 61] Connection refused>    convert_vs_preference_decision [gemma3:1b] ███████████░░░░░░░░░ 22/40 (55%)

    [convert_vs_preference_decision] call failed (inst=1 run=3): Ollama generation failed: <urlopen error [Errno 61] Connection refused>
    convert_vs_preference_decision [gemma3:1b] ████████████░░░░░░░░ 24/40 (60%)
    [convert_vs_preference_decision] call failed (inst=1 run=4): Ollama generation failed: <urlopen error [Errno 61] Connection refused>
    [convert_vs_preference_decision] call failed (inst=1 run=6): Ollama generation failed: <urlopen error [Errno 61] Connection refused>
    [convert_vs_preference_decision] call failed (inst=1 run=5): Ollama generation failed: <urlopen error [Errno 61] Connection refused>
    convert_vs_preference_decision [gemma3:1b] █████████████░░░░░░░ 26/40 (65%)
    [convert_vs_preference_decision] call failed (inst=1 run=7): Ollama generation failed: <urlopen error [Errno 61] Connection refused>
    convert_vs_preference_decision [gemma3:1b] ██████████████░░░░░░ 28/40 (70%)
    [convert_vs_preference_decision] call failed (inst=1 run=8): Ollama generation failed: <urlopen error [Errno 61] Connection refused>
    [convert_vs_preference_decision] call failed (inst=1 run=9): Ollama generation failed: <urlopen error [Errno 61] Connection refused>
    convert_vs_preference_decision [gemma3:1b] ███████████████░░░░░ 30/40 (75%)
    [convert_vs_preference_decision] call failed (inst=1 run=10): Ollama generation failed: <urlopen error [Errno 61] Connection refused>
    [convert_vs_preference_decision] call failed (inst=1 run=12): Ollama generation failed: <urlopen error [Errno 61] Connection refused>
    [convert_vs_preference_decision] call failed (inst=1 run=11): Ollama generation failed: <urlopen error [Errno 61] Connection refused>
    convert_vs_preference_decision [gemma3:1b] ████████████████░░░░ 32/40 (80%)
    [convert_vs_preference_decision] call failed (inst=1 run=13): Ollama generation failed: <urlopen error [Errno 61] Connection refused>
    convert_vs_preference_decision [gemma3:1b] █████████████████░░░ 34/40 (85%)
    [convert_vs_preference_decision] call failed (inst=1 run=17): Ollama generation failed: <urlopen error [Errno 61] Connection refused>
    [convert_vs_preference_decision] call failed (inst=1 run=16): Ollama generation failed: <urlopen error [Errno 61] Connection refused>    [convert_vs_preference_decision] call failed (inst=1 run=15): Ollama generation failed: <urlopen error [Errno 61] Connection refused>
    [convert_vs_preference_decision] call failed (inst=1 run=14): Ollama generation failed: <urlopen error [Errno 61] Connection refused>

    convert_vs_preference_decision [gemma3:1b] ██████████████████░░ 36/40 (90%)
    convert_vs_preference_decision [gemma3:1b] ███████████████████░ 38/40 (95%)
    [convert_vs_preference_decision] call failed (inst=1 run=18): Ollama generation failed: <urlopen error [Errno 61] Connection refused>
    [convert_vs_preference_decision] call failed (inst=1 run=19): Ollama generation failed: <urlopen error [Errno 61] Connection refused>
    convert_vs_preference_decision [gemma3:1b] ████████████████████ 40/40 (100%)
      convert_vs_preference_decision: 40 empty responses dropped, refilling (attempt 3/3)
    [convert_vs_preference_decision] call failed (inst=0 run=0): Ollama generation failed: <urlopen error [Errno 61] Connection refused>
    [convert_vs_preference_decision] call failed (inst=0 run=2): Ollama generation failed: <urlopen error [Errno 61] Connection refused>
    [convert_vs_preference_decision] call failed (inst=0 run=1): Ollama generation failed: <urlopen error [Errno 61] Connection refused>    [convert_vs_preference_decision] call failed (inst=0 run=3): Ollama generation failed: <urlopen error [Errno 61] Connection refused>
    convert_vs_preference_decision [gemma3:1b] █░░░░░░░░░░░░░░░░░░░ 2/40 (5%)

    convert_vs_preference_decision [gemma3:1b] ██░░░░░░░░░░░░░░░░░░ 4/40 (10%)
    [convert_vs_preference_decision] call failed (inst=0 run=4): Ollama generation failed: <urlopen error [Errno 61] Connection refused>
    [convert_vs_preference_decision] call failed (inst=0 run=5): Ollama generation failed: <urlopen error [Errno 61] Connection refused>
    convert_vs_preference_decision [gemma3:1b] ███░░░░░░░░░░░░░░░░░ 6/40 (15%)
    [convert_vs_preference_decision] call failed (inst=0 run=6): Ollama generation failed: <urlopen error [Errno 61] Connection refused>
    [convert_vs_preference_decision] call failed (inst=0 run=8): Ollama generation failed: <urlopen error [Errno 61] Connection refused>
    [convert_vs_preference_decision] call failed (inst=0 run=7): Ollama generation failed: <urlopen error [Errno 61] Connection refused>
    convert_vs_preference_decision [gemma3:1b] ████░░░░░░░░░░░░░░░░ 8/40 (20%)
    [convert_vs_preference_decision] call failed (inst=0 run=10): Ollama generation failed: <urlopen error [Errno 61] Connection refused>
    convert_vs_preference_decision [gemma3:1b] █████░░░░░░░░░░░░░░░ 10/40 (25%)
    [convert_vs_preference_decision] call failed (inst=0 run=11): Ollama generation failed: <urlopen error [Errno 61] Connection refused>
    [convert_vs_preference_decision] call failed (inst=0 run=9): Ollama generation failed: <urlopen error [Errno 61] Connection refused>
    convert_vs_preference_decision [gemma3:1b] ██████░░░░░░░░░░░░░░ 12/40 (30%)    [convert_vs_preference_decision] call failed (inst=0 run=12): Ollama generation failed: <urlopen error [Errno 61] Connection refused>

    [convert_vs_preference_decision] call failed (inst=0 run=13): Ollama generation failed: <urlopen error [Errno 61] Connection refused>
    convert_vs_preference_decision [gemma3:1b] ███████░░░░░░░░░░░░░ 14/40 (35%)
    [convert_vs_preference_decision] call failed (inst=0 run=15): Ollama generation failed: <urlopen error [Errno 61] Connection refused>
    [convert_vs_preference_decision] call failed (inst=0 run=16): Ollama generation failed: <urlopen error [Errno 61] Connection refused>
    [convert_vs_preference_decision] call failed (inst=0 run=14): Ollama generation failed: <urlopen error [Errno 61] Connection refused>
    convert_vs_preference_decision [gemma3:1b] ████████░░░░░░░░░░░░ 16/40 (40%)
    [convert_vs_preference_decision] call failed (inst=0 run=17): Ollama generation failed: <urlopen error [Errno 61] Connection refused>
    convert_vs_preference_decision [gemma3:1b] █████████░░░░░░░░░░░ 18/40 (45%)
    [convert_vs_preference_decision] call failed (inst=1 run=1): Ollama generation failed: <urlopen error [Errno 61] Connection refused>
    [convert_vs_preference_decision] call failed (inst=0 run=18): Ollama generation failed: <urlopen error [Errno 61] Connection refused>    [convert_vs_preference_decision] call failed (inst=0 run=19): Ollama generation failed: <urlopen error [Errno 61] Connection refused>

    [convert_vs_preference_decision] call failed (inst=1 run=0): Ollama generation failed: <urlopen error [Errno 61] Connection refused>
    convert_vs_preference_decision [gemma3:1b] ██████████░░░░░░░░░░ 20/40 (50%)
    convert_vs_preference_decision [gemma3:1b] ███████████░░░░░░░░░ 22/40 (55%)
    [convert_vs_preference_decision] call failed (inst=1 run=2): Ollama generation failed: <urlopen error [Errno 61] Connection refused>
    [convert_vs_preference_decision] call failed (inst=1 run=4): Ollama generation failed: <urlopen error [Errno 61] Connection refused>
    convert_vs_preference_decision [gemma3:1b] ████████████░░░░░░░░ 24/40 (60%)    [convert_vs_preference_decision] call failed (inst=1 run=5): Ollama generation failed: <urlopen error [Errno 61] Connection refused>

    [convert_vs_preference_decision] call failed (inst=1 run=3): Ollama generation failed: <urlopen error [Errno 61] Connection refused>
    [convert_vs_preference_decision] call failed (inst=1 run=6): Ollama generation failed: <urlopen error [Errno 61] Connection refused>    convert_vs_preference_decision [gemma3:1b] █████████████░░░░░░░ 26/40 (65%)

    [convert_vs_preference_decision] call failed (inst=1 run=8): Ollama generation failed: <urlopen error [Errno 61] Connection refused>
    convert_vs_preference_decision [gemma3:1b] ██████████████░░░░░░ 28/40 (70%)
    [convert_vs_preference_decision] call failed (inst=1 run=7): Ollama generation failed: <urlopen error [Errno 61] Connection refused>    [convert_vs_preference_decision] call failed (inst=1 run=10): Ollama generation failed: <urlopen error [Errno 61] Connection refused>

    [convert_vs_preference_decision] call failed (inst=1 run=9): Ollama generation failed: <urlopen error [Errno 61] Connection refused>
    convert_vs_preference_decision [gemma3:1b] ███████████████░░░░░ 30/40 (75%)
    [convert_vs_preference_decision] call failed (inst=1 run=12): Ollama generation failed: <urlopen error [Errno 61] Connection refused>
    convert_vs_preference_decision [gemma3:1b] ████████████████░░░░ 32/40 (80%)
    [convert_vs_preference_decision] call failed (inst=1 run=11): Ollama generation failed: <urlopen error [Errno 61] Connection refused>
    [convert_vs_preference_decision] call failed (inst=1 run=13): Ollama generation failed: <urlopen error [Errno 61] Connection refused>    [convert_vs_preference_decision] call failed (inst=1 run=14): Ollama generation failed: <urlopen error [Errno 61] Connection refused>

    convert_vs_preference_decision [gemma3:1b] █████████████████░░░ 34/40 (85%)
    [convert_vs_preference_decision] call failed (inst=1 run=16): Ollama generation failed: <urlopen error [Errno 61] Connection refused>
    convert_vs_preference_decision [gemma3:1b] ██████████████████░░ 36/40 (90%)
    [convert_vs_preference_decision] call failed (inst=1 run=17): Ollama generation failed: <urlopen error [Errno 61] Connection refused>
    [convert_vs_preference_decision] call failed (inst=1 run=15): Ollama generation failed: <urlopen error [Errno 61] Connection refused>    [convert_vs_preference_decision] call failed (inst=1 run=18): Ollama generation failed: <urlopen error [Errno 61] Connection refused>

    convert_vs_preference_decision [gemma3:1b] ███████████████████░ 38/40 (95%)
    [convert_vs_preference_decision] call failed (inst=1 run=19): Ollama generation failed: <urlopen error [Errno 61] Connection refused>
    convert_vs_preference_decision [gemma3:1b] ████████████████████ 40/40 (100%)
      convert_vs_preference_decision: 40 empty responses dropped, refilling (attempt 4/3)
      convert_vs_preference_decision: STILL SHORT after 3 refills -- this cell is incomplete and must not be reported as measured
      280 calls

  === gemma3-1b-qat (ollama) ===
    [option_pool_shuffle] call failed (inst=0 run=1): Ollama generation failed: <urlopen error [Errno 61] Connection refused>
    [option_pool_shuffle] call failed (inst=0 run=3): Ollama generation failed: <urlopen error [Errno 61] Connection refused>
    [option_pool_shuffle] call failed (inst=0 run=2): Ollama generation failed: <urlopen error [Errno 61] Connection refused>    [option_pool_shuffle] call failed (inst=0 run=0): Ollama generation failed: <urlopen error [Errno 61] Connection refused>

    option_pool_shuffle [gemma3:1b-it-qat] █░░░░░░░░░░░░░░░░░░░ 3/60 (5%)
    [option_pool_shuffle] call failed (inst=0 run=7): Ollama generation failed: <urlopen error [Errno 61] Connection refused>
    [option_pool_shuffle] call failed (inst=0 run=5): Ollama generation failed: <urlopen error [Errno 61] Connection refused>    [option_pool_shuffle] call failed (inst=0 run=6): Ollama generation failed: <urlopen error [Errno 61] Connection refused>
    [option_pool_shuffle] call failed (inst=0 run=4): Ollama generation failed: <urlopen error [Errno 61] Connection refused>

    option_pool_shuffle [gemma3:1b-it-qat] ██░░░░░░░░░░░░░░░░░░ 6/60 (10%)
    [option_pool_shuffle] call failed (inst=0 run=9): Ollama generation failed: <urlopen error [Errno 61] Connection refused>
    option_pool_shuffle [gemma3:1b-it-qat] ███░░░░░░░░░░░░░░░░░ 9/60 (15%)    [option_pool_shuffle] call failed (inst=0 run=8): Ollama generation failed: <urlopen error [Errno 61] Connection refused>

    [option_pool_shuffle] call failed (inst=0 run=10): Ollama generation failed: <urlopen error [Errno 61] Connection refused>
    [option_pool_shuffle] call failed (inst=0 run=11): Ollama generation failed: <urlopen error [Errno 61] Connection refused>
    option_pool_shuffle [gemma3:1b-it-qat] ████░░░░░░░░░░░░░░░░ 12/60 (20%)
    [option_pool_shuffle] call failed (inst=0 run=13): Ollama generation failed: <urlopen error [Errno 61] Connection refused>
    [option_pool_shuffle] call failed (inst=0 run=15): Ollama generation failed: <urlopen error [Errno 61] Connection refused>    [option_pool_shuffle] call failed (inst=0 run=14): Ollama generation failed: <urlopen error [Errno 61] Connection refused>

    [option_pool_shuffle] call failed (inst=0 run=12): Ollama generation failed: <urlopen error [Errno 61] Connection refused>
    option_pool_shuffle [gemma3:1b-it-qat] █████░░░░░░░░░░░░░░░ 15/60 (25%)
    [option_pool_shuffle] call failed (inst=0 run=19): Ollama generation failed: <urlopen error [Errno 61] Connection refused>
    [option_pool_shuffle] call failed (inst=0 run=17): Ollama generation failed: <urlopen error [Errno 61] Connection refused>    [option_pool_shuffle] call failed (inst=0 run=16): Ollama generation failed: <urlopen error [Errno 61] Connection refused>    [option_pool_shuffle] call failed (inst=0 run=18): Ollama generation failed: <urlopen error [Errno 61] Connection refused>

    option_pool_shuffle [gemma3:1b-it-qat] ██████░░░░░░░░░░░░░░ 18/60 (30%)

    [option_pool_shuffle] call failed (inst=1 run=0): Ollama generation failed: <urlopen error [Errno 61] Connection refused>
    option_pool_shuffle [gemma3:1b-it-qat] ███████░░░░░░░░░░░░░ 21/60 (35%)
    [option_pool_shuffle] call failed (inst=1 run=3): Ollama generation failed: <urlopen error [Errno 61] Connection refused>
    [option_pool_shuffle] call failed (inst=1 run=1): Ollama generation failed: <urlopen error [Errno 61] Connection refused>
    [option_pool_shuffle] call failed (inst=1 run=2): Ollama generation failed: <urlopen error [Errno 61] Connection refused>
    [option_pool_shuffle] call failed (inst=1 run=4): Ollama generation failed: <urlopen error [Errno 61] Connection refused>
    option_pool_shuffle [gemma3:1b-it-qat] ████████░░░░░░░░░░░░ 24/60 (40%)
    [option_pool_shuffle] call failed (inst=1 run=5): Ollama generation failed: <urlopen error [Errno 61] Connection refused>
    [option_pool_shuffle] call failed (inst=1 run=8): Ollama generation failed: <urlopen error [Errno 61] Connection refused>
    option_pool_shuffle [gemma3:1b-it-qat] █████████░░░░░░░░░░░ 27/60 (45%)
    [option_pool_shuffle] call failed (inst=1 run=6): Ollama generation failed: <urlopen error [Errno 61] Connection refused>
    [option_pool_shuffle] call failed (inst=1 run=7): Ollama generation failed: <urlopen error [Errno 61] Connection refused>
    [option_pool_shuffle] call failed (inst=1 run=9): Ollama generation failed: <urlopen error [Errno 61] Connection refused>
    option_pool_shuffle [gemma3:1b-it-qat] ██████████░░░░░░░░░░ 30/60 (50%)
    [option_pool_shuffle] call failed (inst=1 run=13): Ollama generation failed: <urlopen error [Errno 61] Connection refused>
    [option_pool_shuffle] call failed (inst=1 run=12): Ollama generation failed: <urlopen error [Errno 61] Connection refused>
    [option_pool_shuffle] call failed (inst=1 run=10): Ollama generation failed: <urlopen error [Errno 61] Connection refused>
    [option_pool_shuffle] call failed (inst=1 run=11): Ollama generation failed: <urlopen error [Errno 61] Connection refused>
    option_pool_shuffle [gemma3:1b-it-qat] ███████████░░░░░░░░░ 33/60 (55%)
    [option_pool_shuffle] call failed (inst=1 run=14): Ollama generation failed: <urlopen error [Errno 61] Connection refused>
    [option_pool_shuffle] call failed (inst=1 run=16): Ollama generation failed: <urlopen error [Errno 61] Connection refused>
    option_pool_shuffle [gemma3:1b-it-qat] ████████████░░░░░░░░ 36/60 (60%)
    [option_pool_shuffle] call failed (inst=1 run=18): Ollama generation failed: <urlopen error [Errno 61] Connection refused>
    [option_pool_shuffle] call failed (inst=1 run=17): Ollama generation failed: <urlopen error [Errno 61] Connection refused>
    [option_pool_shuffle] call failed (inst=1 run=15): Ollama generation failed: <urlopen error [Errno 61] Connection refused>
    option_pool_shuffle [gemma3:1b-it-qat] █████████████░░░░░░░ 39/60 (65%)
    [option_pool_shuffle] call failed (inst=1 run=19): Ollama generation failed: <urlopen error [Errno 61] Connection refused>
    [option_pool_shuffle] call failed (inst=2 run=1): Ollama generation failed: <urlopen error [Errno 61] Connection refused>
    [option_pool_shuffle] call failed (inst=2 run=3): Ollama generation failed: <urlopen error [Errno 61] Connection refused>
    [option_pool_shuffle] call failed (inst=2 run=0): Ollama generation failed: <urlopen error [Errno 61] Connection refused>    option_pool_shuffle [gemma3:1b-it-qat] ██████████████░░░░░░ 42/60 (70%)

    [option_pool_shuffle] call failed (inst=2 run=2): Ollama generation failed: <urlopen error [Errno 61] Connection refused>
    [option_pool_shuffle] call failed (inst=2 run=4): Ollama generation failed: <urlopen error [Errno 61] Connection refused>
    option_pool_shuffle [gemma3:1b-it-qat] ███████████████░░░░░ 45/60 (75%)
    [option_pool_shuffle] call failed (inst=2 run=7): Ollama generation failed: <urlopen error [Errno 61] Connection refused>    [option_pool_shuffle] call failed (inst=2 run=5): Ollama generation failed: <urlopen error [Errno 61] Connection refused>

    [option_pool_shuffle] call failed (inst=2 run=8): Ollama generation failed: <urlopen error [Errno 61] Connection refused>
    [option_pool_shuffle] call failed (inst=2 run=6): Ollama generation failed: <urlopen error [Errno 61] Connection refused>
    option_pool_shuffle [gemma3:1b-it-qat] ████████████████░░░░ 48/60 (80%)
    [option_pool_shuffle] call failed (inst=2 run=9): Ollama generation failed: <urlopen error [Errno 61] Connection refused>
    [option_pool_shuffle] call failed (inst=2 run=10): Ollama generation failed: <urlopen error [Errno 61] Connection refused>
    option_pool_shuffle [gemma3:1b-it-qat] █████████████████░░░ 51/60 (85%)
    [option_pool_shuffle] call failed (inst=2 run=12): Ollama generation failed: <urlopen error [Errno 61] Connection refused>
    [option_pool_shuffle] call failed (inst=2 run=11): Ollama generation failed: <urlopen error [Errno 61] Connection refused>
    [option_pool_shuffle] call failed (inst=2 run=13): Ollama generation failed: <urlopen error [Errno 61] Connection refused>
    option_pool_shuffle [gemma3:1b-it-qat] ██████████████████░░ 54/60 (90%)
    [option_pool_shuffle] call failed (inst=2 run=14): Ollama generation failed: <urlopen error [Errno 61] Connection refused>
    [option_pool_shuffle] call failed (inst=2 run=16): Ollama generation failed: <urlopen error [Errno 61] Connection refused>
    [option_pool_shuffle] call failed (inst=2 run=15): Ollama generation failed: <urlopen error [Errno 61] Connection refused>
    [option_pool_shuffle] call failed (inst=2 run=17): Ollama generation failed: <urlopen error [Errno 61] Connection refused>
    [option_pool_shuffle] call failed (inst=2 run=18): Ollama generation failed: <urlopen error [Errno 61] Connection refused>
    option_pool_shuffle [gemma3:1b-it-qat] ███████████████████░ 57/60 (95%)
    [option_pool_shuffle] call failed (inst=2 run=19): Ollama generation failed: <urlopen error [Errno 61] Connection refused>
    option_pool_shuffle [gemma3:1b-it-qat] ████████████████████ 60/60 (100%)
      option_pool_shuffle: 60 empty responses dropped, refilling (attempt 1/3)
    [option_pool_shuffle] call failed (inst=0 run=1): Ollama generation failed: <urlopen error [Errno 61] Connection refused>
    [option_pool_shuffle] call failed (inst=0 run=2): Ollama generation failed: <urlopen error [Errno 61] Connection refused>
    [option_pool_shuffle] call failed (inst=0 run=0): Ollama generation failed: <urlopen error [Errno 61] Connection refused>
    [option_pool_shuffle] call failed (inst=0 run=3): Ollama generation failed: <urlopen error [Errno 61] Connection refused>
    option_pool_shuffle [gemma3:1b-it-qat] █░░░░░░░░░░░░░░░░░░░ 3/60 (5%)
    [option_pool_shuffle] call failed (inst=0 run=6): Ollama generation failed: <urlopen error [Errno 61] Connection refused>
    [option_pool_shuffle] call failed (inst=0 run=4): Ollama generation failed: <urlopen error [Errno 61] Connection refused>    [option_pool_shuffle] call failed (inst=0 run=7): Ollama generation failed: <urlopen error [Errno 61] Connection refused>    [option_pool_shuffle] call failed (inst=0 run=5): Ollama generation failed: <urlopen error [Errno 61] Connection refused>

    option_pool_shuffle [gemma3:1b-it-qat] ██░░░░░░░░░░░░░░░░░░ 6/60 (10%)

    [option_pool_shuffle] call failed (inst=0 run=8): Ollama generation failed: <urlopen error [Errno 61] Connection refused>
    option_pool_shuffle [gemma3:1b-it-qat] ███░░░░░░░░░░░░░░░░░ 9/60 (15%)
    [option_pool_shuffle] call failed (inst=0 run=10): Ollama generation failed: <urlopen error [Errno 61] Connection refused>
    [option_pool_shuffle] call failed (inst=0 run=9): Ollama generation failed: <urlopen error [Errno 61] Connection refused>
    [option_pool_shuffle] call failed (inst=0 run=11): Ollama generation failed: <urlopen error [Errno 61] Connection refused>
    [option_pool_shuffle] call failed (inst=0 run=12): Ollama generation failed: <urlopen error [Errno 61] Connection refused>
    option_pool_shuffle [gemma3:1b-it-qat] ████░░░░░░░░░░░░░░░░ 12/60 (20%)
    [option_pool_shuffle] call failed (inst=0 run=13): Ollama generation failed: <urlopen error [Errno 61] Connection refused>
    [option_pool_shuffle] call failed (inst=0 run=14): Ollama generation failed: <urlopen error [Errno 61] Connection refused>
    option_pool_shuffle [gemma3:1b-it-qat] █████░░░░░░░░░░░░░░░ 15/60 (25%)
    [option_pool_shuffle] call failed (inst=0 run=16): Ollama generation failed: <urlopen error [Errno 61] Connection refused>
    [option_pool_shuffle] call failed (inst=0 run=15): Ollama generation failed: <urlopen error [Errno 61] Connection refused>
    [option_pool_shuffle] call failed (inst=0 run=17): Ollama generation failed: <urlopen error [Errno 61] Connection refused>
    option_pool_shuffle [gemma3:1b-it-qat] ██████░░░░░░░░░░░░░░ 18/60 (30%)
    [option_pool_shuffle] call failed (inst=1 run=0): Ollama generation failed: <urlopen error [Errno 61] Connection refused>
    [option_pool_shuffle] call failed (inst=0 run=18): Ollama generation failed: <urlopen error [Errno 61] Connection refused>
    [option_pool_shuffle] call failed (inst=0 run=19): Ollama generation failed: <urlopen error [Errno 61] Connection refused>
    option_pool_shuffle [gemma3:1b-it-qat] ███████░░░░░░░░░░░░░ 21/60 (35%)
    [option_pool_shuffle] call failed (inst=1 run=1): Ollama generation failed: <urlopen error [Errno 61] Connection refused>
    [option_pool_shuffle] call failed (inst=1 run=3): Ollama generation failed: <urlopen error [Errno 61] Connection refused>
    [option_pool_shuffle] call failed (inst=1 run=4): Ollama generation failed: <urlopen error [Errno 61] Connection refused>
    [option_pool_shuffle] call failed (inst=1 run=2): Ollama generation failed: <urlopen error [Errno 61] Connection refused>
    [option_pool_shuffle] call failed (inst=1 run=5): Ollama generation failed: <urlopen error [Errno 61] Connection refused>
    option_pool_shuffle [gemma3:1b-it-qat] ████████░░░░░░░░░░░░ 24/60 (40%)
    [option_pool_shuffle] call failed (inst=1 run=6): Ollama generation failed: <urlopen error [Errno 61] Connection refused>
    option_pool_shuffle [gemma3:1b-it-qat] █████████░░░░░░░░░░░ 27/60 (45%)
    [option_pool_shuffle] call failed (inst=1 run=7): Ollama generation failed: <urlopen error [Errno 61] Connection refused>
    [option_pool_shuffle] call failed (inst=1 run=9): Ollama generation failed: <urlopen error [Errno 61] Connection refused>
    [option_pool_shuffle] call failed (inst=1 run=8): Ollama generation failed: <urlopen error [Errno 61] Connection refused>
    [option_pool_shuffle] call failed (inst=1 run=10): Ollama generation failed: <urlopen error [Errno 61] Connection refused>
    option_pool_shuffle [gemma3:1b-it-qat] ██████████░░░░░░░░░░ 30/60 (50%)
    [option_pool_shuffle] call failed (inst=1 run=11): Ollama generation failed: <urlopen error [Errno 61] Connection refused>
    [option_pool_shuffle] call failed (inst=1 run=12): Ollama generation failed: <urlopen error [Errno 61] Connection refused>
    option_pool_shuffle [gemma3:1b-it-qat] ███████████░░░░░░░░░ 33/60 (55%)
    [option_pool_shuffle] call failed (inst=1 run=15): Ollama generation failed: <urlopen error [Errno 61] Connection refused>    [option_pool_shuffle] call failed (inst=1 run=13): Ollama generation failed: <urlopen error [Errno 61] Connection refused>
    [option_pool_shuffle] call failed (inst=1 run=14): Ollama generation failed: <urlopen error [Errno 61] Connection refused>

    option_pool_shuffle [gemma3:1b-it-qat] ████████████░░░░░░░░ 36/60 (60%)
    [option_pool_shuffle] call failed (inst=1 run=16): Ollama generation failed: <urlopen error [Errno 61] Connection refused>
    [option_pool_shuffle] call failed (inst=1 run=19): Ollama generation failed: <urlopen error [Errno 61] Connection refused>
    [option_pool_shuffle] call failed (inst=2 run=0): Ollama generation failed: <urlopen error [Errno 61] Connection refused>
    [option_pool_shuffle] call failed (inst=1 run=18): Ollama generation failed: <urlopen error [Errno 61] Connection refused>
    option_pool_shuffle [gemma3:1b-it-qat] █████████████░░░░░░░ 39/60 (65%)    [option_pool_shuffle] call failed (inst=1 run=17): Ollama generation failed: <urlopen error [Errno 61] Connection refused>

    [option_pool_shuffle] call failed (inst=2 run=1): Ollama generation failed: <urlopen error [Errno 61] Connection refused>
    option_pool_shuffle [gemma3:1b-it-qat] ██████████████░░░░░░ 42/60 (70%)
    [option_pool_shuffle] call failed (inst=2 run=4): Ollama generation failed: <urlopen error [Errno 61] Connection refused>
    [option_pool_shuffle] call failed (inst=2 run=2): Ollama generation failed: <urlopen error [Errno 61] Connection refused>    [option_pool_shuffle] call failed (inst=2 run=5): Ollama generation failed: <urlopen error [Errno 61] Connection refused>

    [option_pool_shuffle] call failed (inst=2 run=3): Ollama generation failed: <urlopen error [Errno 61] Connection refused>
    option_pool_shuffle [gemma3:1b-it-qat] ███████████████░░░░░ 45/60 (75%)
    [option_pool_shuffle] call failed (inst=2 run=6): Ollama generation failed: <urlopen error [Errno 61] Connection refused>
    [option_pool_shuffle] call failed (inst=2 run=7): Ollama generation failed: <urlopen error [Errno 61] Connection refused>
    option_pool_shuffle [gemma3:1b-it-qat] ████████████████░░░░ 48/60 (80%)
    [option_pool_shuffle] call failed (inst=2 run=8): Ollama generation failed: <urlopen error [Errno 61] Connection refused>
    [option_pool_shuffle] call failed (inst=2 run=10): Ollama generation failed: <urlopen error [Errno 61] Connection refused>    [option_pool_shuffle] call failed (inst=2 run=9): Ollama generation failed: <urlopen error [Errno 61] Connection refused>

    option_pool_shuffle [gemma3:1b-it-qat] █████████████████░░░ 51/60 (85%)
    [option_pool_shuffle] call failed (inst=2 run=11): Ollama generation failed: <urlopen error [Errno 61] Connection refused>
    [option_pool_shuffle] call failed (inst=2 run=12): Ollama generation failed: <urlopen error [Errno 61] Connection refused>
    [option_pool_shuffle] call failed (inst=2 run=13): Ollama generation failed: <urlopen error [Errno 61] Connection refused>
    option_pool_shuffle [gemma3:1b-it-qat] ██████████████████░░ 54/60 (90%)
    [option_pool_shuffle] call failed (inst=2 run=14): Ollama generation failed: <urlopen error [Errno 61] Connection refused>
    [option_pool_shuffle] call failed (inst=2 run=15): Ollama generation failed: <urlopen error [Errno 61] Connection refused>
    [option_pool_shuffle] call failed (inst=2 run=16): Ollama generation failed: <urlopen error [Errno 61] Connection refused>
    option_pool_shuffle [gemma3:1b-it-qat] ███████████████████░ 57/60 (95%)
    [option_pool_shuffle] call failed (inst=2 run=17): Ollama generation failed: <urlopen error [Errno 61] Connection refused>
    [option_pool_shuffle] call failed (inst=2 run=18): Ollama generation failed: <urlopen error [Errno 61] Connection refused>
    [option_pool_shuffle] call failed (inst=2 run=19): Ollama generation failed: <urlopen error [Errno 61] Connection refused>
    option_pool_shuffle [gemma3:1b-it-qat] ████████████████████ 60/60 (100%)
      option_pool_shuffle: 60 empty responses dropped, refilling (attempt 2/3)
    [option_pool_shuffle] call failed (inst=0 run=0): Ollama generation failed: <urlopen error [Errno 61] Connection refused>
    [option_pool_shuffle] call failed (inst=0 run=3): Ollama generation failed: <urlopen error [Errno 61] Connection refused>    [option_pool_shuffle] call failed (inst=0 run=2): Ollama generation failed: <urlopen error [Errno 61] Connection refused>

    [option_pool_shuffle] call failed (inst=0 run=1): Ollama generation failed: <urlopen error [Errno 61] Connection refused>
    option_pool_shuffle [gemma3:1b-it-qat] █░░░░░░░░░░░░░░░░░░░ 3/60 (5%)
    [option_pool_shuffle] call failed (inst=0 run=4): Ollama generation failed: <urlopen error [Errno 61] Connection refused>
    [option_pool_shuffle] call failed (inst=0 run=6): Ollama generation failed: <urlopen error [Errno 61] Connection refused>
    option_pool_shuffle [gemma3:1b-it-qat] ██░░░░░░░░░░░░░░░░░░ 6/60 (10%)
    [option_pool_shuffle] call failed (inst=0 run=7): Ollama generation failed: <urlopen error [Errno 61] Connection refused>
    [option_pool_shuffle] call failed (inst=0 run=8): Ollama generation failed: <urlopen error [Errno 61] Connection refused>    [option_pool_shuffle] call failed (inst=0 run=5): Ollama generation failed: <urlopen error [Errno 61] Connection refused>

    option_pool_shuffle [gemma3:1b-it-qat] ███░░░░░░░░░░░░░░░░░ 9/60 (15%)
    [option_pool_shuffle] call failed (inst=0 run=9): Ollama generation failed: <urlopen error [Errno 61] Connection refused>
    [option_pool_shuffle] call failed (inst=0 run=10): Ollama generation failed: <urlopen error [Errno 61] Connection refused>
    [option_pool_shuffle] call failed (inst=0 run=11): Ollama generation failed: <urlopen error [Errno 61] Connection refused>
    [option_pool_shuffle] call failed (inst=0 run=12): Ollama generation failed: <urlopen error [Errno 61] Connection refused>
    option_pool_shuffle [gemma3:1b-it-qat] ████░░░░░░░░░░░░░░░░ 12/60 (20%)    [option_pool_shuffle] call failed (inst=0 run=13): Ollama generation failed: <urlopen error [Errno 61] Connection refused>

    [option_pool_shuffle] call failed (inst=0 run=14): Ollama generation failed: <urlopen error [Errno 61] Connection refused>
    option_pool_shuffle [gemma3:1b-it-qat] █████░░░░░░░░░░░░░░░ 15/60 (25%)
    [option_pool_shuffle] call failed (inst=0 run=15): Ollama generation failed: <urlopen error [Errno 61] Connection refused>
    [option_pool_shuffle] call failed (inst=0 run=16): Ollama generation failed: <urlopen error [Errno 61] Connection refused>
    [option_pool_shuffle] call failed (inst=0 run=17): Ollama generation failed: <urlopen error [Errno 61] Connection refused>
    [option_pool_shuffle] call failed (inst=0 run=18): Ollama generation failed: <urlopen error [Errno 61] Connection refused>    option_pool_shuffle [gemma3:1b-it-qat] ██████░░░░░░░░░░░░░░ 18/60 (30%)

    [option_pool_shuffle] call failed (inst=0 run=19): Ollama generation failed: <urlopen error [Errno 61] Connection refused>
    [option_pool_shuffle] call failed (inst=1 run=0): Ollama generation failed: <urlopen error [Errno 61] Connection refused>
    option_pool_shuffle [gemma3:1b-it-qat] ███████░░░░░░░░░░░░░ 21/60 (35%)
    [option_pool_shuffle] call failed (inst=1 run=1): Ollama generation failed: <urlopen error [Errno 61] Connection refused>    [option_pool_shuffle] call failed (inst=1 run=2): Ollama generation failed: <urlopen error [Errno 61] Connection refused>

    [option_pool_shuffle] call failed (inst=1 run=3): Ollama generation failed: <urlopen error [Errno 61] Connection refused>
    option_pool_shuffle [gemma3:1b-it-qat] ████████░░░░░░░░░░░░ 24/60 (40%)
    [option_pool_shuffle] call failed (inst=1 run=4): Ollama generation failed: <urlopen error [Errno 61] Connection refused>
    [option_pool_shuffle] call failed (inst=1 run=5): Ollama generation failed: <urlopen error [Errno 61] Connection refused>
    [option_pool_shuffle] call failed (inst=1 run=6): Ollama generation failed: <urlopen error [Errno 61] Connection refused>
    option_pool_shuffle [gemma3:1b-it-qat] █████████░░░░░░░░░░░ 27/60 (45%)
    [option_pool_shuffle] call failed (inst=1 run=7): Ollama generation failed: <urlopen error [Errno 61] Connection refused>
    [option_pool_shuffle] call failed (inst=1 run=8): Ollama generation failed: <urlopen error [Errno 61] Connection refused>
    [option_pool_shuffle] call failed (inst=1 run=9): Ollama generation failed: <urlopen error [Errno 61] Connection refused>
    option_pool_shuffle [gemma3:1b-it-qat] ██████████░░░░░░░░░░ 30/60 (50%)
    [option_pool_shuffle] call failed (inst=1 run=10): Ollama generation failed: <urlopen error [Errno 61] Connection refused>
    [option_pool_shuffle] call failed (inst=1 run=12): Ollama generation failed: <urlopen error [Errno 61] Connection refused>
    [option_pool_shuffle] call failed (inst=1 run=11): Ollama generation failed: <urlopen error [Errno 61] Connection refused>    [option_pool_shuffle] call failed (inst=1 run=13): Ollama generation failed: <urlopen error [Errno 61] Connection refused>

    option_pool_shuffle [gemma3:1b-it-qat] ███████████░░░░░░░░░ 33/60 (55%)
    [option_pool_shuffle] call failed (inst=1 run=14): Ollama generation failed: <urlopen error [Errno 61] Connection refused>
    [option_pool_shuffle] call failed (inst=1 run=15): Ollama generation failed: <urlopen error [Errno 61] Connection refused>
    option_pool_shuffle [gemma3:1b-it-qat] ████████████░░░░░░░░ 36/60 (60%)
    [option_pool_shuffle] call failed (inst=1 run=16): Ollama generation failed: <urlopen error [Errno 61] Connection refused>
    [option_pool_shuffle] call failed (inst=1 run=18): Ollama generation failed: <urlopen error [Errno 61] Connection refused>    [option_pool_shuffle] call failed (inst=1 run=17): Ollama generation failed: <urlopen error [Errno 61] Connection refused>

    [option_pool_shuffle] call failed (inst=1 run=19): Ollama generation failed: <urlopen error [Errno 61] Connection refused>    option_pool_shuffle [gemma3:1b-it-qat] █████████████░░░░░░░ 39/60 (65%)

    [option_pool_shuffle] call failed (inst=2 run=0): Ollama generation failed: <urlopen error [Errno 61] Connection refused>
    [option_pool_shuffle] call failed (inst=2 run=1): Ollama generation failed: <urlopen error [Errno 61] Connection refused>
    option_pool_shuffle [gemma3:1b-it-qat] ██████████████░░░░░░ 42/60 (70%)
    [option_pool_shuffle] call failed (inst=2 run=4): Ollama generation failed: <urlopen error [Errno 61] Connection refused>    [option_pool_shuffle] call failed (inst=2 run=2): Ollama generation failed: <urlopen error [Errno 61] Connection refused>

    [option_pool_shuffle] call failed (inst=2 run=3): Ollama generation failed: <urlopen error [Errno 61] Connection refused>
    [option_pool_shuffle] call failed (inst=2 run=5): Ollama generation failed: <urlopen error [Errno 61] Connection refused>
    option_pool_shuffle [gemma3:1b-it-qat] ███████████████░░░░░ 45/60 (75%)
    [option_pool_shuffle] call failed (inst=2 run=7): Ollama generation failed: <urlopen error [Errno 61] Connection refused>
    [option_pool_shuffle] call failed (inst=2 run=6): Ollama generation failed: <urlopen error [Errno 61] Connection refused>
    [option_pool_shuffle] call failed (inst=2 run=8): Ollama generation failed: <urlopen error [Errno 61] Connection refused>    option_pool_shuffle [gemma3:1b-it-qat] ████████████████░░░░ 48/60 (80%)    [option_pool_shuffle] call failed (inst=2 run=9): Ollama generation failed: <urlopen error [Errno 61] Connection refused>


    [option_pool_shuffle] call failed (inst=2 run=10): Ollama generation failed: <urlopen error [Errno 61] Connection refused>
    option_pool_shuffle [gemma3:1b-it-qat] █████████████████░░░ 51/60 (85%)
    [option_pool_shuffle] call failed (inst=2 run=14): Ollama generation failed: <urlopen error [Errno 61] Connection refused>
    [option_pool_shuffle] call failed (inst=2 run=11): Ollama generation failed: <urlopen error [Errno 61] Connection refused>    [option_pool_shuffle] call failed (inst=2 run=12): Ollama generation failed: <urlopen error [Errno 61] Connection refused>    [option_pool_shuffle] call failed (inst=2 run=13): Ollama generation failed: <urlopen error [Errno 61] Connection refused>


    option_pool_shuffle [gemma3:1b-it-qat] ██████████████████░░ 54/60 (90%)
    [option_pool_shuffle] call failed (inst=2 run=18): Ollama generation failed: <urlopen error [Errno 61] Connection refused>
    [option_pool_shuffle] call failed (inst=2 run=16): Ollama generation failed: <urlopen error [Errno 61] Connection refused>
    [option_pool_shuffle] call failed (inst=2 run=17): Ollama generation failed: <urlopen error [Errno 61] Connection refused>    option_pool_shuffle [gemma3:1b-it-qat] ███████████████████░ 57/60 (95%)    [option_pool_shuffle] call failed (inst=2 run=15): Ollama generation failed: <urlopen error [Errno 61] Connection refused>


    [option_pool_shuffle] call failed (inst=2 run=19): Ollama generation failed: <urlopen error [Errno 61] Connection refused>
    option_pool_shuffle [gemma3:1b-it-qat] ████████████████████ 60/60 (100%)
      option_pool_shuffle: 60 empty responses dropped, refilling (attempt 3/3)
    [option_pool_shuffle] call failed (inst=0 run=0): Ollama generation failed: <urlopen error [Errno 61] Connection refused>
    [option_pool_shuffle] call failed (inst=0 run=3): Ollama generation failed: <urlopen error [Errno 61] Connection refused>
    [option_pool_shuffle] call failed (inst=0 run=2): Ollama generation failed: <urlopen error [Errno 61] Connection refused>
    [option_pool_shuffle] call failed (inst=0 run=1): Ollama generation failed: <urlopen error [Errno 61] Connection refused>
    option_pool_shuffle [gemma3:1b-it-qat] █░░░░░░░░░░░░░░░░░░░ 3/60 (5%)
    [option_pool_shuffle] call failed (inst=0 run=4): Ollama generation failed: <urlopen error [Errno 61] Connection refused>
    [option_pool_shuffle] call failed (inst=0 run=7): Ollama generation failed: <urlopen error [Errno 61] Connection refused>
    option_pool_shuffle [gemma3:1b-it-qat] ██░░░░░░░░░░░░░░░░░░ 6/60 (10%)
    [option_pool_shuffle] call failed (inst=0 run=6): Ollama generation failed: <urlopen error [Errno 61] Connection refused>    [option_pool_shuffle] call failed (inst=0 run=5): Ollama generation failed: <urlopen error [Errno 61] Connection refused>
    [option_pool_shuffle] call failed (inst=0 run=8): Ollama generation failed: <urlopen error [Errno 61] Connection refused>

    option_pool_shuffle [gemma3:1b-it-qat] ███░░░░░░░░░░░░░░░░░ 9/60 (15%)
    [option_pool_shuffle] call failed (inst=0 run=10): Ollama generation failed: <urlopen error [Errno 61] Connection refused>
    [option_pool_shuffle] call failed (inst=0 run=12): Ollama generation failed: <urlopen error [Errno 61] Connection refused>
    [option_pool_shuffle] call failed (inst=0 run=9): Ollama generation failed: <urlopen error [Errno 61] Connection refused>
    [option_pool_shuffle] call failed (inst=0 run=11): Ollama generation failed: <urlopen error [Errno 61] Connection refused>
    option_pool_shuffle [gemma3:1b-it-qat] ████░░░░░░░░░░░░░░░░ 12/60 (20%)
    [option_pool_shuffle] call failed (inst=0 run=16): Ollama generation failed: <urlopen error [Errno 61] Connection refused>
    [option_pool_shuffle] call failed (inst=0 run=14): Ollama generation failed: <urlopen error [Errno 61] Connection refused>    [option_pool_shuffle] call failed (inst=0 run=15): Ollama generation failed: <urlopen error [Errno 61] Connection refused>

    [option_pool_shuffle] call failed (inst=0 run=13): Ollama generation failed: <urlopen error [Errno 61] Connection refused>    option_pool_shuffle [gemma3:1b-it-qat] █████░░░░░░░░░░░░░░░ 15/60 (25%)

    [option_pool_shuffle] call failed (inst=0 run=17): Ollama generation failed: <urlopen error [Errno 61] Connection refused>
    option_pool_shuffle [gemma3:1b-it-qat] ██████░░░░░░░░░░░░░░ 18/60 (30%)
    [option_pool_shuffle] call failed (inst=0 run=18): Ollama generation failed: <urlopen error [Errno 61] Connection refused>
    [option_pool_shuffle] call failed (inst=0 run=19): Ollama generation failed: <urlopen error [Errno 61] Connection refused>    [option_pool_shuffle] call failed (inst=1 run=0): Ollama generation failed: <urlopen error [Errno 61] Connection refused>

    [option_pool_shuffle] call failed (inst=1 run=1): Ollama generation failed: <urlopen error [Errno 61] Connection refused>
    option_pool_shuffle [gemma3:1b-it-qat] ███████░░░░░░░░░░░░░ 21/60 (35%)
    [option_pool_shuffle] call failed (inst=1 run=2): Ollama generation failed: <urlopen error [Errno 61] Connection refused>
    [option_pool_shuffle] call failed (inst=1 run=4): Ollama generation failed: <urlopen error [Errno 61] Connection refused>
    [option_pool_shuffle] call failed (inst=1 run=5): Ollama generation failed: <urlopen error [Errno 61] Connection refused>
    [option_pool_shuffle] call failed (inst=1 run=3): Ollama generation failed: <urlopen error [Errno 61] Connection refused>
    option_pool_shuffle [gemma3:1b-it-qat] ████████░░░░░░░░░░░░ 24/60 (40%)
    [option_pool_shuffle] call failed (inst=1 run=6): Ollama generation failed: <urlopen error [Errno 61] Connection refused>
    option_pool_shuffle [gemma3:1b-it-qat] █████████░░░░░░░░░░░ 27/60 (45%)
    [option_pool_shuffle] call failed (inst=1 run=7): Ollama generation failed: <urlopen error [Errno 61] Connection refused>
    [option_pool_shuffle] call failed (inst=1 run=8): Ollama generation failed: <urlopen error [Errno 61] Connection refused>    [option_pool_shuffle] call failed (inst=1 run=9): Ollama generation failed: <urlopen error [Errno 61] Connection refused>

    option_pool_shuffle [gemma3:1b-it-qat] ██████████░░░░░░░░░░ 30/60 (50%)
    [option_pool_shuffle] call failed (inst=1 run=13): Ollama generation failed: <urlopen error [Errno 61] Connection refused>
    [option_pool_shuffle] call failed (inst=1 run=12): Ollama generation failed: <urlopen error [Errno 61] Connection refused>
    [option_pool_shuffle] call failed (inst=1 run=11): Ollama generation failed: <urlopen error [Errno 61] Connection refused>    [option_pool_shuffle] call failed (inst=1 run=10): Ollama generation failed: <urlopen error [Errno 61] Connection refused>

    option_pool_shuffle [gemma3:1b-it-qat] ███████████░░░░░░░░░ 33/60 (55%)
    [option_pool_shuffle] call failed (inst=1 run=17): Ollama generation failed: <urlopen error [Errno 61] Connection refused>
    [option_pool_shuffle] call failed (inst=1 run=15): Ollama generation failed: <urlopen error [Errno 61] Connection refused>
    [option_pool_shuffle] call failed (inst=1 run=14): Ollama generation failed: <urlopen error [Errno 61] Connection refused>    [option_pool_shuffle] call failed (inst=1 run=16): Ollama generation failed: <urlopen error [Errno 61] Connection refused>
    option_pool_shuffle [gemma3:1b-it-qat] ████████████░░░░░░░░ 36/60 (60%)

    [option_pool_shuffle] call failed (inst=1 run=18): Ollama generation failed: <urlopen error [Errno 61] Connection refused>
    option_pool_shuffle [gemma3:1b-it-qat] █████████████░░░░░░░ 39/60 (65%)
    [option_pool_shuffle] call failed (inst=2 run=0): Ollama generation failed: <urlopen error [Errno 61] Connection refused>
    [option_pool_shuffle] call failed (inst=2 run=1): Ollama generation failed: <urlopen error [Errno 61] Connection refused>    [option_pool_shuffle] call failed (inst=1 run=19): Ollama generation failed: <urlopen error [Errno 61] Connection refused>

    [option_pool_shuffle] call failed (inst=2 run=2): Ollama generation failed: <urlopen error [Errno 61] Connection refused>
    option_pool_shuffle [gemma3:1b-it-qat] ██████████████░░░░░░ 42/60 (70%)
    [option_pool_shuffle] call failed (inst=2 run=3): Ollama generation failed: <urlopen error [Errno 61] Connection refused>
    [option_pool_shuffle] call failed (inst=2 run=6): Ollama generation failed: <urlopen error [Errno 61] Connection refused>    [option_pool_shuffle] call failed (inst=2 run=5): Ollama generation failed: <urlopen error [Errno 61] Connection refused>    [option_pool_shuffle] call failed (inst=2 run=4): Ollama generation failed: <urlopen error [Errno 61] Connection refused>


    option_pool_shuffle [gemma3:1b-it-qat] ███████████████░░░░░ 45/60 (75%)
    [option_pool_shuffle] call failed (inst=2 run=7): Ollama generation failed: <urlopen error [Errno 61] Connection refused>
    option_pool_shuffle [gemma3:1b-it-qat] ████████████████░░░░ 48/60 (80%)
    [option_pool_shuffle] call failed (inst=2 run=8): Ollama generation failed: <urlopen error [Errno 61] Connection refused>
    [option_pool_shuffle] call failed (inst=2 run=9): Ollama generation failed: <urlopen error [Errno 61] Connection refused>
    [option_pool_shuffle] call failed (inst=2 run=10): Ollama generation failed: <urlopen error [Errno 61] Connection refused>
    [option_pool_shuffle] call failed (inst=2 run=11): Ollama generation failed: <urlopen error [Errno 61] Connection refused>    option_pool_shuffle [gemma3:1b-it-qat] █████████████████░░░ 51/60 (85%)

    [option_pool_shuffle] call failed (inst=2 run=12): Ollama generation failed: <urlopen error [Errno 61] Connection refused>
    [option_pool_shuffle] call failed (inst=2 run=13): Ollama generation failed: <urlopen error [Errno 61] Connection refused>
    option_pool_shuffle [gemma3:1b-it-qat] ██████████████████░░ 54/60 (90%)
    [option_pool_shuffle] call failed (inst=2 run=15): Ollama generation failed: <urlopen error [Errno 61] Connection refused>
    [option_pool_shuffle] call failed (inst=2 run=14): Ollama generation failed: <urlopen error [Errno 61] Connection refused>
    [option_pool_shuffle] call failed (inst=2 run=16): Ollama generation failed: <urlopen error [Errno 61] Connection refused>
    [option_pool_shuffle] call failed (inst=2 run=17): Ollama generation failed: <urlopen error [Errno 61] Connection refused>
    option_pool_shuffle [gemma3:1b-it-qat] ███████████████████░ 57/60 (95%)
    [option_pool_shuffle] call failed (inst=2 run=18): Ollama generation failed: <urlopen error [Errno 61] Connection refused>
    [option_pool_shuffle] call failed (inst=2 run=19): Ollama generation failed: <urlopen error [Errno 61] Connection refused>
    option_pool_shuffle [gemma3:1b-it-qat] ████████████████████ 60/60 (100%)
      option_pool_shuffle: 60 empty responses dropped, refilling (attempt 4/3)
      option_pool_shuffle: STILL SHORT after 3 refills -- this cell is incomplete and must not be reported as measured
    [multi_round_stacked_dilution] call failed (inst=0 run=3): Ollama generation failed: <urlopen error [Errno 61] Connection refused>    [multi_round_stacked_dilution] call failed (inst=0 run=0): Ollama generation failed: <urlopen error [Errno 61] Connection refused>

    [multi_round_stacked_dilution] call failed (inst=0 run=2): Ollama generation failed: <urlopen error [Errno 61] Connection refused>
    [multi_round_stacked_dilution] call failed (inst=0 run=1): Ollama generation failed: <urlopen error [Errno 61] Connection refused>
    [multi_round_stacked_dilution] call failed (inst=0 run=7): Ollama generation failed: <urlopen error [Errno 61] Connection refused>
    [multi_round_stacked_dilution] call failed (inst=0 run=5): Ollama generation failed: <urlopen error [Errno 61] Connection refused>
    multi_round_stacked_dilution [gemma3:1b-it-qat] █░░░░░░░░░░░░░░░░░░░ 5/100 (5%)
    [multi_round_stacked_dilution] call failed (inst=0 run=6): Ollama generation failed: <urlopen error [Errno 61] Connection refused>
    [multi_round_stacked_dilution] call failed (inst=0 run=4): Ollama generation failed: <urlopen error [Errno 61] Connection refused>
    [multi_round_stacked_dilution] call failed (inst=0 run=10): Ollama generation failed: <urlopen error [Errno 61] Connection refused>
    [multi_round_stacked_dilution] call failed (inst=0 run=8): Ollama generation failed: <urlopen error [Errno 61] Connection refused>
    [multi_round_stacked_dilution] call failed (inst=0 run=11): Ollama generation failed: <urlopen error [Errno 61] Connection refused>    [multi_round_stacked_dilution] call failed (inst=0 run=9): Ollama generation failed: <urlopen error [Errno 61] Connection refused>

    multi_round_stacked_dilution [gemma3:1b-it-qat] ██░░░░░░░░░░░░░░░░░░ 10/100 (10%)
    [multi_round_stacked_dilution] call failed (inst=0 run=13): Ollama generation failed: <urlopen error [Errno 61] Connection refused>
    [multi_round_stacked_dilution] call failed (inst=0 run=14): Ollama generation failed: <urlopen error [Errno 61] Connection refused>    [multi_round_stacked_dilution] call failed (inst=0 run=12): Ollama generation failed: <urlopen error [Errno 61] Connection refused>
    [multi_round_stacked_dilution] call failed (inst=0 run=15): Ollama generation failed: <urlopen error [Errno 61] Connection refused>

    multi_round_stacked_dilution [gemma3:1b-it-qat] ███░░░░░░░░░░░░░░░░░ 15/100 (15%)
    [multi_round_stacked_dilution] call failed (inst=0 run=16): Ollama generation failed: <urlopen error [Errno 61] Connection refused>
    [multi_round_stacked_dilution] call failed (inst=0 run=18): Ollama generation failed: <urlopen error [Errno 61] Connection refused>
    [multi_round_stacked_dilution] call failed (inst=0 run=17): Ollama generation failed: <urlopen error [Errno 61] Connection refused>    [multi_round_stacked_dilution] call failed (inst=1 run=0): Ollama generation failed: <urlopen error [Errno 61] Connection refused>

    [multi_round_stacked_dilution] call failed (inst=0 run=19): Ollama generation failed: <urlopen error [Errno 61] Connection refused>
    multi_round_stacked_dilution [gemma3:1b-it-qat] ████░░░░░░░░░░░░░░░░ 20/100 (20%)
    [multi_round_stacked_dilution] call failed (inst=1 run=3): Ollama generation failed: <urlopen error [Errno 61] Connection refused>
    [multi_round_stacked_dilution] call failed (inst=1 run=2): Ollama generation failed: <urlopen error [Errno 61] Connection refused>    [multi_round_stacked_dilution] call failed (inst=1 run=4): Ollama generation failed: <urlopen error [Errno 61] Connection refused>

    [multi_round_stacked_dilution] call failed (inst=1 run=1): Ollama generation failed: <urlopen error [Errno 61] Connection refused>
    multi_round_stacked_dilution [gemma3:1b-it-qat] █████░░░░░░░░░░░░░░░ 25/100 (25%)
    [multi_round_stacked_dilution] call failed (inst=1 run=8): Ollama generation failed: <urlopen error [Errno 61] Connection refused>
    [multi_round_stacked_dilution] call failed (inst=1 run=6): Ollama generation failed: <urlopen error [Errno 61] Connection refused>
    [multi_round_stacked_dilution] call failed (inst=1 run=7): Ollama generation failed: <urlopen error [Errno 61] Connection refused>    [multi_round_stacked_dilution] call failed (inst=1 run=5): Ollama generation failed: <urlopen error [Errno 61] Connection refused>

    [multi_round_stacked_dilution] call failed (inst=1 run=12): Ollama generation failed: <urlopen error [Errno 61] Connection refused>
    multi_round_stacked_dilution [gemma3:1b-it-qat] ██████░░░░░░░░░░░░░░ 30/100 (30%)    [multi_round_stacked_dilution] call failed (inst=1 run=9): Ollama generation failed: <urlopen error [Errno 61] Connection refused>

    [multi_round_stacked_dilution] call failed (inst=1 run=11): Ollama generation failed: <urlopen error [Errno 61] Connection refused>    [multi_round_stacked_dilution] call failed (inst=1 run=10): Ollama generation failed: <urlopen error [Errno 61] Connection refused>

    [multi_round_stacked_dilution] call failed (inst=1 run=13): Ollama generation failed: <urlopen error [Errno 61] Connection refused>
    [multi_round_stacked_dilution] call failed (inst=1 run=14): Ollama generation failed: <urlopen error [Errno 61] Connection refused>
    multi_round_stacked_dilution [gemma3:1b-it-qat] ███████░░░░░░░░░░░░░ 35/100 (35%)
    [multi_round_stacked_dilution] call failed (inst=1 run=15): Ollama generation failed: <urlopen error [Errno 61] Connection refused>
    [multi_round_stacked_dilution] call failed (inst=1 run=16): Ollama generation failed: <urlopen error [Errno 61] Connection refused>
    [multi_round_stacked_dilution] call failed (inst=1 run=17): Ollama generation failed: <urlopen error [Errno 61] Connection refused>
    [multi_round_stacked_dilution] call failed (inst=1 run=18): Ollama generation failed: <urlopen error [Errno 61] Connection refused>
    [multi_round_stacked_dilution] call failed (inst=2 run=0): Ollama generation failed: <urlopen error [Errno 61] Connection refused>
    multi_round_stacked_dilution [gemma3:1b-it-qat] ████████░░░░░░░░░░░░ 40/100 (40%)
    [multi_round_stacked_dilution] call failed (inst=1 run=19): Ollama generation failed: <urlopen error [Errno 61] Connection refused>
    [multi_round_stacked_dilution] call failed (inst=2 run=2): Ollama generation failed: <urlopen error [Errno 61] Connection refused>
    [multi_round_stacked_dilution] call failed (inst=2 run=1): Ollama generation failed: <urlopen error [Errno 61] Connection refused>
    [multi_round_stacked_dilution] call failed (inst=2 run=4): Ollama generation failed: <urlopen error [Errno 61] Connection refused>
    [multi_round_stacked_dilution] call failed (inst=2 run=3): Ollama generation failed: <urlopen error [Errno 61] Connection refused>
    multi_round_stacked_dilution [gemma3:1b-it-qat] █████████░░░░░░░░░░░ 45/100 (45%)
    [multi_round_stacked_dilution] call failed (inst=2 run=5): Ollama generation failed: <urlopen error [Errno 61] Connection refused>
    [multi_round_stacked_dilution] call failed (inst=2 run=6): Ollama generation failed: <urlopen error [Errno 61] Connection refused>
    [multi_round_stacked_dilution] call failed (inst=2 run=7): Ollama generation failed: <urlopen error [Errno 61] Connection refused>
    [multi_round_stacked_dilution] call failed (inst=2 run=8): Ollama generation failed: <urlopen error [Errno 61] Connection refused>
    [multi_round_stacked_dilution] call failed (inst=2 run=10): Ollama generation failed: <urlopen error [Errno 61] Connection refused>    [multi_round_stacked_dilution] call failed (inst=2 run=9): Ollama generation failed: <urlopen error [Errno 61] Connection refused>

    multi_round_stacked_dilution [gemma3:1b-it-qat] ██████████░░░░░░░░░░ 50/100 (50%)
    [multi_round_stacked_dilution] call failed (inst=2 run=11): Ollama generation failed: <urlopen error [Errno 61] Connection refused>
    [multi_round_stacked_dilution] call failed (inst=2 run=12): Ollama generation failed: <urlopen error [Errno 61] Connection refused>
    [multi_round_stacked_dilution] call failed (inst=2 run=14): Ollama generation failed: <urlopen error [Errno 61] Connection refused>    [multi_round_stacked_dilution] call failed (inst=2 run=13): Ollama generation failed: <urlopen error [Errno 61] Connection refused>

    multi_round_stacked_dilution [gemma3:1b-it-qat] ███████████░░░░░░░░░ 55/100 (55%)
    [multi_round_stacked_dilution] call failed (inst=2 run=15): Ollama generation failed: <urlopen error [Errno 61] Connection refused>
    [multi_round_stacked_dilution] call failed (inst=2 run=16): Ollama generation failed: <urlopen error [Errno 61] Connection refused>
    [multi_round_stacked_dilution] call failed (inst=2 run=17): Ollama generation failed: <urlopen error [Errno 61] Connection refused>
    [multi_round_stacked_dilution] call failed (inst=2 run=19): Ollama generation failed: <urlopen error [Errno 61] Connection refused>
    [multi_round_stacked_dilution] call failed (inst=2 run=18): Ollama generation failed: <urlopen error [Errno 61] Connection refused>
    multi_round_stacked_dilution [gemma3:1b-it-qat] ████████████░░░░░░░░ 60/100 (60%)
    [multi_round_stacked_dilution] call failed (inst=3 run=0): Ollama generation failed: <urlopen error [Errno 61] Connection refused>
    [multi_round_stacked_dilution] call failed (inst=3 run=2): Ollama generation failed: <urlopen error [Errno 61] Connection refused>
    [multi_round_stacked_dilution] call failed (inst=3 run=3): Ollama generation failed: <urlopen error [Errno 61] Connection refused>
    [multi_round_stacked_dilution] call failed (inst=3 run=4): Ollama generation failed: <urlopen error [Errno 61] Connection refused>    [multi_round_stacked_dilution] call failed (inst=3 run=1): Ollama generation failed: <urlopen error [Errno 61] Connection refused>

    multi_round_stacked_dilution [gemma3:1b-it-qat] █████████████░░░░░░░ 65/100 (65%)
    [multi_round_stacked_dilution] call failed (inst=3 run=6): Ollama generation failed: <urlopen error [Errno 61] Connection refused>
    [multi_round_stacked_dilution] call failed (inst=3 run=5): Ollama generation failed: <urlopen error [Errno 61] Connection refused>
    [multi_round_stacked_dilution] call failed (inst=3 run=8): Ollama generation failed: <urlopen error [Errno 61] Connection refused>
    [multi_round_stacked_dilution] call failed (inst=3 run=7): Ollama generation failed: <urlopen error [Errno 61] Connection refused>
    [multi_round_stacked_dilution] call failed (inst=3 run=9): Ollama generation failed: <urlopen error [Errno 61] Connection refused>
    [multi_round_stacked_dilution] call failed (inst=3 run=10): Ollama generation failed: <urlopen error [Errno 61] Connection refused>
    multi_round_stacked_dilution [gemma3:1b-it-qat] ██████████████░░░░░░ 70/100 (70%)
    [multi_round_stacked_dilution] call failed (inst=3 run=11): Ollama generation failed: <urlopen error [Errno 61] Connection refused>
    [multi_round_stacked_dilution] call failed (inst=3 run=12): Ollama generation failed: <urlopen error [Errno 61] Connection refused>
    [multi_round_stacked_dilution] call failed (inst=3 run=13): Ollama generation failed: <urlopen error [Errno 61] Connection refused>
    [multi_round_stacked_dilution] call failed (inst=3 run=16): Ollama generation failed: <urlopen error [Errno 61] Connection refused>
    multi_round_stacked_dilution [gemma3:1b-it-qat] ███████████████░░░░░ 75/100 (75%)
    [multi_round_stacked_dilution] call failed (inst=3 run=15): Ollama generation failed: <urlopen error [Errno 61] Connection refused>
    [multi_round_stacked_dilution] call failed (inst=3 run=17): Ollama generation failed: <urlopen error [Errno 61] Connection refused>
    [multi_round_stacked_dilution] call failed (inst=3 run=14): Ollama generation failed: <urlopen error [Errno 61] Connection refused>
    [multi_round_stacked_dilution] call failed (inst=3 run=19): Ollama generation failed: <urlopen error [Errno 61] Connection refused>
    [multi_round_stacked_dilution] call failed (inst=3 run=18): Ollama generation failed: <urlopen error [Errno 61] Connection refused>
    [multi_round_stacked_dilution] call failed (inst=4 run=0): Ollama generation failed: <urlopen error [Errno 61] Connection refused>
    multi_round_stacked_dilution [gemma3:1b-it-qat] ████████████████░░░░ 80/100 (80%)
    [multi_round_stacked_dilution] call failed (inst=4 run=1): Ollama generation failed: <urlopen error [Errno 61] Connection refused>
    [multi_round_stacked_dilution] call failed (inst=4 run=2): Ollama generation failed: <urlopen error [Errno 61] Connection refused>
    [multi_round_stacked_dilution] call failed (inst=4 run=3): Ollama generation failed: <urlopen error [Errno 61] Connection refused>
    [multi_round_stacked_dilution] call failed (inst=4 run=4): Ollama generation failed: <urlopen error [Errno 61] Connection refused>
    [multi_round_stacked_dilution] call failed (inst=4 run=5): Ollama generation failed: <urlopen error [Errno 61] Connection refused>
    multi_round_stacked_dilution [gemma3:1b-it-qat] █████████████████░░░ 85/100 (85%)
    [multi_round_stacked_dilution] call failed (inst=4 run=6): Ollama generation failed: <urlopen error [Errno 61] Connection refused>
    [multi_round_stacked_dilution] call failed (inst=4 run=7): Ollama generation failed: <urlopen error [Errno 61] Connection refused>
    [multi_round_stacked_dilution] call failed (inst=4 run=8): Ollama generation failed: <urlopen error [Errno 61] Connection refused>
    [multi_round_stacked_dilution] call failed (inst=4 run=9): Ollama generation failed: <urlopen error [Errno 61] Connection refused>
    multi_round_stacked_dilution [gemma3:1b-it-qat] ██████████████████░░ 90/100 (90%)    [multi_round_stacked_dilution] call failed (inst=4 run=10): Ollama generation failed: <urlopen error [Errno 61] Connection refused>    [multi_round_stacked_dilution] call failed (inst=4 run=11): Ollama generation failed: <urlopen error [Errno 61] Connection refused>


    [multi_round_stacked_dilution] call failed (inst=4 run=12): Ollama generation failed: <urlopen error [Errno 61] Connection refused>
    [multi_round_stacked_dilution] call failed (inst=4 run=13): Ollama generation failed: <urlopen error [Errno 61] Connection refused>
    [multi_round_stacked_dilution] call failed (inst=4 run=15): Ollama generation failed: <urlopen error [Errno 61] Connection refused>
    multi_round_stacked_dilution [gemma3:1b-it-qat] ███████████████████░ 95/100 (95%)
    [multi_round_stacked_dilution] call failed (inst=4 run=14): Ollama generation failed: <urlopen error [Errno 61] Connection refused>    [multi_round_stacked_dilution] call failed (inst=4 run=16): Ollama generation failed: <urlopen error [Errno 61] Connection refused>

    [multi_round_stacked_dilution] call failed (inst=4 run=17): Ollama generation failed: <urlopen error [Errno 61] Connection refused>
    [multi_round_stacked_dilution] call failed (inst=4 run=18): Ollama generation failed: <urlopen error [Errno 61] Connection refused>
    [multi_round_stacked_dilution] call failed (inst=4 run=19): Ollama generation failed: <urlopen error [Errno 61] Connection refused>
    multi_round_stacked_dilution [gemma3:1b-it-qat] ████████████████████ 100/100 (100%)
      multi_round_stacked_dilution: 100 empty responses dropped, refilling (attempt 1/3)
    [multi_round_stacked_dilution] call failed (inst=0 run=0): Ollama generation failed: <urlopen error [Errno 61] Connection refused>
    [multi_round_stacked_dilution] call failed (inst=0 run=3): Ollama generation failed: <urlopen error [Errno 61] Connection refused>
    [multi_round_stacked_dilution] call failed (inst=0 run=1): Ollama generation failed: <urlopen error [Errno 61] Connection refused>
    [multi_round_stacked_dilution] call failed (inst=0 run=2): Ollama generation failed: <urlopen error [Errno 61] Connection refused>
    [multi_round_stacked_dilution] call failed (inst=0 run=7): Ollama generation failed: <urlopen error [Errno 61] Connection refused>
    multi_round_stacked_dilution [gemma3:1b-it-qat] █░░░░░░░░░░░░░░░░░░░ 5/100 (5%)
    [multi_round_stacked_dilution] call failed (inst=0 run=5): Ollama generation failed: <urlopen error [Errno 61] Connection refused>    [multi_round_stacked_dilution] call failed (inst=0 run=6): Ollama generation failed: <urlopen error [Errno 61] Connection refused>    [multi_round_stacked_dilution] call failed (inst=0 run=4): Ollama generation failed: <urlopen error [Errno 61] Connection refused>


    [multi_round_stacked_dilution] call failed (inst=0 run=8): Ollama generation failed: <urlopen error [Errno 61] Connection refused>
    [multi_round_stacked_dilution] call failed (inst=0 run=10): Ollama generation failed: <urlopen error [Errno 61] Connection refused>
    multi_round_stacked_dilution [gemma3:1b-it-qat] ██░░░░░░░░░░░░░░░░░░ 10/100 (10%)
    [multi_round_stacked_dilution] call failed (inst=0 run=9): Ollama generation failed: <urlopen error [Errno 61] Connection refused>    [multi_round_stacked_dilution] call failed (inst=0 run=11): Ollama generation failed: <urlopen error [Errno 61] Connection refused>

    [multi_round_stacked_dilution] call failed (inst=0 run=12): Ollama generation failed: <urlopen error [Errno 61] Connection refused>
    [multi_round_stacked_dilution] call failed (inst=0 run=14): Ollama generation failed: <urlopen error [Errno 61] Connection refused>
    [multi_round_stacked_dilution] call failed (inst=0 run=15): Ollama generation failed: <urlopen error [Errno 61] Connection refused>
    [multi_round_stacked_dilution] call failed (inst=0 run=16): Ollama generation failed: <urlopen error [Errno 61] Connection refused>
    [multi_round_stacked_dilution] call failed (inst=0 run=13): Ollama generation failed: <urlopen error [Errno 61] Connection refused>
    multi_round_stacked_dilution [gemma3:1b-it-qat] ███░░░░░░░░░░░░░░░░░ 15/100 (15%)
    [multi_round_stacked_dilution] call failed (inst=1 run=0): Ollama generation failed: <urlopen error [Errno 61] Connection refused>
    [multi_round_stacked_dilution] call failed (inst=0 run=17): Ollama generation failed: <urlopen error [Errno 61] Connection refused>
    [multi_round_stacked_dilution] call failed (inst=0 run=19): Ollama generation failed: <urlopen error [Errno 61] Connection refused>
    [multi_round_stacked_dilution] call failed (inst=0 run=18): Ollama generation failed: <urlopen error [Errno 61] Connection refused>
    multi_round_stacked_dilution [gemma3:1b-it-qat] ████░░░░░░░░░░░░░░░░ 20/100 (20%)
    [multi_round_stacked_dilution] call failed (inst=1 run=4): Ollama generation failed: <urlopen error [Errno 61] Connection refused>
    [multi_round_stacked_dilution] call failed (inst=1 run=1): Ollama generation failed: <urlopen error [Errno 61] Connection refused>
    [multi_round_stacked_dilution] call failed (inst=1 run=3): Ollama generation failed: <urlopen error [Errno 61] Connection refused>    [multi_round_stacked_dilution] call failed (inst=1 run=2): Ollama generation failed: <urlopen error [Errno 61] Connection refused>

    multi_round_stacked_dilution [gemma3:1b-it-qat] █████░░░░░░░░░░░░░░░ 25/100 (25%)
    [multi_round_stacked_dilution] call failed (inst=1 run=6): Ollama generation failed: <urlopen error [Errno 61] Connection refused>
    [multi_round_stacked_dilution] call failed (inst=1 run=5): Ollama generation failed: <urlopen error [Errno 61] Connection refused>
    [multi_round_stacked_dilution] call failed (inst=1 run=7): Ollama generation failed: <urlopen error [Errno 61] Connection refused>    [multi_round_stacked_dilution] call failed (inst=1 run=8): Ollama generation failed: <urlopen error [Errno 61] Connection refused>

    [multi_round_stacked_dilution] call failed (inst=1 run=9): Ollama generation failed: <urlopen error [Errno 61] Connection refused>
    multi_round_stacked_dilution [gemma3:1b-it-qat] ██████░░░░░░░░░░░░░░ 30/100 (30%)
    [multi_round_stacked_dilution] call failed (inst=1 run=12): Ollama generation failed: <urlopen error [Errno 61] Connection refused>
    [multi_round_stacked_dilution] call failed (inst=1 run=13): Ollama generation failed: <urlopen error [Errno 61] Connection refused>
    [multi_round_stacked_dilution] call failed (inst=1 run=10): Ollama generation failed: <urlopen error [Errno 61] Connection refused>
    [multi_round_stacked_dilution] call failed (inst=1 run=11): Ollama generation failed: <urlopen error [Errno 61] Connection refused>
    [multi_round_stacked_dilution] call failed (inst=1 run=14): Ollama generation failed: <urlopen error [Errno 61] Connection refused>
    multi_round_stacked_dilution [gemma3:1b-it-qat] ███████░░░░░░░░░░░░░ 35/100 (35%)
    [multi_round_stacked_dilution] call failed (inst=1 run=17): Ollama generation failed: <urlopen error [Errno 61] Connection refused>
    [multi_round_stacked_dilution] call failed (inst=1 run=18): Ollama generation failed: <urlopen error [Errno 61] Connection refused>
    [multi_round_stacked_dilution] call failed (inst=1 run=15): Ollama generation failed: <urlopen error [Errno 61] Connection refused>    [multi_round_stacked_dilution] call failed (inst=1 run=16): Ollama generation failed: <urlopen error [Errno 61] Connection refused>

    [multi_round_stacked_dilution] call failed (inst=1 run=19): Ollama generation failed: <urlopen error [Errno 61] Connection refused>
    multi_round_stacked_dilution [gemma3:1b-it-qat] ████████░░░░░░░░░░░░ 40/100 (40%)
    [multi_round_stacked_dilution] call failed (inst=2 run=2): Ollama generation failed: <urlopen error [Errno 61] Connection refused>
    [multi_round_stacked_dilution] call failed (inst=2 run=0): Ollama generation failed: <urlopen error [Errno 61] Connection refused>    [multi_round_stacked_dilution] call failed (inst=2 run=1): Ollama generation failed: <urlopen error [Errno 61] Connection refused>

    [multi_round_stacked_dilution] call failed (inst=2 run=3): Ollama generation failed: <urlopen error [Errno 61] Connection refused>
    [multi_round_stacked_dilution] call failed (inst=2 run=7): Ollama generation failed: <urlopen error [Errno 61] Connection refused>
    multi_round_stacked_dilution [gemma3:1b-it-qat] █████████░░░░░░░░░░░ 45/100 (45%)
    [multi_round_stacked_dilution] call failed (inst=2 run=5): Ollama generation failed: <urlopen error [Errno 61] Connection refused>
    [multi_round_stacked_dilution] call failed (inst=2 run=6): Ollama generation failed: <urlopen error [Errno 61] Connection refused>
    [multi_round_stacked_dilution] call failed (inst=2 run=4): Ollama generation failed: <urlopen error [Errno 61] Connection refused>
    [multi_round_stacked_dilution] call failed (inst=2 run=9): Ollama generation failed: <urlopen error [Errno 61] Connection refused>
    [multi_round_stacked_dilution] call failed (inst=2 run=11): Ollama generation failed: <urlopen error [Errno 61] Connection refused>    [multi_round_stacked_dilution] call failed (inst=2 run=10): Ollama generation failed: <urlopen error [Errno 61] Connection refused>

    [multi_round_stacked_dilution] call failed (inst=2 run=8): Ollama generation failed: <urlopen error [Errno 61] Connection refused>
    multi_round_stacked_dilution [gemma3:1b-it-qat] ██████████░░░░░░░░░░ 50/100 (50%)
    [multi_round_stacked_dilution] call failed (inst=2 run=14): Ollama generation failed: <urlopen error [Errno 61] Connection refused>
    [multi_round_stacked_dilution] call failed (inst=2 run=12): Ollama generation failed: <urlopen error [Errno 61] Connection refused>
    [multi_round_stacked_dilution] call failed (inst=2 run=15): Ollama generation failed: <urlopen error [Errno 61] Connection refused>
    [multi_round_stacked_dilution] call failed (inst=2 run=13): Ollama generation failed: <urlopen error [Errno 61] Connection refused>
    multi_round_stacked_dilution [gemma3:1b-it-qat] ███████████░░░░░░░░░ 55/100 (55%)
    [multi_round_stacked_dilution] call failed (inst=2 run=16): Ollama generation failed: <urlopen error [Errno 61] Connection refused>
    [multi_round_stacked_dilution] call failed (inst=2 run=17): Ollama generation failed: <urlopen error [Errno 61] Connection refused>
    [multi_round_stacked_dilution] call failed (inst=2 run=19): Ollama generation failed: <urlopen error [Errno 61] Connection refused>
    [multi_round_stacked_dilution] call failed (inst=2 run=18): Ollama generation failed: <urlopen error [Errno 61] Connection refused>
    [multi_round_stacked_dilution] call failed (inst=3 run=0): Ollama generation failed: <urlopen error [Errno 61] Connection refused>
    multi_round_stacked_dilution [gemma3:1b-it-qat] ████████████░░░░░░░░ 60/100 (60%)
    [multi_round_stacked_dilution] call failed (inst=3 run=1): Ollama generation failed: <urlopen error [Errno 61] Connection refused>
    [multi_round_stacked_dilution] call failed (inst=3 run=3): Ollama generation failed: <urlopen error [Errno 61] Connection refused>
    [multi_round_stacked_dilution] call failed (inst=3 run=2): Ollama generation failed: <urlopen error [Errno 61] Connection refused>    [multi_round_stacked_dilution] call failed (inst=3 run=4): Ollama generation failed: <urlopen error [Errno 61] Connection refused>

    [multi_round_stacked_dilution] call failed (inst=3 run=5): Ollama generation failed: <urlopen error [Errno 61] Connection refused>
    multi_round_stacked_dilution [gemma3:1b-it-qat] █████████████░░░░░░░ 65/100 (65%)
    [multi_round_stacked_dilution] call failed (inst=3 run=9): Ollama generation failed: <urlopen error [Errno 61] Connection refused>
    [multi_round_stacked_dilution] call failed (inst=3 run=8): Ollama generation failed: <urlopen error [Errno 61] Connection refused>    [multi_round_stacked_dilution] call failed (inst=3 run=7): Ollama generation failed: <urlopen error [Errno 61] Connection refused>

    [multi_round_stacked_dilution] call failed (inst=3 run=6): Ollama generation failed: <urlopen error [Errno 61] Connection refused>
    multi_round_stacked_dilution [gemma3:1b-it-qat] ██████████████░░░░░░ 70/100 (70%)
    [multi_round_stacked_dilution] call failed (inst=3 run=10): Ollama generation failed: <urlopen error [Errno 61] Connection refused>
    [multi_round_stacked_dilution] call failed (inst=3 run=12): Ollama generation failed: <urlopen error [Errno 61] Connection refused>
    [multi_round_stacked_dilution] call failed (inst=3 run=14): Ollama generation failed: <urlopen error [Errno 61] Connection refused>    [multi_round_stacked_dilution] call failed (inst=3 run=11): Ollama generation failed: <urlopen error [Errno 61] Connection refused>
    [multi_round_stacked_dilution] call failed (inst=3 run=13): Ollama generation failed: <urlopen error [Errno 61] Connection refused>

    multi_round_stacked_dilution [gemma3:1b-it-qat] ███████████████░░░░░ 75/100 (75%)
    [multi_round_stacked_dilution] call failed (inst=3 run=15): Ollama generation failed: <urlopen error [Errno 61] Connection refused>
    [multi_round_stacked_dilution] call failed (inst=3 run=16): Ollama generation failed: <urlopen error [Errno 61] Connection refused>
    [multi_round_stacked_dilution] call failed (inst=3 run=17): Ollama generation failed: <urlopen error [Errno 61] Connection refused>
    [multi_round_stacked_dilution] call failed (inst=3 run=18): Ollama generation failed: <urlopen error [Errno 61] Connection refused>
    [multi_round_stacked_dilution] call failed (inst=3 run=19): Ollama generation failed: <urlopen error [Errno 61] Connection refused>
    multi_round_stacked_dilution [gemma3:1b-it-qat] ████████████████░░░░ 80/100 (80%)
    [multi_round_stacked_dilution] call failed (inst=4 run=0): Ollama generation failed: <urlopen error [Errno 61] Connection refused>    [multi_round_stacked_dilution] call failed (inst=4 run=1): Ollama generation failed: <urlopen error [Errno 61] Connection refused>

    [multi_round_stacked_dilution] call failed (inst=4 run=2): Ollama generation failed: <urlopen error [Errno 61] Connection refused>
    [multi_round_stacked_dilution] call failed (inst=4 run=3): Ollama generation failed: <urlopen error [Errno 61] Connection refused>
    [multi_round_stacked_dilution] call failed (inst=4 run=4): Ollama generation failed: <urlopen error [Errno 61] Connection refused>
    multi_round_stacked_dilution [gemma3:1b-it-qat] █████████████████░░░ 85/100 (85%)
    [multi_round_stacked_dilution] call failed (inst=4 run=7): Ollama generation failed: <urlopen error [Errno 61] Connection refused>
    [multi_round_stacked_dilution] call failed (inst=4 run=6): Ollama generation failed: <urlopen error [Errno 61] Connection refused>
    [multi_round_stacked_dilution] call failed (inst=4 run=5): Ollama generation failed: <urlopen error [Errno 61] Connection refused>
    [multi_round_stacked_dilution] call failed (inst=4 run=8): Ollama generation failed: <urlopen error [Errno 61] Connection refused>
    [multi_round_stacked_dilution] call failed (inst=4 run=9): Ollama generation failed: <urlopen error [Errno 61] Connection refused>
    multi_round_stacked_dilution [gemma3:1b-it-qat] ██████████████████░░ 90/100 (90%)
    [multi_round_stacked_dilution] call failed (inst=4 run=10): Ollama generation failed: <urlopen error [Errno 61] Connection refused>
    [multi_round_stacked_dilution] call failed (inst=4 run=11): Ollama generation failed: <urlopen error [Errno 61] Connection refused>
    [multi_round_stacked_dilution] call failed (inst=4 run=12): Ollama generation failed: <urlopen error [Errno 61] Connection refused>
    [multi_round_stacked_dilution] call failed (inst=4 run=13): Ollama generation failed: <urlopen error [Errno 61] Connection refused>
    [multi_round_stacked_dilution] call failed (inst=4 run=14): Ollama generation failed: <urlopen error [Errno 61] Connection refused>
    multi_round_stacked_dilution [gemma3:1b-it-qat] ███████████████████░ 95/100 (95%)
    [multi_round_stacked_dilution] call failed (inst=4 run=16): Ollama generation failed: <urlopen error [Errno 61] Connection refused>
    [multi_round_stacked_dilution] call failed (inst=4 run=15): Ollama generation failed: <urlopen error [Errno 61] Connection refused>
    [multi_round_stacked_dilution] call failed (inst=4 run=17): Ollama generation failed: <urlopen error [Errno 61] Connection refused>
    [multi_round_stacked_dilution] call failed (inst=4 run=18): Ollama generation failed: <urlopen error [Errno 61] Connection refused>
    [multi_round_stacked_dilution] call failed (inst=4 run=19): Ollama generation failed: <urlopen error [Errno 61] Connection refused>
    multi_round_stacked_dilution [gemma3:1b-it-qat] ████████████████████ 100/100 (100%)
      multi_round_stacked_dilution: 100 empty responses dropped, refilling (attempt 2/3)
    [multi_round_stacked_dilution] call failed (inst=0 run=0): Ollama generation failed: <urlopen error [Errno 61] Connection refused>
    [multi_round_stacked_dilution] call failed (inst=0 run=3): Ollama generation failed: <urlopen error [Errno 61] Connection refused>
    [multi_round_stacked_dilution] call failed (inst=0 run=1): Ollama generation failed: <urlopen error [Errno 61] Connection refused>
    [multi_round_stacked_dilution] call failed (inst=0 run=2): Ollama generation failed: <urlopen error [Errno 61] Connection refused>
    [multi_round_stacked_dilution] call failed (inst=0 run=5): Ollama generation failed: <urlopen error [Errno 61] Connection refused>
    multi_round_stacked_dilution [gemma3:1b-it-qat] █░░░░░░░░░░░░░░░░░░░ 5/100 (5%)
    [multi_round_stacked_dilution] call failed (inst=0 run=6): Ollama generation failed: <urlopen error [Errno 61] Connection refused>
    [multi_round_stacked_dilution] call failed (inst=0 run=4): Ollama generation failed: <urlopen error [Errno 61] Connection refused>
    [multi_round_stacked_dilution] call failed (inst=0 run=7): Ollama generation failed: <urlopen error [Errno 61] Connection refused>
    [multi_round_stacked_dilution] call failed (inst=0 run=8): Ollama generation failed: <urlopen error [Errno 61] Connection refused>
    [multi_round_stacked_dilution] call failed (inst=0 run=10): Ollama generation failed: <urlopen error [Errno 61] Connection refused>
    [multi_round_stacked_dilution] call failed (inst=0 run=9): Ollama generation failed: <urlopen error [Errno 61] Connection refused>
    multi_round_stacked_dilution [gemma3:1b-it-qat] ██░░░░░░░░░░░░░░░░░░ 10/100 (10%)    [multi_round_stacked_dilution] call failed (inst=0 run=11): Ollama generation failed: <urlopen error [Errno 61] Connection refused>

    [multi_round_stacked_dilution] call failed (inst=0 run=12): Ollama generation failed: <urlopen error [Errno 61] Connection refused>
    [multi_round_stacked_dilution] call failed (inst=0 run=13): Ollama generation failed: <urlopen error [Errno 61] Connection refused>
    [multi_round_stacked_dilution] call failed (inst=0 run=14): Ollama generation failed: <urlopen error [Errno 61] Connection refused>
    [multi_round_stacked_dilution] call failed (inst=0 run=15): Ollama generation failed: <urlopen error [Errno 61] Connection refused>
    multi_round_stacked_dilution [gemma3:1b-it-qat] ███░░░░░░░░░░░░░░░░░ 15/100 (15%)
    [multi_round_stacked_dilution] call failed (inst=0 run=16): Ollama generation failed: <urlopen error [Errno 61] Connection refused>
    [multi_round_stacked_dilution] call failed (inst=0 run=17): Ollama generation failed: <urlopen error [Errno 61] Connection refused>
    [multi_round_stacked_dilution] call failed (inst=0 run=18): Ollama generation failed: <urlopen error [Errno 61] Connection refused>
    [multi_round_stacked_dilution] call failed (inst=0 run=19): Ollama generation failed: <urlopen error [Errno 61] Connection refused>
    [multi_round_stacked_dilution] call failed (inst=1 run=0): Ollama generation failed: <urlopen error [Errno 61] Connection refused>
    multi_round_stacked_dilution [gemma3:1b-it-qat] ████░░░░░░░░░░░░░░░░ 20/100 (20%)    [multi_round_stacked_dilution] call failed (inst=1 run=1): Ollama generation failed: <urlopen error [Errno 61] Connection refused>

    [multi_round_stacked_dilution] call failed (inst=1 run=2): Ollama generation failed: <urlopen error [Errno 61] Connection refused>
    [multi_round_stacked_dilution] call failed (inst=1 run=3): Ollama generation failed: <urlopen error [Errno 61] Connection refused>
    [multi_round_stacked_dilution] call failed (inst=1 run=4): Ollama generation failed: <urlopen error [Errno 61] Connection refused>    [multi_round_stacked_dilution] call failed (inst=1 run=5): Ollama generation failed: <urlopen error [Errno 61] Connection refused>

    multi_round_stacked_dilution [gemma3:1b-it-qat] █████░░░░░░░░░░░░░░░ 25/100 (25%)
    [multi_round_stacked_dilution] call failed (inst=1 run=6): Ollama generation failed: <urlopen error [Errno 61] Connection refused>
    [multi_round_stacked_dilution] call failed (inst=1 run=8): Ollama generation failed: <urlopen error [Errno 61] Connection refused>
    [multi_round_stacked_dilution] call failed (inst=1 run=7): Ollama generation failed: <urlopen error [Errno 61] Connection refused>
    [multi_round_stacked_dilution] call failed (inst=1 run=10): Ollama generation failed: <urlopen error [Errno 61] Connection refused>    [multi_round_stacked_dilution] call failed (inst=1 run=9): Ollama generation failed: <urlopen error [Errno 61] Connection refused>

    multi_round_stacked_dilution [gemma3:1b-it-qat] ██████░░░░░░░░░░░░░░ 30/100 (30%)
    [multi_round_stacked_dilution] call failed (inst=1 run=11): Ollama generation failed: <urlopen error [Errno 61] Connection refused>
    [multi_round_stacked_dilution] call failed (inst=1 run=13): Ollama generation failed: <urlopen error [Errno 61] Connection refused>
    [multi_round_stacked_dilution] call failed (inst=1 run=15): Ollama generation failed: <urlopen error [Errno 61] Connection refused>
    [multi_round_stacked_dilution] call failed (inst=1 run=14): Ollama generation failed: <urlopen error [Errno 61] Connection refused>    [multi_round_stacked_dilution] call failed (inst=1 run=12): Ollama generation failed: <urlopen error [Errno 61] Connection refused>

    multi_round_stacked_dilution [gemma3:1b-it-qat] ███████░░░░░░░░░░░░░ 35/100 (35%)
    [multi_round_stacked_dilution] call failed (inst=1 run=16): Ollama generation failed: <urlopen error [Errno 61] Connection refused>
    [multi_round_stacked_dilution] call failed (inst=1 run=17): Ollama generation failed: <urlopen error [Errno 61] Connection refused>    [multi_round_stacked_dilution] call failed (inst=2 run=0): Ollama generation failed: <urlopen error [Errno 61] Connection refused>

    [multi_round_stacked_dilution] call failed (inst=1 run=18): Ollama generation failed: <urlopen error [Errno 61] Connection refused>    [multi_round_stacked_dilution] call failed (inst=1 run=19): Ollama generation failed: <urlopen error [Errno 61] Connection refused>

    multi_round_stacked_dilution [gemma3:1b-it-qat] ████████░░░░░░░░░░░░ 40/100 (40%)
    [multi_round_stacked_dilution] call failed (inst=2 run=2): Ollama generation failed: <urlopen error [Errno 61] Connection refused>
    [multi_round_stacked_dilution] call failed (inst=2 run=3): Ollama generation failed: <urlopen error [Errno 61] Connection refused>    [multi_round_stacked_dilution] call failed (inst=2 run=1): Ollama generation failed: <urlopen error [Errno 61] Connection refused>

    [multi_round_stacked_dilution] call failed (inst=2 run=4): Ollama generation failed: <urlopen error [Errno 61] Connection refused>
    multi_round_stacked_dilution [gemma3:1b-it-qat] █████████░░░░░░░░░░░ 45/100 (45%)
    [multi_round_stacked_dilution] call failed (inst=2 run=5): Ollama generation failed: <urlopen error [Errno 61] Connection refused>
    [multi_round_stacked_dilution] call failed (inst=2 run=6): Ollama generation failed: <urlopen error [Errno 61] Connection refused>
    [multi_round_stacked_dilution] call failed (inst=2 run=7): Ollama generation failed: <urlopen error [Errno 61] Connection refused>
    [multi_round_stacked_dilution] call failed (inst=2 run=9): Ollama generation failed: <urlopen error [Errno 61] Connection refused>    [multi_round_stacked_dilution] call failed (inst=2 run=8): Ollama generation failed: <urlopen error [Errno 61] Connection refused>

    multi_round_stacked_dilution [gemma3:1b-it-qat] ██████████░░░░░░░░░░ 50/100 (50%)
    [multi_round_stacked_dilution] call failed (inst=2 run=10): Ollama generation failed: <urlopen error [Errno 61] Connection refused>
    [multi_round_stacked_dilution] call failed (inst=2 run=11): Ollama generation failed: <urlopen error [Errno 61] Connection refused>
    [multi_round_stacked_dilution] call failed (inst=2 run=12): Ollama generation failed: <urlopen error [Errno 61] Connection refused>
    [multi_round_stacked_dilution] call failed (inst=2 run=13): Ollama generation failed: <urlopen error [Errno 61] Connection refused>
    [multi_round_stacked_dilution] call failed (inst=2 run=14): Ollama generation failed: <urlopen error [Errno 61] Connection refused>    [multi_round_stacked_dilution] call failed (inst=2 run=15): Ollama generation failed: <urlopen error [Errno 61] Connection refused>

    multi_round_stacked_dilution [gemma3:1b-it-qat] ███████████░░░░░░░░░ 55/100 (55%)
    [multi_round_stacked_dilution] call failed (inst=2 run=16): Ollama generation failed: <urlopen error [Errno 61] Connection refused>
    [multi_round_stacked_dilution] call failed (inst=2 run=17): Ollama generation failed: <urlopen error [Errno 61] Connection refused>
    [multi_round_stacked_dilution] call failed (inst=2 run=19): Ollama generation failed: <urlopen error [Errno 61] Connection refused>    [multi_round_stacked_dilution] call failed (inst=2 run=18): Ollama generation failed: <urlopen error [Errno 61] Connection refused>

    multi_round_stacked_dilution [gemma3:1b-it-qat] ████████████░░░░░░░░ 60/100 (60%)
    [multi_round_stacked_dilution] call failed (inst=3 run=0): Ollama generation failed: <urlopen error [Errno 61] Connection refused>    [multi_round_stacked_dilution] call failed (inst=3 run=1): Ollama generation failed: <urlopen error [Errno 61] Connection refused>

    [multi_round_stacked_dilution] call failed (inst=3 run=3): Ollama generation failed: <urlopen error [Errno 61] Connection refused>
    [multi_round_stacked_dilution] call failed (inst=3 run=2): Ollama generation failed: <urlopen error [Errno 61] Connection refused>
    [multi_round_stacked_dilution] call failed (inst=3 run=4): Ollama generation failed: <urlopen error [Errno 61] Connection refused>
    multi_round_stacked_dilution [gemma3:1b-it-qat] █████████████░░░░░░░ 65/100 (65%)
    [multi_round_stacked_dilution] call failed (inst=3 run=5): Ollama generation failed: <urlopen error [Errno 61] Connection refused>
    [multi_round_stacked_dilution] call failed (inst=3 run=6): Ollama generation failed: <urlopen error [Errno 61] Connection refused>
    [multi_round_stacked_dilution] call failed (inst=3 run=7): Ollama generation failed: <urlopen error [Errno 61] Connection refused>
    [multi_round_stacked_dilution] call failed (inst=3 run=8): Ollama generation failed: <urlopen error [Errno 61] Connection refused>
    [multi_round_stacked_dilution] call failed (inst=3 run=10): Ollama generation failed: <urlopen error [Errno 61] Connection refused>
    multi_round_stacked_dilution [gemma3:1b-it-qat] ██████████████░░░░░░ 70/100 (70%)
    [multi_round_stacked_dilution] call failed (inst=3 run=11): Ollama generation failed: <urlopen error [Errno 61] Connection refused>
    [multi_round_stacked_dilution] call failed (inst=3 run=9): Ollama generation failed: <urlopen error [Errno 61] Connection refused>    [multi_round_stacked_dilution] call failed (inst=3 run=12): Ollama generation failed: <urlopen error [Errno 61] Connection refused>

    [multi_round_stacked_dilution] call failed (inst=3 run=13): Ollama generation failed: <urlopen error [Errno 61] Connection refused>
    [multi_round_stacked_dilution] call failed (inst=3 run=16): Ollama generation failed: <urlopen error [Errno 61] Connection refused>
    multi_round_stacked_dilution [gemma3:1b-it-qat] ███████████████░░░░░ 75/100 (75%)
    [multi_round_stacked_dilution] call failed (inst=3 run=14): Ollama generation failed: <urlopen error [Errno 61] Connection refused>
    [multi_round_stacked_dilution] call failed (inst=3 run=17): Ollama generation failed: <urlopen error [Errno 61] Connection refused>    [multi_round_stacked_dilution] call failed (inst=3 run=15): Ollama generation failed: <urlopen error [Errno 61] Connection refused>

    [multi_round_stacked_dilution] call failed (inst=3 run=18): Ollama generation failed: <urlopen error [Errno 61] Connection refused>
    [multi_round_stacked_dilution] call failed (inst=4 run=1): Ollama generation failed: <urlopen error [Errno 61] Connection refused>
    multi_round_stacked_dilution [gemma3:1b-it-qat] ████████████████░░░░ 80/100 (80%)
    [multi_round_stacked_dilution] call failed (inst=4 run=0): Ollama generation failed: <urlopen error [Errno 61] Connection refused>
    [multi_round_stacked_dilution] call failed (inst=4 run=2): Ollama generation failed: <urlopen error [Errno 61] Connection refused>
    [multi_round_stacked_dilution] call failed (inst=3 run=19): Ollama generation failed: <urlopen error [Errno 61] Connection refused>
    [multi_round_stacked_dilution] call failed (inst=4 run=3): Ollama generation failed: <urlopen error [Errno 61] Connection refused>
    [multi_round_stacked_dilution] call failed (inst=4 run=4): Ollama generation failed: <urlopen error [Errno 61] Connection refused>
    multi_round_stacked_dilution [gemma3:1b-it-qat] █████████████████░░░ 85/100 (85%)
    [multi_round_stacked_dilution] call failed (inst=4 run=5): Ollama generation failed: <urlopen error [Errno 61] Connection refused>    [multi_round_stacked_dilution] call failed (inst=4 run=6): Ollama generation failed: <urlopen error [Errno 61] Connection refused>

    [multi_round_stacked_dilution] call failed (inst=4 run=7): Ollama generation failed: <urlopen error [Errno 61] Connection refused>
    [multi_round_stacked_dilution] call failed (inst=4 run=8): Ollama generation failed: <urlopen error [Errno 61] Connection refused>
    [multi_round_stacked_dilution] call failed (inst=4 run=9): Ollama generation failed: <urlopen error [Errno 61] Connection refused>
    multi_round_stacked_dilution [gemma3:1b-it-qat] ██████████████████░░ 90/100 (90%)
    [multi_round_stacked_dilution] call failed (inst=4 run=10): Ollama generation failed: <urlopen error [Errno 61] Connection refused>
    [multi_round_stacked_dilution] call failed (inst=4 run=11): Ollama generation failed: <urlopen error [Errno 61] Connection refused>
    [multi_round_stacked_dilution] call failed (inst=4 run=12): Ollama generation failed: <urlopen error [Errno 61] Connection refused>
    [multi_round_stacked_dilution] call failed (inst=4 run=13): Ollama generation failed: <urlopen error [Errno 61] Connection refused>
    [multi_round_stacked_dilution] call failed (inst=4 run=16): Ollama generation failed: <urlopen error [Errno 61] Connection refused>
    [multi_round_stacked_dilution] call failed (inst=4 run=14): Ollama generation failed: <urlopen error [Errno 61] Connection refused>
    multi_round_stacked_dilution [gemma3:1b-it-qat] ███████████████████░ 95/100 (95%)
    [multi_round_stacked_dilution] call failed (inst=4 run=15): Ollama generation failed: <urlopen error [Errno 61] Connection refused>
    [multi_round_stacked_dilution] call failed (inst=4 run=17): Ollama generation failed: <urlopen error [Errno 61] Connection refused>
    [multi_round_stacked_dilution] call failed (inst=4 run=19): Ollama generation failed: <urlopen error [Errno 61] Connection refused>
    [multi_round_stacked_dilution] call failed (inst=4 run=18): Ollama generation failed: <urlopen error [Errno 61] Connection refused>
    multi_round_stacked_dilution [gemma3:1b-it-qat] ████████████████████ 100/100 (100%)
      multi_round_stacked_dilution: 100 empty responses dropped, refilling (attempt 3/3)
    [multi_round_stacked_dilution] call failed (inst=0 run=0): Ollama generation failed: <urlopen error [Errno 61] Connection refused>    [multi_round_stacked_dilution] call failed (inst=0 run=2): Ollama generation failed: <urlopen error [Errno 61] Connection refused>

    [multi_round_stacked_dilution] call failed (inst=0 run=1): Ollama generation failed: <urlopen error [Errno 61] Connection refused>    [multi_round_stacked_dilution] call failed (inst=0 run=3): Ollama generation failed: <urlopen error [Errno 61] Connection refused>

    [multi_round_stacked_dilution] call failed (inst=0 run=5): Ollama generation failed: <urlopen error [Errno 61] Connection refused>
    multi_round_stacked_dilution [gemma3:1b-it-qat] █░░░░░░░░░░░░░░░░░░░ 5/100 (5%)
    [multi_round_stacked_dilution] call failed (inst=0 run=6): Ollama generation failed: <urlopen error [Errno 61] Connection refused>
    [multi_round_stacked_dilution] call failed (inst=0 run=7): Ollama generation failed: <urlopen error [Errno 61] Connection refused>    [multi_round_stacked_dilution] call failed (inst=0 run=4): Ollama generation failed: <urlopen error [Errno 61] Connection refused>

    [multi_round_stacked_dilution] call failed (inst=0 run=8): Ollama generation failed: <urlopen error [Errno 61] Connection refused>
    [multi_round_stacked_dilution] call failed (inst=0 run=10): Ollama generation failed: <urlopen error [Errno 61] Connection refused>
    multi_round_stacked_dilution [gemma3:1b-it-qat] ██░░░░░░░░░░░░░░░░░░ 10/100 (10%)
    [multi_round_stacked_dilution] call failed (inst=0 run=9): Ollama generation failed: <urlopen error [Errno 61] Connection refused>
    [multi_round_stacked_dilution] call failed (inst=0 run=12): Ollama generation failed: <urlopen error [Errno 61] Connection refused>    [multi_round_stacked_dilution] call failed (inst=0 run=11): Ollama generation failed: <urlopen error [Errno 61] Connection refused>

    [multi_round_stacked_dilution] call failed (inst=0 run=13): Ollama generation failed: <urlopen error [Errno 61] Connection refused>
    [multi_round_stacked_dilution] call failed (inst=0 run=16): Ollama generation failed: <urlopen error [Errno 61] Connection refused>
    multi_round_stacked_dilution [gemma3:1b-it-qat] ███░░░░░░░░░░░░░░░░░ 15/100 (15%)    [multi_round_stacked_dilution] call failed (inst=0 run=14): Ollama generation failed: <urlopen error [Errno 61] Connection refused>
    [multi_round_stacked_dilution] call failed (inst=0 run=15): Ollama generation failed: <urlopen error [Errno 61] Connection refused>
    [multi_round_stacked_dilution] call failed (inst=0 run=17): Ollama generation failed: <urlopen error [Errno 61] Connection refused>

    [multi_round_stacked_dilution] call failed (inst=0 run=19): Ollama generation failed: <urlopen error [Errno 61] Connection refused>
    [multi_round_stacked_dilution] call failed (inst=1 run=0): Ollama generation failed: <urlopen error [Errno 61] Connection refused>
    multi_round_stacked_dilution [gemma3:1b-it-qat] ████░░░░░░░░░░░░░░░░ 20/100 (20%)
    [multi_round_stacked_dilution] call failed (inst=0 run=18): Ollama generation failed: <urlopen error [Errno 61] Connection refused>
    [multi_round_stacked_dilution] call failed (inst=1 run=1): Ollama generation failed: <urlopen error [Errno 61] Connection refused>
    [multi_round_stacked_dilution] call failed (inst=1 run=2): Ollama generation failed: <urlopen error [Errno 61] Connection refused>
    [multi_round_stacked_dilution] call failed (inst=1 run=4): Ollama generation failed: <urlopen error [Errno 61] Connection refused>
    [multi_round_stacked_dilution] call failed (inst=1 run=3): Ollama generation failed: <urlopen error [Errno 61] Connection refused>
    [multi_round_stacked_dilution] call failed (inst=1 run=5): Ollama generation failed: <urlopen error [Errno 61] Connection refused>
    multi_round_stacked_dilution [gemma3:1b-it-qat] █████░░░░░░░░░░░░░░░ 25/100 (25%)    [multi_round_stacked_dilution] call failed (inst=1 run=6): Ollama generation failed: <urlopen error [Errno 61] Connection refused>

    [multi_round_stacked_dilution] call failed (inst=1 run=7): Ollama generation failed: <urlopen error [Errno 61] Connection refused>    [multi_round_stacked_dilution] call failed (inst=1 run=8): Ollama generation failed: <urlopen error [Errno 61] Connection refused>    [multi_round_stacked_dilution] call failed (inst=1 run=10): Ollama generation failed: <urlopen error [Errno 61] Connection refused>

    [multi_round_stacked_dilution] call failed (inst=1 run=9): Ollama generation failed: <urlopen error [Errno 61] Connection refused>

    multi_round_stacked_dilution [gemma3:1b-it-qat] ██████░░░░░░░░░░░░░░ 30/100 (30%)
    [multi_round_stacked_dilution] call failed (inst=1 run=12): Ollama generation failed: <urlopen error [Errno 61] Connection refused>
    [multi_round_stacked_dilution] call failed (inst=1 run=14): Ollama generation failed: <urlopen error [Errno 61] Connection refused>    [multi_round_stacked_dilution] call failed (inst=1 run=11): Ollama generation failed: <urlopen error [Errno 61] Connection refused>    [multi_round_stacked_dilution] call failed (inst=1 run=13): Ollama generation failed: <urlopen error [Errno 61] Connection refused>


    multi_round_stacked_dilution [gemma3:1b-it-qat] ███████░░░░░░░░░░░░░ 35/100 (35%)
    [multi_round_stacked_dilution] call failed (inst=1 run=15): Ollama generation failed: <urlopen error [Errno 61] Connection refused>
    [multi_round_stacked_dilution] call failed (inst=1 run=16): Ollama generation failed: <urlopen error [Errno 61] Connection refused>
    [multi_round_stacked_dilution] call failed (inst=1 run=17): Ollama generation failed: <urlopen error [Errno 61] Connection refused>
    [multi_round_stacked_dilution] call failed (inst=1 run=18): Ollama generation failed: <urlopen error [Errno 61] Connection refused>
    [multi_round_stacked_dilution] call failed (inst=1 run=19): Ollama generation failed: <urlopen error [Errno 61] Connection refused>
    multi_round_stacked_dilution [gemma3:1b-it-qat] ████████░░░░░░░░░░░░ 40/100 (40%)
    [multi_round_stacked_dilution] call failed (inst=2 run=0): Ollama generation failed: <urlopen error [Errno 61] Connection refused>
    [multi_round_stacked_dilution] call failed (inst=2 run=2): Ollama generation failed: <urlopen error [Errno 61] Connection refused>
    [multi_round_stacked_dilution] call failed (inst=2 run=1): Ollama generation failed: <urlopen error [Errno 61] Connection refused>    [multi_round_stacked_dilution] call failed (inst=2 run=3): Ollama generation failed: <urlopen error [Errno 61] Connection refused>

    [multi_round_stacked_dilution] call failed (inst=2 run=4): Ollama generation failed: <urlopen error [Errno 61] Connection refused>
    multi_round_stacked_dilution [gemma3:1b-it-qat] █████████░░░░░░░░░░░ 45/100 (45%)
    [multi_round_stacked_dilution] call failed (inst=2 run=5): Ollama generation failed: <urlopen error [Errno 61] Connection refused>
    [multi_round_stacked_dilution] call failed (inst=2 run=6): Ollama generation failed: <urlopen error [Errno 61] Connection refused>
    [multi_round_stacked_dilution] call failed (inst=2 run=7): Ollama generation failed: <urlopen error [Errno 61] Connection refused>
    [multi_round_stacked_dilution] call failed (inst=2 run=8): Ollama generation failed: <urlopen error [Errno 61] Connection refused>
    [multi_round_stacked_dilution] call failed (inst=2 run=9): Ollama generation failed: <urlopen error [Errno 61] Connection refused>
    multi_round_stacked_dilution [gemma3:1b-it-qat] ██████████░░░░░░░░░░ 50/100 (50%)
    [multi_round_stacked_dilution] call failed (inst=2 run=10): Ollama generation failed: <urlopen error [Errno 61] Connection refused>
    [multi_round_stacked_dilution] call failed (inst=2 run=11): Ollama generation failed: <urlopen error [Errno 61] Connection refused>
    [multi_round_stacked_dilution] call failed (inst=2 run=12): Ollama generation failed: <urlopen error [Errno 61] Connection refused>
    [multi_round_stacked_dilution] call failed (inst=2 run=13): Ollama generation failed: <urlopen error [Errno 61] Connection refused>
    [multi_round_stacked_dilution] call failed (inst=2 run=14): Ollama generation failed: <urlopen error [Errno 61] Connection refused>
    multi_round_stacked_dilution [gemma3:1b-it-qat] ███████████░░░░░░░░░ 55/100 (55%)
    [multi_round_stacked_dilution] call failed (inst=2 run=15): Ollama generation failed: <urlopen error [Errno 61] Connection refused>
    [multi_round_stacked_dilution] call failed (inst=2 run=16): Ollama generation failed: <urlopen error [Errno 61] Connection refused>
    [multi_round_stacked_dilution] call failed (inst=2 run=17): Ollama generation failed: <urlopen error [Errno 61] Connection refused>
    [multi_round_stacked_dilution] call failed (inst=2 run=19): Ollama generation failed: <urlopen error [Errno 61] Connection refused>
    [multi_round_stacked_dilution] call failed (inst=2 run=18): Ollama generation failed: <urlopen error [Errno 61] Connection refused>
    multi_round_stacked_dilution [gemma3:1b-it-qat] ████████████░░░░░░░░ 60/100 (60%)
    [multi_round_stacked_dilution] call failed (inst=3 run=0): Ollama generation failed: <urlopen error [Errno 61] Connection refused>
    [multi_round_stacked_dilution] call failed (inst=3 run=1): Ollama generation failed: <urlopen error [Errno 61] Connection refused>
    [multi_round_stacked_dilution] call failed (inst=3 run=2): Ollama generation failed: <urlopen error [Errno 61] Connection refused>
    [multi_round_stacked_dilution] call failed (inst=3 run=3): Ollama generation failed: <urlopen error [Errno 61] Connection refused>
    [multi_round_stacked_dilution] call failed (inst=3 run=4): Ollama generation failed: <urlopen error [Errno 61] Connection refused>
    multi_round_stacked_dilution [gemma3:1b-it-qat] █████████████░░░░░░░ 65/100 (65%)
    [multi_round_stacked_dilution] call failed (inst=3 run=5): Ollama generation failed: <urlopen error [Errno 61] Connection refused>
    [multi_round_stacked_dilution] call failed (inst=3 run=6): Ollama generation failed: <urlopen error [Errno 61] Connection refused>
    [multi_round_stacked_dilution] call failed (inst=3 run=8): Ollama generation failed: <urlopen error [Errno 61] Connection refused>
    [multi_round_stacked_dilution] call failed (inst=3 run=7): Ollama generation failed: <urlopen error [Errno 61] Connection refused>
    [multi_round_stacked_dilution] call failed (inst=3 run=10): Ollama generation failed: <urlopen error [Errno 61] Connection refused>
    multi_round_stacked_dilution [gemma3:1b-it-qat] ██████████████░░░░░░ 70/100 (70%)    [multi_round_stacked_dilution] call failed (inst=3 run=9): Ollama generation failed: <urlopen error [Errno 61] Connection refused>

    [multi_round_stacked_dilution] call failed (inst=3 run=11): Ollama generation failed: <urlopen error [Errno 61] Connection refused>
    [multi_round_stacked_dilution] call failed (inst=3 run=12): Ollama generation failed: <urlopen error [Errno 61] Connection refused>
    [multi_round_stacked_dilution] call failed (inst=3 run=13): Ollama generation failed: <urlopen error [Errno 61] Connection refused>
    [multi_round_stacked_dilution] call failed (inst=3 run=14): Ollama generation failed: <urlopen error [Errno 61] Connection refused>
    [multi_round_stacked_dilution] call failed (inst=3 run=15): Ollama generation failed: <urlopen error [Errno 61] Connection refused>    multi_round_stacked_dilution [gemma3:1b-it-qat] ███████████████░░░░░ 75/100 (75%)

    [multi_round_stacked_dilution] call failed (inst=3 run=17): Ollama generation failed: <urlopen error [Errno 61] Connection refused>
    [multi_round_stacked_dilution] call failed (inst=3 run=16): Ollama generation failed: <urlopen error [Errno 61] Connection refused>
    [multi_round_stacked_dilution] call failed (inst=3 run=18): Ollama generation failed: <urlopen error [Errno 61] Connection refused>
    [multi_round_stacked_dilution] call failed (inst=3 run=19): Ollama generation failed: <urlopen error [Errno 61] Connection refused>
    multi_round_stacked_dilution [gemma3:1b-it-qat] ████████████████░░░░ 80/100 (80%)
    [multi_round_stacked_dilution] call failed (inst=4 run=1): Ollama generation failed: <urlopen error [Errno 61] Connection refused>
    [multi_round_stacked_dilution] call failed (inst=4 run=0): Ollama generation failed: <urlopen error [Errno 61] Connection refused>
    [multi_round_stacked_dilution] call failed (inst=4 run=2): Ollama generation failed: <urlopen error [Errno 61] Connection refused>
    [multi_round_stacked_dilution] call failed (inst=4 run=3): Ollama generation failed: <urlopen error [Errno 61] Connection refused>
    [multi_round_stacked_dilution] call failed (inst=4 run=5): Ollama generation failed: <urlopen error [Errno 61] Connection refused>
    multi_round_stacked_dilution [gemma3:1b-it-qat] █████████████████░░░ 85/100 (85%)
    [multi_round_stacked_dilution] call failed (inst=4 run=4): Ollama generation failed: <urlopen error [Errno 61] Connection refused>
    [multi_round_stacked_dilution] call failed (inst=4 run=7): Ollama generation failed: <urlopen error [Errno 61] Connection refused>    [multi_round_stacked_dilution] call failed (inst=4 run=6): Ollama generation failed: <urlopen error [Errno 61] Connection refused>

    [multi_round_stacked_dilution] call failed (inst=4 run=8): Ollama generation failed: <urlopen error [Errno 61] Connection refused>
    [multi_round_stacked_dilution] call failed (inst=4 run=9): Ollama generation failed: <urlopen error [Errno 61] Connection refused>
    multi_round_stacked_dilution [gemma3:1b-it-qat] ██████████████████░░ 90/100 (90%)
    [multi_round_stacked_dilution] call failed (inst=4 run=12): Ollama generation failed: <urlopen error [Errno 61] Connection refused>
    [multi_round_stacked_dilution] call failed (inst=4 run=10): Ollama generation failed: <urlopen error [Errno 61] Connection refused>    [multi_round_stacked_dilution] call failed (inst=4 run=11): Ollama generation failed: <urlopen error [Errno 61] Connection refused>

    [multi_round_stacked_dilution] call failed (inst=4 run=13): Ollama generation failed: <urlopen error [Errno 61] Connection refused>
    [multi_round_stacked_dilution] call failed (inst=4 run=17): Ollama generation failed: <urlopen error [Errno 61] Connection refused>
    multi_round_stacked_dilution [gemma3:1b-it-qat] ███████████████████░ 95/100 (95%)
    [multi_round_stacked_dilution] call failed (inst=4 run=14): Ollama generation failed: <urlopen error [Errno 61] Connection refused>
    [multi_round_stacked_dilution] call failed (inst=4 run=16): Ollama generation failed: <urlopen error [Errno 61] Connection refused>    [multi_round_stacked_dilution] call failed (inst=4 run=15): Ollama generation failed: <urlopen error [Errno 61] Connection refused>

    [multi_round_stacked_dilution] call failed (inst=4 run=18): Ollama generation failed: <urlopen error [Errno 61] Connection refused>
    [multi_round_stacked_dilution] call failed (inst=4 run=19): Ollama generation failed: <urlopen error [Errno 61] Connection refused>
    multi_round_stacked_dilution [gemma3:1b-it-qat] ████████████████████ 100/100 (100%)
      multi_round_stacked_dilution: 100 empty responses dropped, refilling (attempt 4/3)
      multi_round_stacked_dilution: STILL SHORT after 3 refills -- this cell is incomplete and must not be reported as measured
    [liquidation_waterfall_payout] call failed (inst=0 run=0): Ollama generation failed: <urlopen error [Errno 61] Connection refused>
    [liquidation_waterfall_payout] call failed (inst=0 run=2): Ollama generation failed: <urlopen error [Errno 61] Connection refused>
    [liquidation_waterfall_payout] call failed (inst=0 run=1): Ollama generation failed: <urlopen error [Errno 61] Connection refused>
    [liquidation_waterfall_payout] call failed (inst=0 run=3): Ollama generation failed: <urlopen error [Errno 61] Connection refused>
    liquidation_waterfall_payout [gemma3:1b-it-qat] █░░░░░░░░░░░░░░░░░░░ 4/80 (5%)
    [liquidation_waterfall_payout] call failed (inst=0 run=5): Ollama generation failed: <urlopen error [Errno 61] Connection refused>
    [liquidation_waterfall_payout] call failed (inst=0 run=6): Ollama generation failed: <urlopen error [Errno 61] Connection refused>    [liquidation_waterfall_payout] call failed (inst=0 run=4): Ollama generation failed: <urlopen error [Errno 61] Connection refused>

    [liquidation_waterfall_payout] call failed (inst=0 run=7): Ollama generation failed: <urlopen error [Errno 61] Connection refused>
    liquidation_waterfall_payout [gemma3:1b-it-qat] ██░░░░░░░░░░░░░░░░░░ 8/80 (10%)
    [liquidation_waterfall_payout] call failed (inst=0 run=9): Ollama generation failed: <urlopen error [Errno 61] Connection refused>
    [liquidation_waterfall_payout] call failed (inst=0 run=8): Ollama generation failed: <urlopen error [Errno 61] Connection refused>
    [liquidation_waterfall_payout] call failed (inst=0 run=10): Ollama generation failed: <urlopen error [Errno 61] Connection refused>    [liquidation_waterfall_payout] call failed (inst=0 run=11): Ollama generation failed: <urlopen error [Errno 61] Connection refused>

    liquidation_waterfall_payout [gemma3:1b-it-qat] ███░░░░░░░░░░░░░░░░░ 12/80 (15%)
    [liquidation_waterfall_payout] call failed (inst=0 run=12): Ollama generation failed: <urlopen error [Errno 61] Connection refused>
    [liquidation_waterfall_payout] call failed (inst=0 run=14): Ollama generation failed: <urlopen error [Errno 61] Connection refused>
    [liquidation_waterfall_payout] call failed (inst=0 run=15): Ollama generation failed: <urlopen error [Errno 61] Connection refused>
    [liquidation_waterfall_payout] call failed (inst=0 run=13): Ollama generation failed: <urlopen error [Errno 61] Connection refused>
    [liquidation_waterfall_payout] call failed (inst=0 run=16): Ollama generation failed: <urlopen error [Errno 61] Connection refused>
    liquidation_waterfall_payout [gemma3:1b-it-qat] ████░░░░░░░░░░░░░░░░ 16/80 (20%)
    [liquidation_waterfall_payout] call failed (inst=0 run=19): Ollama generation failed: <urlopen error [Errno 61] Connection refused>
    [liquidation_waterfall_payout] call failed (inst=1 run=0): Ollama generation failed: <urlopen error [Errno 61] Connection refused>
    [liquidation_waterfall_payout] call failed (inst=0 run=18): Ollama generation failed: <urlopen error [Errno 61] Connection refused>    [liquidation_waterfall_payout] call failed (inst=0 run=17): Ollama generation failed: <urlopen error [Errno 61] Connection refused>

    liquidation_waterfall_payout [gemma3:1b-it-qat] █████░░░░░░░░░░░░░░░ 20/80 (25%)
    [liquidation_waterfall_payout] call failed (inst=1 run=1): Ollama generation failed: <urlopen error [Errno 61] Connection refused>
    [liquidation_waterfall_payout] call failed (inst=1 run=3): Ollama generation failed: <urlopen error [Errno 61] Connection refused>
    [liquidation_waterfall_payout] call failed (inst=1 run=2): Ollama generation failed: <urlopen error [Errno 61] Connection refused>
    [liquidation_waterfall_payout] call failed (inst=1 run=4): Ollama generation failed: <urlopen error [Errno 61] Connection refused>
    liquidation_waterfall_payout [gemma3:1b-it-qat] ██████░░░░░░░░░░░░░░ 24/80 (30%)
    [liquidation_waterfall_payout] call failed (inst=1 run=5): Ollama generation failed: <urlopen error [Errno 61] Connection refused>
    [liquidation_waterfall_payout] call failed (inst=1 run=6): Ollama generation failed: <urlopen error [Errno 61] Connection refused>
    [liquidation_waterfall_payout] call failed (inst=1 run=8): Ollama generation failed: <urlopen error [Errno 61] Connection refused>
    [liquidation_waterfall_payout] call failed (inst=1 run=9): Ollama generation failed: <urlopen error [Errno 61] Connection refused>    [liquidation_waterfall_payout] call failed (inst=1 run=7): Ollama generation failed: <urlopen error [Errno 61] Connection refused>
    liquidation_waterfall_payout [gemma3:1b-it-qat] ███████░░░░░░░░░░░░░ 28/80 (35%)

    [liquidation_waterfall_payout] call failed (inst=1 run=10): Ollama generation failed: <urlopen error [Errno 61] Connection refused>
    [liquidation_waterfall_payout] call failed (inst=1 run=13): Ollama generation failed: <urlopen error [Errno 61] Connection refused>
    liquidation_waterfall_payout [gemma3:1b-it-qat] ████████░░░░░░░░░░░░ 32/80 (40%)
    [liquidation_waterfall_payout] call failed (inst=1 run=12): Ollama generation failed: <urlopen error [Errno 61] Connection refused>    [liquidation_waterfall_payout] call failed (inst=1 run=11): Ollama generation failed: <urlopen error [Errno 61] Connection refused>    [liquidation_waterfall_payout] call failed (inst=1 run=14): Ollama generation failed: <urlopen error [Errno 61] Connection refused>


    [liquidation_waterfall_payout] call failed (inst=1 run=15): Ollama generation failed: <urlopen error [Errno 61] Connection refused>
    liquidation_waterfall_payout [gemma3:1b-it-qat] █████████░░░░░░░░░░░ 36/80 (45%)
    [liquidation_waterfall_payout] call failed (inst=1 run=18): Ollama generation failed: <urlopen error [Errno 61] Connection refused>
    [liquidation_waterfall_payout] call failed (inst=1 run=19): Ollama generation failed: <urlopen error [Errno 61] Connection refused>
    [liquidation_waterfall_payout] call failed (inst=1 run=17): Ollama generation failed: <urlopen error [Errno 61] Connection refused>
    [liquidation_waterfall_payout] call failed (inst=1 run=16): Ollama generation failed: <urlopen error [Errno 61] Connection refused>
    liquidation_waterfall_payout [gemma3:1b-it-qat] ██████████░░░░░░░░░░ 40/80 (50%)
    [liquidation_waterfall_payout] call failed (inst=2 run=0): Ollama generation failed: <urlopen error [Errno 61] Connection refused>
    [liquidation_waterfall_payout] call failed (inst=2 run=3): Ollama generation failed: <urlopen error [Errno 61] Connection refused>
    [liquidation_waterfall_payout] call failed (inst=2 run=1): Ollama generation failed: <urlopen error [Errno 61] Connection refused>
    [liquidation_waterfall_payout] call failed (inst=2 run=2): Ollama generation failed: <urlopen error [Errno 61] Connection refused>
    [liquidation_waterfall_payout] call failed (inst=2 run=4): Ollama generation failed: <urlopen error [Errno 61] Connection refused>
    liquidation_waterfall_payout [gemma3:1b-it-qat] ███████████░░░░░░░░░ 44/80 (55%)
    [liquidation_waterfall_payout] call failed (inst=2 run=5): Ollama generation failed: <urlopen error [Errno 61] Connection refused>
    [liquidation_waterfall_payout] call failed (inst=2 run=9): Ollama generation failed: <urlopen error [Errno 61] Connection refused>
    [liquidation_waterfall_payout] call failed (inst=2 run=7): Ollama generation failed: <urlopen error [Errno 61] Connection refused>    [liquidation_waterfall_payout] call failed (inst=2 run=6): Ollama generation failed: <urlopen error [Errno 61] Connection refused>    [liquidation_waterfall_payout] call failed (inst=2 run=8): Ollama generation failed: <urlopen error [Errno 61] Connection refused>


    liquidation_waterfall_payout [gemma3:1b-it-qat] ████████████░░░░░░░░ 48/80 (60%)
    [liquidation_waterfall_payout] call failed (inst=2 run=10): Ollama generation failed: <urlopen error [Errno 61] Connection refused>
    [liquidation_waterfall_payout] call failed (inst=2 run=12): Ollama generation failed: <urlopen error [Errno 61] Connection refused>
    liquidation_waterfall_payout [gemma3:1b-it-qat] █████████████░░░░░░░ 52/80 (65%)
    [liquidation_waterfall_payout] call failed (inst=2 run=14): Ollama generation failed: <urlopen error [Errno 61] Connection refused>
    [liquidation_waterfall_payout] call failed (inst=2 run=11): Ollama generation failed: <urlopen error [Errno 61] Connection refused>    [liquidation_waterfall_payout] call failed (inst=2 run=13): Ollama generation failed: <urlopen error [Errno 61] Connection refused>

    [liquidation_waterfall_payout] call failed (inst=2 run=15): Ollama generation failed: <urlopen error [Errno 61] Connection refused>
    liquidation_waterfall_payout [gemma3:1b-it-qat] ██████████████░░░░░░ 56/80 (70%)
    [liquidation_waterfall_payout] call failed (inst=2 run=18): Ollama generation failed: <urlopen error [Errno 61] Connection refused>
    [liquidation_waterfall_payout] call failed (inst=2 run=17): Ollama generation failed: <urlopen error [Errno 61] Connection refused>
    [liquidation_waterfall_payout] call failed (inst=2 run=16): Ollama generation failed: <urlopen error [Errno 61] Connection refused>    [liquidation_waterfall_payout] call failed (inst=2 run=19): Ollama generation failed: <urlopen error [Errno 61] Connection refused>

    liquidation_waterfall_payout [gemma3:1b-it-qat] ███████████████░░░░░ 60/80 (75%)
    [liquidation_waterfall_payout] call failed (inst=3 run=0): Ollama generation failed: <urlopen error [Errno 61] Connection refused>
    [liquidation_waterfall_payout] call failed (inst=3 run=3): Ollama generation failed: <urlopen error [Errno 61] Connection refused>
    [liquidation_waterfall_payout] call failed (inst=3 run=2): Ollama generation failed: <urlopen error [Errno 61] Connection refused>
    [liquidation_waterfall_payout] call failed (inst=3 run=1): Ollama generation failed: <urlopen error [Errno 61] Connection refused>
    liquidation_waterfall_payout [gemma3:1b-it-qat] ████████████████░░░░ 64/80 (80%)
    [liquidation_waterfall_payout] call failed (inst=3 run=4): Ollama generation failed: <urlopen error [Errno 61] Connection refused>
    [liquidation_waterfall_payout] call failed (inst=3 run=5): Ollama generation failed: <urlopen error [Errno 61] Connection refused>
    [liquidation_waterfall_payout] call failed (inst=3 run=6): Ollama generation failed: <urlopen error [Errno 61] Connection refused>
    [liquidation_waterfall_payout] call failed (inst=3 run=7): Ollama generation failed: <urlopen error [Errno 61] Connection refused>
    liquidation_waterfall_payout [gemma3:1b-it-qat] █████████████████░░░ 68/80 (85%)
    [liquidation_waterfall_payout] call failed (inst=3 run=8): Ollama generation failed: <urlopen error [Errno 61] Connection refused>    [liquidation_waterfall_payout] call failed (inst=3 run=9): Ollama generation failed: <urlopen error [Errno 61] Connection refused>

    [liquidation_waterfall_payout] call failed (inst=3 run=11): Ollama generation failed: <urlopen error [Errno 61] Connection refused>
    [liquidation_waterfall_payout] call failed (inst=3 run=10): Ollama generation failed: <urlopen error [Errno 61] Connection refused>
    liquidation_waterfall_payout [gemma3:1b-it-qat] ██████████████████░░ 72/80 (90%)
    [liquidation_waterfall_payout] call failed (inst=3 run=13): Ollama generation failed: <urlopen error [Errno 61] Connection refused>
    [liquidation_waterfall_payout] call failed (inst=3 run=12): Ollama generation failed: <urlopen error [Errno 61] Connection refused>
    [liquidation_waterfall_payout] call failed (inst=3 run=14): Ollama generation failed: <urlopen error [Errno 61] Connection refused>
    [liquidation_waterfall_payout] call failed (inst=3 run=15): Ollama generation failed: <urlopen error [Errno 61] Connection refused>
    liquidation_waterfall_payout [gemma3:1b-it-qat] ███████████████████░ 76/80 (95%)
    [liquidation_waterfall_payout] call failed (inst=3 run=16): Ollama generation failed: <urlopen error [Errno 61] Connection refused>
    [liquidation_waterfall_payout] call failed (inst=3 run=17): Ollama generation failed: <urlopen error [Errno 61] Connection refused>
    [liquidation_waterfall_payout] call failed (inst=3 run=19): Ollama generation failed: <urlopen error [Errno 61] Connection refused>
    [liquidation_waterfall_payout] call failed (inst=3 run=18): Ollama generation failed: <urlopen error [Errno 61] Connection refused>
    liquidation_waterfall_payout [gemma3:1b-it-qat] ████████████████████ 80/80 (100%)
      liquidation_waterfall_payout: 80 empty responses dropped, refilling (attempt 1/3)
    [liquidation_waterfall_payout] call failed (inst=0 run=1): Ollama generation failed: <urlopen error [Errno 61] Connection refused>
    [liquidation_waterfall_payout] call failed (inst=0 run=0): Ollama generation failed: <urlopen error [Errno 61] Connection refused>
    [liquidation_waterfall_payout] call failed (inst=0 run=2): Ollama generation failed: <urlopen error [Errno 61] Connection refused>
    [liquidation_waterfall_payout] call failed (inst=0 run=3): Ollama generation failed: <urlopen error [Errno 61] Connection refused>
    liquidation_waterfall_payout [gemma3:1b-it-qat] █░░░░░░░░░░░░░░░░░░░ 4/80 (5%)
    [liquidation_waterfall_payout] call failed (inst=0 run=4): Ollama generation failed: <urlopen error [Errno 61] Connection refused>
    [liquidation_waterfall_payout] call failed (inst=0 run=7): Ollama generation failed: <urlopen error [Errno 61] Connection refused>
    [liquidation_waterfall_payout] call failed (inst=0 run=5): Ollama generation failed: <urlopen error [Errno 61] Connection refused>
    [liquidation_waterfall_payout] call failed (inst=0 run=6): Ollama generation failed: <urlopen error [Errno 61] Connection refused>
    liquidation_waterfall_payout [gemma3:1b-it-qat] ██░░░░░░░░░░░░░░░░░░ 8/80 (10%)    [liquidation_waterfall_payout] call failed (inst=0 run=8): Ollama generation failed: <urlopen error [Errno 61] Connection refused>

    [liquidation_waterfall_payout] call failed (inst=0 run=11): Ollama generation failed: <urlopen error [Errno 61] Connection refused>
    [liquidation_waterfall_payout] call failed (inst=0 run=9): Ollama generation failed: <urlopen error [Errno 61] Connection refused>
    [liquidation_waterfall_payout] call failed (inst=0 run=10): Ollama generation failed: <urlopen error [Errno 61] Connection refused>
    [liquidation_waterfall_payout] call failed (inst=0 run=12): Ollama generation failed: <urlopen error [Errno 61] Connection refused>    liquidation_waterfall_payout [gemma3:1b-it-qat] ███░░░░░░░░░░░░░░░░░ 12/80 (15%)

    [liquidation_waterfall_payout] call failed (inst=0 run=13): Ollama generation failed: <urlopen error [Errno 61] Connection refused>
    [liquidation_waterfall_payout] call failed (inst=0 run=14): Ollama generation failed: <urlopen error [Errno 61] Connection refused>
    [liquidation_waterfall_payout] call failed (inst=0 run=16): Ollama generation failed: <urlopen error [Errno 61] Connection refused>
    liquidation_waterfall_payout [gemma3:1b-it-qat] ████░░░░░░░░░░░░░░░░ 16/80 (20%)    [liquidation_waterfall_payout] call failed (inst=0 run=15): Ollama generation failed: <urlopen error [Errno 61] Connection refused>

    [liquidation_waterfall_payout] call failed (inst=0 run=17): Ollama generation failed: <urlopen error [Errno 61] Connection refused>
    [liquidation_waterfall_payout] call failed (inst=0 run=18): Ollama generation failed: <urlopen error [Errno 61] Connection refused>
    [liquidation_waterfall_payout] call failed (inst=0 run=19): Ollama generation failed: <urlopen error [Errno 61] Connection refused>
    liquidation_waterfall_payout [gemma3:1b-it-qat] █████░░░░░░░░░░░░░░░ 20/80 (25%)
    [liquidation_waterfall_payout] call failed (inst=1 run=0): Ollama generation failed: <urlopen error [Errno 61] Connection refused>
    [liquidation_waterfall_payout] call failed (inst=1 run=1): Ollama generation failed: <urlopen error [Errno 61] Connection refused>    [liquidation_waterfall_payout] call failed (inst=1 run=2): Ollama generation failed: <urlopen error [Errno 61] Connection refused>

    [liquidation_waterfall_payout] call failed (inst=1 run=3): Ollama generation failed: <urlopen error [Errno 61] Connection refused>
    liquidation_waterfall_payout [gemma3:1b-it-qat] ██████░░░░░░░░░░░░░░ 24/80 (30%)
    [liquidation_waterfall_payout] call failed (inst=1 run=4): Ollama generation failed: <urlopen error [Errno 61] Connection refused>
    [liquidation_waterfall_payout] call failed (inst=1 run=6): Ollama generation failed: <urlopen error [Errno 61] Connection refused>    [liquidation_waterfall_payout] call failed (inst=1 run=5): Ollama generation failed: <urlopen error [Errno 61] Connection refused>

    [liquidation_waterfall_payout] call failed (inst=1 run=7): Ollama generation failed: <urlopen error [Errno 61] Connection refused>
    liquidation_waterfall_payout [gemma3:1b-it-qat] ███████░░░░░░░░░░░░░ 28/80 (35%)
    [liquidation_waterfall_payout] call failed (inst=1 run=8): Ollama generation failed: <urlopen error [Errno 61] Connection refused>
    [liquidation_waterfall_payout] call failed (inst=1 run=9): Ollama generation failed: <urlopen error [Errno 61] Connection refused>
    [liquidation_waterfall_payout] call failed (inst=1 run=12): Ollama generation failed: <urlopen error [Errno 61] Connection refused>
    [liquidation_waterfall_payout] call failed (inst=1 run=11): Ollama generation failed: <urlopen error [Errno 61] Connection refused>
    [liquidation_waterfall_payout] call failed (inst=1 run=10): Ollama generation failed: <urlopen error [Errno 61] Connection refused>
    liquidation_waterfall_payout [gemma3:1b-it-qat] ████████░░░░░░░░░░░░ 32/80 (40%)
    [liquidation_waterfall_payout] call failed (inst=1 run=13): Ollama generation failed: <urlopen error [Errno 61] Connection refused>
    [liquidation_waterfall_payout] call failed (inst=1 run=16): Ollama generation failed: <urlopen error [Errno 61] Connection refused>
    [liquidation_waterfall_payout] call failed (inst=1 run=15): Ollama generation failed: <urlopen error [Errno 61] Connection refused>
    liquidation_waterfall_payout [gemma3:1b-it-qat] █████████░░░░░░░░░░░ 36/80 (45%)
    [liquidation_waterfall_payout] call failed (inst=1 run=14): Ollama generation failed: <urlopen error [Errno 61] Connection refused>    [liquidation_waterfall_payout] call failed (inst=1 run=17): Ollama generation failed: <urlopen error [Errno 61] Connection refused>

    [liquidation_waterfall_payout] call failed (inst=1 run=18): Ollama generation failed: <urlopen error [Errno 61] Connection refused>
    [liquidation_waterfall_payout] call failed (inst=2 run=2): Ollama generation failed: <urlopen error [Errno 61] Connection refused>
    liquidation_waterfall_payout [gemma3:1b-it-qat] ██████████░░░░░░░░░░ 40/80 (50%)
    [liquidation_waterfall_payout] call failed (inst=2 run=0): Ollama generation failed: <urlopen error [Errno 61] Connection refused>    [liquidation_waterfall_payout] call failed (inst=2 run=1): Ollama generation failed: <urlopen error [Errno 61] Connection refused>
    [liquidation_waterfall_payout] call failed (inst=1 run=19): Ollama generation failed: <urlopen error [Errno 61] Connection refused>

    [liquidation_waterfall_payout] call failed (inst=2 run=6): Ollama generation failed: <urlopen error [Errno 61] Connection refused>
    liquidation_waterfall_payout [gemma3:1b-it-qat] ███████████░░░░░░░░░ 44/80 (55%)
    [liquidation_waterfall_payout] call failed (inst=2 run=5): Ollama generation failed: <urlopen error [Errno 61] Connection refused>
    [liquidation_waterfall_payout] call failed (inst=2 run=4): Ollama generation failed: <urlopen error [Errno 61] Connection refused>
    [liquidation_waterfall_payout] call failed (inst=2 run=3): Ollama generation failed: <urlopen error [Errno 61] Connection refused>
    [liquidation_waterfall_payout] call failed (inst=2 run=10): Ollama generation failed: <urlopen error [Errno 61] Connection refused>
    liquidation_waterfall_payout [gemma3:1b-it-qat] ████████████░░░░░░░░ 48/80 (60%)
    [liquidation_waterfall_payout] call failed (inst=2 run=9): Ollama generation failed: <urlopen error [Errno 61] Connection refused>    [liquidation_waterfall_payout] call failed (inst=2 run=7): Ollama generation failed: <urlopen error [Errno 61] Connection refused>

    [liquidation_waterfall_payout] call failed (inst=2 run=8): Ollama generation failed: <urlopen error [Errno 61] Connection refused>
    [liquidation_waterfall_payout] call failed (inst=2 run=14): Ollama generation failed: <urlopen error [Errno 61] Connection refused>
    liquidation_waterfall_payout [gemma3:1b-it-qat] █████████████░░░░░░░ 52/80 (65%)
    [liquidation_waterfall_payout] call failed (inst=2 run=13): Ollama generation failed: <urlopen error [Errno 61] Connection refused>
    [liquidation_waterfall_payout] call failed (inst=2 run=12): Ollama generation failed: <urlopen error [Errno 61] Connection refused>
    [liquidation_waterfall_payout] call failed (inst=2 run=11): Ollama generation failed: <urlopen error [Errno 61] Connection refused>
    [liquidation_waterfall_payout] call failed (inst=2 run=16): Ollama generation failed: <urlopen error [Errno 61] Connection refused>
    liquidation_waterfall_payout [gemma3:1b-it-qat] ██████████████░░░░░░ 56/80 (70%)
    [liquidation_waterfall_payout] call failed (inst=2 run=15): Ollama generation failed: <urlopen error [Errno 61] Connection refused>    [liquidation_waterfall_payout] call failed (inst=2 run=18): Ollama generation failed: <urlopen error [Errno 61] Connection refused>

    [liquidation_waterfall_payout] call failed (inst=2 run=17): Ollama generation failed: <urlopen error [Errno 61] Connection refused>
    [liquidation_waterfall_payout] call failed (inst=3 run=0): Ollama generation failed: <urlopen error [Errno 61] Connection refused>
    liquidation_waterfall_payout [gemma3:1b-it-qat] ███████████████░░░░░ 60/80 (75%)
    [liquidation_waterfall_payout] call failed (inst=2 run=19): Ollama generation failed: <urlopen error [Errno 61] Connection refused>
    [liquidation_waterfall_payout] call failed (inst=3 run=2): Ollama generation failed: <urlopen error [Errno 61] Connection refused>    [liquidation_waterfall_payout] call failed (inst=3 run=1): Ollama generation failed: <urlopen error [Errno 61] Connection refused>

    [liquidation_waterfall_payout] call failed (inst=3 run=3): Ollama generation failed: <urlopen error [Errno 61] Connection refused>
    liquidation_waterfall_payout [gemma3:1b-it-qat] ████████████████░░░░ 64/80 (80%)
    [liquidation_waterfall_payout] call failed (inst=3 run=4): Ollama generation failed: <urlopen error [Errno 61] Connection refused>
    [liquidation_waterfall_payout] call failed (inst=3 run=5): Ollama generation failed: <urlopen error [Errno 61] Connection refused>    [liquidation_waterfall_payout] call failed (inst=3 run=6): Ollama generation failed: <urlopen error [Errno 61] Connection refused>

    [liquidation_waterfall_payout] call failed (inst=3 run=7): Ollama generation failed: <urlopen error [Errno 61] Connection refused>
    liquidation_waterfall_payout [gemma3:1b-it-qat] █████████████████░░░ 68/80 (85%)
    [liquidation_waterfall_payout] call failed (inst=3 run=10): Ollama generation failed: <urlopen error [Errno 61] Connection refused>
    [liquidation_waterfall_payout] call failed (inst=3 run=9): Ollama generation failed: <urlopen error [Errno 61] Connection refused>
    [liquidation_waterfall_payout] call failed (inst=3 run=8): Ollama generation failed: <urlopen error [Errno 61] Connection refused>    [liquidation_waterfall_payout] call failed (inst=3 run=11): Ollama generation failed: <urlopen error [Errno 61] Connection refused>

    liquidation_waterfall_payout [gemma3:1b-it-qat] ██████████████████░░ 72/80 (90%)
    [liquidation_waterfall_payout] call failed (inst=3 run=14): Ollama generation failed: <urlopen error [Errno 61] Connection refused>
    [liquidation_waterfall_payout] call failed (inst=3 run=12): Ollama generation failed: <urlopen error [Errno 61] Connection refused>
    [liquidation_waterfall_payout] call failed (inst=3 run=13): Ollama generation failed: <urlopen error [Errno 61] Connection refused>
    [liquidation_waterfall_payout] call failed (inst=3 run=15): Ollama generation failed: <urlopen error [Errno 61] Connection refused>
    liquidation_waterfall_payout [gemma3:1b-it-qat] ███████████████████░ 76/80 (95%)
    [liquidation_waterfall_payout] call failed (inst=3 run=17): Ollama generation failed: <urlopen error [Errno 61] Connection refused>
    [liquidation_waterfall_payout] call failed (inst=3 run=19): Ollama generation failed: <urlopen error [Errno 61] Connection refused>
    [liquidation_waterfall_payout] call failed (inst=3 run=16): Ollama generation failed: <urlopen error [Errno 61] Connection refused>
    [liquidation_waterfall_payout] call failed (inst=3 run=18): Ollama generation failed: <urlopen error [Errno 61] Connection refused>
    liquidation_waterfall_payout [gemma3:1b-it-qat] ████████████████████ 80/80 (100%)
      liquidation_waterfall_payout: 80 empty responses dropped, refilling (attempt 2/3)
    [liquidation_waterfall_payout] call failed (inst=0 run=0): Ollama generation failed: <urlopen error [Errno 61] Connection refused>
    [liquidation_waterfall_payout] call failed (inst=0 run=3): Ollama generation failed: <urlopen error [Errno 61] Connection refused>    [liquidation_waterfall_payout] call failed (inst=0 run=2): Ollama generation failed: <urlopen error [Errno 61] Connection refused>
    [liquidation_waterfall_payout] call failed (inst=0 run=1): Ollama generation failed: <urlopen error [Errno 61] Connection refused>

    liquidation_waterfall_payout [gemma3:1b-it-qat] █░░░░░░░░░░░░░░░░░░░ 4/80 (5%)
    [liquidation_waterfall_payout] call failed (inst=0 run=4): Ollama generation failed: <urlopen error [Errno 61] Connection refused>
    [liquidation_waterfall_payout] call failed (inst=0 run=5): Ollama generation failed: <urlopen error [Errno 61] Connection refused>    [liquidation_waterfall_payout] call failed (inst=0 run=7): Ollama generation failed: <urlopen error [Errno 61] Connection refused>
    [liquidation_waterfall_payout] call failed (inst=0 run=6): Ollama generation failed: <urlopen error [Errno 61] Connection refused>

    liquidation_waterfall_payout [gemma3:1b-it-qat] ██░░░░░░░░░░░░░░░░░░ 8/80 (10%)
    [liquidation_waterfall_payout] call failed (inst=0 run=8): Ollama generation failed: <urlopen error [Errno 61] Connection refused>
    [liquidation_waterfall_payout] call failed (inst=0 run=12): Ollama generation failed: <urlopen error [Errno 61] Connection refused>
    [liquidation_waterfall_payout] call failed (inst=0 run=11): Ollama generation failed: <urlopen error [Errno 61] Connection refused>
    [liquidation_waterfall_payout] call failed (inst=0 run=10): Ollama generation failed: <urlopen error [Errno 61] Connection refused>
    [liquidation_waterfall_payout] call failed (inst=0 run=9): Ollama generation failed: <urlopen error [Errno 61] Connection refused>
    liquidation_waterfall_payout [gemma3:1b-it-qat] ███░░░░░░░░░░░░░░░░░ 12/80 (15%)
    [liquidation_waterfall_payout] call failed (inst=0 run=13): Ollama generation failed: <urlopen error [Errno 61] Connection refused>
    [liquidation_waterfall_payout] call failed (inst=0 run=17): Ollama generation failed: <urlopen error [Errno 61] Connection refused>
    [liquidation_waterfall_payout] call failed (inst=0 run=15): Ollama generation failed: <urlopen error [Errno 61] Connection refused>    [liquidation_waterfall_payout] call failed (inst=0 run=16): Ollama generation failed: <urlopen error [Errno 61] Connection refused>
    [liquidation_waterfall_payout] call failed (inst=0 run=14): Ollama generation failed: <urlopen error [Errno 61] Connection refused>

    liquidation_waterfall_payout [gemma3:1b-it-qat] ████░░░░░░░░░░░░░░░░ 16/80 (20%)
    [liquidation_waterfall_payout] call failed (inst=1 run=0): Ollama generation failed: <urlopen error [Errno 61] Connection refused>
    [liquidation_waterfall_payout] call failed (inst=0 run=18): Ollama generation failed: <urlopen error [Errno 61] Connection refused>
    [liquidation_waterfall_payout] call failed (inst=1 run=1): Ollama generation failed: <urlopen error [Errno 61] Connection refused>    [liquidation_waterfall_payout] call failed (inst=0 run=19): Ollama generation failed: <urlopen error [Errno 61] Connection refused>

    liquidation_waterfall_payout [gemma3:1b-it-qat] █████░░░░░░░░░░░░░░░ 20/80 (25%)
    [liquidation_waterfall_payout] call failed (inst=1 run=5): Ollama generation failed: <urlopen error [Errno 61] Connection refused>
    [liquidation_waterfall_payout] call failed (inst=1 run=3): Ollama generation failed: <urlopen error [Errno 61] Connection refused>    [liquidation_waterfall_payout] call failed (inst=1 run=4): Ollama generation failed: <urlopen error [Errno 61] Connection refused>

    [liquidation_waterfall_payout] call failed (inst=1 run=2): Ollama generation failed: <urlopen error [Errno 61] Connection refused>
    liquidation_waterfall_payout [gemma3:1b-it-qat] ██████░░░░░░░░░░░░░░ 24/80 (30%)
    [liquidation_waterfall_payout] call failed (inst=1 run=6): Ollama generation failed: <urlopen error [Errno 61] Connection refused>
    [liquidation_waterfall_payout] call failed (inst=1 run=9): Ollama generation failed: <urlopen error [Errno 61] Connection refused>
    [liquidation_waterfall_payout] call failed (inst=1 run=7): Ollama generation failed: <urlopen error [Errno 61] Connection refused>
    [liquidation_waterfall_payout] call failed (inst=1 run=8): Ollama generation failed: <urlopen error [Errno 61] Connection refused>
    liquidation_waterfall_payout [gemma3:1b-it-qat] ███████░░░░░░░░░░░░░ 28/80 (35%)
    [liquidation_waterfall_payout] call failed (inst=1 run=11): Ollama generation failed: <urlopen error [Errno 61] Connection refused>
    [liquidation_waterfall_payout] call failed (inst=1 run=10): Ollama generation failed: <urlopen error [Errno 61] Connection refused>
    liquidation_waterfall_payout [gemma3:1b-it-qat] ████████░░░░░░░░░░░░ 32/80 (40%)
    [liquidation_waterfall_payout] call failed (inst=1 run=13): Ollama generation failed: <urlopen error [Errno 61] Connection refused>
    [liquidation_waterfall_payout] call failed (inst=1 run=12): Ollama generation failed: <urlopen error [Errno 61] Connection refused>
    [liquidation_waterfall_payout] call failed (inst=1 run=14): Ollama generation failed: <urlopen error [Errno 61] Connection refused>
    [liquidation_waterfall_payout] call failed (inst=1 run=15): Ollama generation failed: <urlopen error [Errno 61] Connection refused>
    liquidation_waterfall_payout [gemma3:1b-it-qat] █████████░░░░░░░░░░░ 36/80 (45%)
    [liquidation_waterfall_payout] call failed (inst=1 run=17): Ollama generation failed: <urlopen error [Errno 61] Connection refused>    [liquidation_waterfall_payout] call failed (inst=1 run=16): Ollama generation failed: <urlopen error [Errno 61] Connection refused>

    [liquidation_waterfall_payout] call failed (inst=1 run=18): Ollama generation failed: <urlopen error [Errno 61] Connection refused>
    [liquidation_waterfall_payout] call failed (inst=1 run=19): Ollama generation failed: <urlopen error [Errno 61] Connection refused>
    liquidation_waterfall_payout [gemma3:1b-it-qat] ██████████░░░░░░░░░░ 40/80 (50%)
    [liquidation_waterfall_payout] call failed (inst=2 run=0): Ollama generation failed: <urlopen error [Errno 61] Connection refused>    [liquidation_waterfall_payout] call failed (inst=2 run=1): Ollama generation failed: <urlopen error [Errno 61] Connection refused>

    [liquidation_waterfall_payout] call failed (inst=2 run=2): Ollama generation failed: <urlopen error [Errno 61] Connection refused>
    [liquidation_waterfall_payout] call failed (inst=2 run=3): Ollama generation failed: <urlopen error [Errno 61] Connection refused>
    liquidation_waterfall_payout [gemma3:1b-it-qat] ███████████░░░░░░░░░ 44/80 (55%)
    [liquidation_waterfall_payout] call failed (inst=2 run=4): Ollama generation failed: <urlopen error [Errno 61] Connection refused>
    [liquidation_waterfall_payout] call failed (inst=2 run=7): Ollama generation failed: <urlopen error [Errno 61] Connection refused>
    [liquidation_waterfall_payout] call failed (inst=2 run=5): Ollama generation failed: <urlopen error [Errno 61] Connection refused>    [liquidation_waterfall_payout] call failed (inst=2 run=6): Ollama generation failed: <urlopen error [Errno 61] Connection refused>

    liquidation_waterfall_payout [gemma3:1b-it-qat] ████████████░░░░░░░░ 48/80 (60%)
    [liquidation_waterfall_payout] call failed (inst=2 run=8): Ollama generation failed: <urlopen error [Errno 61] Connection refused>
    [liquidation_waterfall_payout] call failed (inst=2 run=10): Ollama generation failed: <urlopen error [Errno 61] Connection refused>
    [liquidation_waterfall_payout] call failed (inst=2 run=9): Ollama generation failed: <urlopen error [Errno 61] Connection refused>
    [liquidation_waterfall_payout] call failed (inst=2 run=12): Ollama generation failed: <urlopen error [Errno 61] Connection refused>
    [liquidation_waterfall_payout] call failed (inst=2 run=11): Ollama generation failed: <urlopen error [Errno 61] Connection refused>
    liquidation_waterfall_payout [gemma3:1b-it-qat] █████████████░░░░░░░ 52/80 (65%)
    [liquidation_waterfall_payout] call failed (inst=2 run=13): Ollama generation failed: <urlopen error [Errno 61] Connection refused>
    [liquidation_waterfall_payout] call failed (inst=2 run=16): Ollama generation failed: <urlopen error [Errno 61] Connection refused>
    [liquidation_waterfall_payout] call failed (inst=2 run=14): Ollama generation failed: <urlopen error [Errno 61] Connection refused>
    [liquidation_waterfall_payout] call failed (inst=2 run=15): Ollama generation failed: <urlopen error [Errno 61] Connection refused>
    [liquidation_waterfall_payout] call failed (inst=2 run=17): Ollama generation failed: <urlopen error [Errno 61] Connection refused>
    liquidation_waterfall_payout [gemma3:1b-it-qat] ██████████████░░░░░░ 56/80 (70%)
    [liquidation_waterfall_payout] call failed (inst=2 run=18): Ollama generation failed: <urlopen error [Errno 61] Connection refused>
    [liquidation_waterfall_payout] call failed (inst=2 run=19): Ollama generation failed: <urlopen error [Errno 61] Connection refused>
    liquidation_waterfall_payout [gemma3:1b-it-qat] ███████████████░░░░░ 60/80 (75%)
    [liquidation_waterfall_payout] call failed (inst=3 run=0): Ollama generation failed: <urlopen error [Errno 61] Connection refused>
    [liquidation_waterfall_payout] call failed (inst=3 run=1): Ollama generation failed: <urlopen error [Errno 61] Connection refused>
    [liquidation_waterfall_payout] call failed (inst=3 run=2): Ollama generation failed: <urlopen error [Errno 61] Connection refused>
    [liquidation_waterfall_payout] call failed (inst=3 run=3): Ollama generation failed: <urlopen error [Errno 61] Connection refused>
    liquidation_waterfall_payout [gemma3:1b-it-qat] ████████████████░░░░ 64/80 (80%)
    [liquidation_waterfall_payout] call failed (inst=3 run=4): Ollama generation failed: <urlopen error [Errno 61] Connection refused>
    [liquidation_waterfall_payout] call failed (inst=3 run=5): Ollama generation failed: <urlopen error [Errno 61] Connection refused>    [liquidation_waterfall_payout] call failed (inst=3 run=6): Ollama generation failed: <urlopen error [Errno 61] Connection refused>

    [liquidation_waterfall_payout] call failed (inst=3 run=8): Ollama generation failed: <urlopen error [Errno 61] Connection refused>
    liquidation_waterfall_payout [gemma3:1b-it-qat] █████████████████░░░ 68/80 (85%)
    [liquidation_waterfall_payout] call failed (inst=3 run=7): Ollama generation failed: <urlopen error [Errno 61] Connection refused>
    [liquidation_waterfall_payout] call failed (inst=3 run=10): Ollama generation failed: <urlopen error [Errno 61] Connection refused>
    [liquidation_waterfall_payout] call failed (inst=3 run=9): Ollama generation failed: <urlopen error [Errno 61] Connection refused>
    [liquidation_waterfall_payout] call failed (inst=3 run=11): Ollama generation failed: <urlopen error [Errno 61] Connection refused>
    [liquidation_waterfall_payout] call failed (inst=3 run=12): Ollama generation failed: <urlopen error [Errno 61] Connection refused>
    liquidation_waterfall_payout [gemma3:1b-it-qat] ██████████████████░░ 72/80 (90%)
    [liquidation_waterfall_payout] call failed (inst=3 run=13): Ollama generation failed: <urlopen error [Errno 61] Connection refused>    [liquidation_waterfall_payout] call failed (inst=3 run=15): Ollama generation failed: <urlopen error [Errno 61] Connection refused>
    [liquidation_waterfall_payout] call failed (inst=3 run=14): Ollama generation failed: <urlopen error [Errno 61] Connection refused>
    [liquidation_waterfall_payout] call failed (inst=3 run=16): Ollama generation failed: <urlopen error [Errno 61] Connection refused>

    liquidation_waterfall_payout [gemma3:1b-it-qat] ███████████████████░ 76/80 (95%)
    [liquidation_waterfall_payout] call failed (inst=3 run=19): Ollama generation failed: <urlopen error [Errno 61] Connection refused>
    [liquidation_waterfall_payout] call failed (inst=3 run=17): Ollama generation failed: <urlopen error [Errno 61] Connection refused>    [liquidation_waterfall_payout] call failed (inst=3 run=18): Ollama generation failed: <urlopen error [Errno 61] Connection refused>

    liquidation_waterfall_payout [gemma3:1b-it-qat] ████████████████████ 80/80 (100%)
      liquidation_waterfall_payout: 80 empty responses dropped, refilling (attempt 3/3)
    [liquidation_waterfall_payout] call failed (inst=0 run=0): Ollama generation failed: <urlopen error [Errno 61] Connection refused>
    [liquidation_waterfall_payout] call failed (inst=0 run=2): Ollama generation failed: <urlopen error [Errno 61] Connection refused>    [liquidation_waterfall_payout] call failed (inst=0 run=1): Ollama generation failed: <urlopen error [Errno 61] Connection refused>    [liquidation_waterfall_payout] call failed (inst=0 run=3): Ollama generation failed: <urlopen error [Errno 61] Connection refused>


    liquidation_waterfall_payout [gemma3:1b-it-qat] █░░░░░░░░░░░░░░░░░░░ 4/80 (5%)
    [liquidation_waterfall_payout] call failed (inst=0 run=4): Ollama generation failed: <urlopen error [Errno 61] Connection refused>
    [liquidation_waterfall_payout] call failed (inst=0 run=5): Ollama generation failed: <urlopen error [Errno 61] Connection refused>
    [liquidation_waterfall_payout] call failed (inst=0 run=6): Ollama generation failed: <urlopen error [Errno 61] Connection refused>
    [liquidation_waterfall_payout] call failed (inst=0 run=7): Ollama generation failed: <urlopen error [Errno 61] Connection refused>
    liquidation_waterfall_payout [gemma3:1b-it-qat] ██░░░░░░░░░░░░░░░░░░ 8/80 (10%)
    [liquidation_waterfall_payout] call failed (inst=0 run=8): Ollama generation failed: <urlopen error [Errno 61] Connection refused>
    [liquidation_waterfall_payout] call failed (inst=0 run=9): Ollama generation failed: <urlopen error [Errno 61] Connection refused>
    [liquidation_waterfall_payout] call failed (inst=0 run=10): Ollama generation failed: <urlopen error [Errno 61] Connection refused>
    [liquidation_waterfall_payout] call failed (inst=0 run=11): Ollama generation failed: <urlopen error [Errno 61] Connection refused>
    liquidation_waterfall_payout [gemma3:1b-it-qat] ███░░░░░░░░░░░░░░░░░ 12/80 (15%)
    [liquidation_waterfall_payout] call failed (inst=0 run=12): Ollama generation failed: <urlopen error [Errno 61] Connection refused>
    [liquidation_waterfall_payout] call failed (inst=0 run=13): Ollama generation failed: <urlopen error [Errno 61] Connection refused>
    [liquidation_waterfall_payout] call failed (inst=0 run=15): Ollama generation failed: <urlopen error [Errno 61] Connection refused>
    [liquidation_waterfall_payout] call failed (inst=0 run=14): Ollama generation failed: <urlopen error [Errno 61] Connection refused>
    liquidation_waterfall_payout [gemma3:1b-it-qat] ████░░░░░░░░░░░░░░░░ 16/80 (20%)
    [liquidation_waterfall_payout] call failed (inst=0 run=17): Ollama generation failed: <urlopen error [Errno 61] Connection refused>
    [liquidation_waterfall_payout] call failed (inst=0 run=16): Ollama generation failed: <urlopen error [Errno 61] Connection refused>
    [liquidation_waterfall_payout] call failed (inst=0 run=18): Ollama generation failed: <urlopen error [Errno 61] Connection refused>
    [liquidation_waterfall_payout] call failed (inst=0 run=19): Ollama generation failed: <urlopen error [Errno 61] Connection refused>
    liquidation_waterfall_payout [gemma3:1b-it-qat] █████░░░░░░░░░░░░░░░ 20/80 (25%)
    [liquidation_waterfall_payout] call failed (inst=1 run=1): Ollama generation failed: <urlopen error [Errno 61] Connection refused>
    [liquidation_waterfall_payout] call failed (inst=1 run=0): Ollama generation failed: <urlopen error [Errno 61] Connection refused>
    [liquidation_waterfall_payout] call failed (inst=1 run=2): Ollama generation failed: <urlopen error [Errno 61] Connection refused>
    [liquidation_waterfall_payout] call failed (inst=1 run=3): Ollama generation failed: <urlopen error [Errno 61] Connection refused>
    liquidation_waterfall_payout [gemma3:1b-it-qat] ██████░░░░░░░░░░░░░░ 24/80 (30%)
    [liquidation_waterfall_payout] call failed (inst=1 run=5): Ollama generation failed: <urlopen error [Errno 61] Connection refused>    [liquidation_waterfall_payout] call failed (inst=1 run=4): Ollama generation failed: <urlopen error [Errno 61] Connection refused>

    [liquidation_waterfall_payout] call failed (inst=1 run=6): Ollama generation failed: <urlopen error [Errno 61] Connection refused>
    [liquidation_waterfall_payout] call failed (inst=1 run=7): Ollama generation failed: <urlopen error [Errno 61] Connection refused>
    liquidation_waterfall_payout [gemma3:1b-it-qat] ███████░░░░░░░░░░░░░ 28/80 (35%)
    [liquidation_waterfall_payout] call failed (inst=1 run=10): Ollama generation failed: <urlopen error [Errno 61] Connection refused>
    [liquidation_waterfall_payout] call failed (inst=1 run=8): Ollama generation failed: <urlopen error [Errno 61] Connection refused>    [liquidation_waterfall_payout] call failed (inst=1 run=9): Ollama generation failed: <urlopen error [Errno 61] Connection refused>    [liquidation_waterfall_payout] call failed (inst=1 run=11): Ollama generation failed: <urlopen error [Errno 61] Connection refused>


    liquidation_waterfall_payout [gemma3:1b-it-qat] ████████░░░░░░░░░░░░ 32/80 (40%)
    [liquidation_waterfall_payout] call failed (inst=1 run=12): Ollama generation failed: <urlopen error [Errno 61] Connection refused>
    [liquidation_waterfall_payout] call failed (inst=1 run=16): Ollama generation failed: <urlopen error [Errno 61] Connection refused>
    [liquidation_waterfall_payout] call failed (inst=1 run=15): Ollama generation failed: <urlopen error [Errno 61] Connection refused>
    [liquidation_waterfall_payout] call failed (inst=1 run=13): Ollama generation failed: <urlopen error [Errno 61] Connection refused>    [liquidation_waterfall_payout] call failed (inst=1 run=14): Ollama generation failed: <urlopen error [Errno 61] Connection refused>

    liquidation_waterfall_payout [gemma3:1b-it-qat] █████████░░░░░░░░░░░ 36/80 (45%)
    [liquidation_waterfall_payout] call failed (inst=1 run=17): Ollama generation failed: <urlopen error [Errno 61] Connection refused>
    [liquidation_waterfall_payout] call failed (inst=1 run=18): Ollama generation failed: <urlopen error [Errno 61] Connection refused>
    [liquidation_waterfall_payout] call failed (inst=1 run=19): Ollama generation failed: <urlopen error [Errno 61] Connection refused>
    [liquidation_waterfall_payout] call failed (inst=2 run=0): Ollama generation failed: <urlopen error [Errno 61] Connection refused>
    liquidation_waterfall_payout [gemma3:1b-it-qat] ██████████░░░░░░░░░░ 40/80 (50%)
    [liquidation_waterfall_payout] call failed (inst=2 run=1): Ollama generation failed: <urlopen error [Errno 61] Connection refused>
    [liquidation_waterfall_payout] call failed (inst=2 run=4): Ollama generation failed: <urlopen error [Errno 61] Connection refused>
    [liquidation_waterfall_payout] call failed (inst=2 run=5): Ollama generation failed: <urlopen error [Errno 61] Connection refused>    [liquidation_waterfall_payout] call failed (inst=2 run=2): Ollama generation failed: <urlopen error [Errno 61] Connection refused>

    [liquidation_waterfall_payout] call failed (inst=2 run=3): Ollama generation failed: <urlopen error [Errno 61] Connection refused>    liquidation_waterfall_payout [gemma3:1b-it-qat] ███████████░░░░░░░░░ 44/80 (55%)

    [liquidation_waterfall_payout] call failed (inst=2 run=6): Ollama generation failed: <urlopen error [Errno 61] Connection refused>
    [liquidation_waterfall_payout] call failed (inst=2 run=9): Ollama generation failed: <urlopen error [Errno 61] Connection refused>
    liquidation_waterfall_payout [gemma3:1b-it-qat] ████████████░░░░░░░░ 48/80 (60%)
    [liquidation_waterfall_payout] call failed (inst=2 run=7): Ollama generation failed: <urlopen error [Errno 61] Connection refused>
    [liquidation_waterfall_payout] call failed (inst=2 run=8): Ollama generation failed: <urlopen error [Errno 61] Connection refused>
    [liquidation_waterfall_payout] call failed (inst=2 run=10): Ollama generation failed: <urlopen error [Errno 61] Connection refused>
    [liquidation_waterfall_payout] call failed (inst=2 run=11): Ollama generation failed: <urlopen error [Errno 61] Connection refused>
    liquidation_waterfall_payout [gemma3:1b-it-qat] █████████████░░░░░░░ 52/80 (65%)
    [liquidation_waterfall_payout] call failed (inst=2 run=14): Ollama generation failed: <urlopen error [Errno 61] Connection refused>
    [liquidation_waterfall_payout] call failed (inst=2 run=12): Ollama generation failed: <urlopen error [Errno 61] Connection refused>
    [liquidation_waterfall_payout] call failed (inst=2 run=13): Ollama generation failed: <urlopen error [Errno 61] Connection refused>
    [liquidation_waterfall_payout] call failed (inst=2 run=15): Ollama generation failed: <urlopen error [Errno 61] Connection refused>
    liquidation_waterfall_payout [gemma3:1b-it-qat] ██████████████░░░░░░ 56/80 (70%)
    [liquidation_waterfall_payout] call failed (inst=2 run=18): Ollama generation failed: <urlopen error [Errno 61] Connection refused>
    [liquidation_waterfall_payout] call failed (inst=2 run=17): Ollama generation failed: <urlopen error [Errno 61] Connection refused>
    [liquidation_waterfall_payout] call failed (inst=2 run=16): Ollama generation failed: <urlopen error [Errno 61] Connection refused>    [liquidation_waterfall_payout] call failed (inst=2 run=19): Ollama generation failed: <urlopen error [Errno 61] Connection refused>

    liquidation_waterfall_payout [gemma3:1b-it-qat] ███████████████░░░░░ 60/80 (75%)
    [liquidation_waterfall_payout] call failed (inst=3 run=0): Ollama generation failed: <urlopen error [Errno 61] Connection refused>
    [liquidation_waterfall_payout] call failed (inst=3 run=1): Ollama generation failed: <urlopen error [Errno 61] Connection refused>
    [liquidation_waterfall_payout] call failed (inst=3 run=3): Ollama generation failed: <urlopen error [Errno 61] Connection refused>
    [liquidation_waterfall_payout] call failed (inst=3 run=2): Ollama generation failed: <urlopen error [Errno 61] Connection refused>
    liquidation_waterfall_payout [gemma3:1b-it-qat] ████████████████░░░░ 64/80 (80%)
    [liquidation_waterfall_payout] call failed (inst=3 run=4): Ollama generation failed: <urlopen error [Errno 61] Connection refused>
    [liquidation_waterfall_payout] call failed (inst=3 run=5): Ollama generation failed: <urlopen error [Errno 61] Connection refused>
    [liquidation_waterfall_payout] call failed (inst=3 run=6): Ollama generation failed: <urlopen error [Errno 61] Connection refused>
    [liquidation_waterfall_payout] call failed (inst=3 run=7): Ollama generation failed: <urlopen error [Errno 61] Connection refused>
    liquidation_waterfall_payout [gemma3:1b-it-qat] █████████████████░░░ 68/80 (85%)
    [liquidation_waterfall_payout] call failed (inst=3 run=8): Ollama generation failed: <urlopen error [Errno 61] Connection refused>
    [liquidation_waterfall_payout] call failed (inst=3 run=9): Ollama generation failed: <urlopen error [Errno 61] Connection refused>
    [liquidation_waterfall_payout] call failed (inst=3 run=10): Ollama generation failed: <urlopen error [Errno 61] Connection refused>
    [liquidation_waterfall_payout] call failed (inst=3 run=11): Ollama generation failed: <urlopen error [Errno 61] Connection refused>
    liquidation_waterfall_payout [gemma3:1b-it-qat] ██████████████████░░ 72/80 (90%)
    [liquidation_waterfall_payout] call failed (inst=3 run=13): Ollama generation failed: <urlopen error [Errno 61] Connection refused>
    [liquidation_waterfall_payout] call failed (inst=3 run=12): Ollama generation failed: <urlopen error [Errno 61] Connection refused>
    [liquidation_waterfall_payout] call failed (inst=3 run=14): Ollama generation failed: <urlopen error [Errno 61] Connection refused>    [liquidation_waterfall_payout] call failed (inst=3 run=15): Ollama generation failed: <urlopen error [Errno 61] Connection refused>

    liquidation_waterfall_payout [gemma3:1b-it-qat] ███████████████████░ 76/80 (95%)
    [liquidation_waterfall_payout] call failed (inst=3 run=16): Ollama generation failed: <urlopen error [Errno 61] Connection refused>
    [liquidation_waterfall_payout] call failed (inst=3 run=17): Ollama generation failed: <urlopen error [Errno 61] Connection refused>
    [liquidation_waterfall_payout] call failed (inst=3 run=18): Ollama generation failed: <urlopen error [Errno 61] Connection refused>
    [liquidation_waterfall_payout] call failed (inst=3 run=19): Ollama generation failed: <urlopen error [Errno 61] Connection refused>
    liquidation_waterfall_payout [gemma3:1b-it-qat] ████████████████████ 80/80 (100%)
      liquidation_waterfall_payout: 80 empty responses dropped, refilling (attempt 4/3)
      liquidation_waterfall_payout: STILL SHORT after 3 refills -- this cell is incomplete and must not be reported as measured
    [convert_vs_preference_decision] call failed (inst=0 run=2): Ollama generation failed: <urlopen error [Errno 61] Connection refused>
    [convert_vs_preference_decision] call failed (inst=0 run=0): Ollama generation failed: <urlopen error [Errno 61] Connection refused>    [convert_vs_preference_decision] call failed (inst=0 run=1): Ollama generation failed: <urlopen error [Errno 61] Connection refused>

    [convert_vs_preference_decision] call failed (inst=0 run=3): Ollama generation failed: <urlopen error [Errno 61] Connection refused>
    convert_vs_preference_decision [gemma3:1b-it-qat] █░░░░░░░░░░░░░░░░░░░ 2/40 (5%)
    convert_vs_preference_decision [gemma3:1b-it-qat] ██░░░░░░░░░░░░░░░░░░ 4/40 (10%)
    [convert_vs_preference_decision] call failed (inst=0 run=7): Ollama generation failed: <urlopen error [Errno 61] Connection refused>
    [convert_vs_preference_decision] call failed (inst=0 run=5): Ollama generation failed: <urlopen error [Errno 61] Connection refused>
    [convert_vs_preference_decision] call failed (inst=0 run=6): Ollama generation failed: <urlopen error [Errno 61] Connection refused>    [convert_vs_preference_decision] call failed (inst=0 run=4): Ollama generation failed: <urlopen error [Errno 61] Connection refused>

    convert_vs_preference_decision [gemma3:1b-it-qat] ███░░░░░░░░░░░░░░░░░ 6/40 (15%)
    convert_vs_preference_decision [gemma3:1b-it-qat] ████░░░░░░░░░░░░░░░░ 8/40 (20%)
    [convert_vs_preference_decision] call failed (inst=0 run=8): Ollama generation failed: <urlopen error [Errno 61] Connection refused>
    [convert_vs_preference_decision] call failed (inst=0 run=11): Ollama generation failed: <urlopen error [Errno 61] Connection refused>    [convert_vs_preference_decision] call failed (inst=0 run=9): Ollama generation failed: <urlopen error [Errno 61] Connection refused>    [convert_vs_preference_decision] call failed (inst=0 run=10): Ollama generation failed: <urlopen error [Errno 61] Connection refused>


    convert_vs_preference_decision [gemma3:1b-it-qat] █████░░░░░░░░░░░░░░░ 10/40 (25%)
    convert_vs_preference_decision [gemma3:1b-it-qat] ██████░░░░░░░░░░░░░░ 12/40 (30%)
    [convert_vs_preference_decision] call failed (inst=0 run=12): Ollama generation failed: <urlopen error [Errno 61] Connection refused>
    [convert_vs_preference_decision] call failed (inst=0 run=16): Ollama generation failed: <urlopen error [Errno 61] Connection refused>
    convert_vs_preference_decision [gemma3:1b-it-qat] ███████░░░░░░░░░░░░░ 14/40 (35%)
    [convert_vs_preference_decision] call failed (inst=0 run=14): Ollama generation failed: <urlopen error [Errno 61] Connection refused>
    [convert_vs_preference_decision] call failed (inst=0 run=13): Ollama generation failed: <urlopen error [Errno 61] Connection refused>    [convert_vs_preference_decision] call failed (inst=0 run=15): Ollama generation failed: <urlopen error [Errno 61] Connection refused>

    convert_vs_preference_decision [gemma3:1b-it-qat] ████████░░░░░░░░░░░░ 16/40 (40%)
    [convert_vs_preference_decision] call failed (inst=0 run=19): Ollama generation failed: <urlopen error [Errno 61] Connection refused>
    convert_vs_preference_decision [gemma3:1b-it-qat] █████████░░░░░░░░░░░ 18/40 (45%)
    [convert_vs_preference_decision] call failed (inst=0 run=17): Ollama generation failed: <urlopen error [Errno 61] Connection refused>
    [convert_vs_preference_decision] call failed (inst=1 run=0): Ollama generation failed: <urlopen error [Errno 61] Connection refused>
    [convert_vs_preference_decision] call failed (inst=0 run=18): Ollama generation failed: <urlopen error [Errno 61] Connection refused>
    convert_vs_preference_decision [gemma3:1b-it-qat] ██████████░░░░░░░░░░ 20/40 (50%)
    [convert_vs_preference_decision] call failed (inst=1 run=2): Ollama generation failed: <urlopen error [Errno 61] Connection refused>
    convert_vs_preference_decision [gemma3:1b-it-qat] ███████████░░░░░░░░░ 22/40 (55%)    [convert_vs_preference_decision] call failed (inst=1 run=3): Ollama generation failed: <urlopen error [Errno 61] Connection refused>

    [convert_vs_preference_decision] call failed (inst=1 run=4): Ollama generation failed: <urlopen error [Errno 61] Connection refused>
    [convert_vs_preference_decision] call failed (inst=1 run=1): Ollama generation failed: <urlopen error [Errno 61] Connection refused>
    convert_vs_preference_decision [gemma3:1b-it-qat] ████████████░░░░░░░░ 24/40 (60%)
    [convert_vs_preference_decision] call failed (inst=1 run=8): Ollama generation failed: <urlopen error [Errno 61] Connection refused>
    convert_vs_preference_decision [gemma3:1b-it-qat] █████████████░░░░░░░ 26/40 (65%)
    [convert_vs_preference_decision] call failed (inst=1 run=6): Ollama generation failed: <urlopen error [Errno 61] Connection refused>
    [convert_vs_preference_decision] call failed (inst=1 run=7): Ollama generation failed: <urlopen error [Errno 61] Connection refused>
    [convert_vs_preference_decision] call failed (inst=1 run=5): Ollama generation failed: <urlopen error [Errno 61] Connection refused>
    convert_vs_preference_decision [gemma3:1b-it-qat] ██████████████░░░░░░ 28/40 (70%)
    [convert_vs_preference_decision] call failed (inst=1 run=9): Ollama generation failed: <urlopen error [Errno 61] Connection refused>
    convert_vs_preference_decision [gemma3:1b-it-qat] ███████████████░░░░░ 30/40 (75%)
    [convert_vs_preference_decision] call failed (inst=1 run=11): Ollama generation failed: <urlopen error [Errno 61] Connection refused>
    [convert_vs_preference_decision] call failed (inst=1 run=12): Ollama generation failed: <urlopen error [Errno 61] Connection refused>
    [convert_vs_preference_decision] call failed (inst=1 run=10): Ollama generation failed: <urlopen error [Errno 61] Connection refused>    [convert_vs_preference_decision] call failed (inst=1 run=13): Ollama generation failed: <urlopen error [Errno 61] Connection refused>

    convert_vs_preference_decision [gemma3:1b-it-qat] ████████████████░░░░ 32/40 (80%)
    convert_vs_preference_decision [gemma3:1b-it-qat] █████████████████░░░ 34/40 (85%)
    [convert_vs_preference_decision] call failed (inst=1 run=14): Ollama generation failed: <urlopen error [Errno 61] Connection refused>
    [convert_vs_preference_decision] call failed (inst=1 run=16): Ollama generation failed: <urlopen error [Errno 61] Connection refused>
    convert_vs_preference_decision [gemma3:1b-it-qat] ██████████████████░░ 36/40 (90%)
    [convert_vs_preference_decision] call failed (inst=1 run=17): Ollama generation failed: <urlopen error [Errno 61] Connection refused>
    [convert_vs_preference_decision] call failed (inst=1 run=15): Ollama generation failed: <urlopen error [Errno 61] Connection refused>    [convert_vs_preference_decision] call failed (inst=1 run=18): Ollama generation failed: <urlopen error [Errno 61] Connection refused>

    convert_vs_preference_decision [gemma3:1b-it-qat] ███████████████████░ 38/40 (95%)
    [convert_vs_preference_decision] call failed (inst=1 run=19): Ollama generation failed: <urlopen error [Errno 61] Connection refused>
    convert_vs_preference_decision [gemma3:1b-it-qat] ████████████████████ 40/40 (100%)
      convert_vs_preference_decision: 40 empty responses dropped, refilling (attempt 1/3)
    [convert_vs_preference_decision] call failed (inst=0 run=1): Ollama generation failed: <urlopen error [Errno 61] Connection refused>
    [convert_vs_preference_decision] call failed (inst=0 run=0): Ollama generation failed: <urlopen error [Errno 61] Connection refused>
    [convert_vs_preference_decision] call failed (inst=0 run=2): Ollama generation failed: <urlopen error [Errno 61] Connection refused>    [convert_vs_preference_decision] call failed (inst=0 run=3): Ollama generation failed: <urlopen error [Errno 61] Connection refused>

    convert_vs_preference_decision [gemma3:1b-it-qat] █░░░░░░░░░░░░░░░░░░░ 2/40 (5%)
    convert_vs_preference_decision [gemma3:1b-it-qat] ██░░░░░░░░░░░░░░░░░░ 4/40 (10%)
    [convert_vs_preference_decision] call failed (inst=0 run=4): Ollama generation failed: <urlopen error [Errno 61] Connection refused>
    [convert_vs_preference_decision] call failed (inst=0 run=7): Ollama generation failed: <urlopen error [Errno 61] Connection refused>
    convert_vs_preference_decision [gemma3:1b-it-qat] ███░░░░░░░░░░░░░░░░░ 6/40 (15%)
    [convert_vs_preference_decision] call failed (inst=0 run=5): Ollama generation failed: <urlopen error [Errno 61] Connection refused>
    [convert_vs_preference_decision] call failed (inst=0 run=6): Ollama generation failed: <urlopen error [Errno 61] Connection refused>    [convert_vs_preference_decision] call failed (inst=0 run=8): Ollama generation failed: <urlopen error [Errno 61] Connection refused>

    convert_vs_preference_decision [gemma3:1b-it-qat] ████░░░░░░░░░░░░░░░░ 8/40 (20%)
    [convert_vs_preference_decision] call failed (inst=0 run=9): Ollama generation failed: <urlopen error [Errno 61] Connection refused>
    convert_vs_preference_decision [gemma3:1b-it-qat] █████░░░░░░░░░░░░░░░ 10/40 (25%)
    [convert_vs_preference_decision] call failed (inst=0 run=11): Ollama generation failed: <urlopen error [Errno 61] Connection refused>
    [convert_vs_preference_decision] call failed (inst=0 run=10): Ollama generation failed: <urlopen error [Errno 61] Connection refused>
    [convert_vs_preference_decision] call failed (inst=0 run=12): Ollama generation failed: <urlopen error [Errno 61] Connection refused>
    convert_vs_preference_decision [gemma3:1b-it-qat] ██████░░░░░░░░░░░░░░ 12/40 (30%)
    [convert_vs_preference_decision] call failed (inst=0 run=13): Ollama generation failed: <urlopen error [Errno 61] Connection refused>
    convert_vs_preference_decision [gemma3:1b-it-qat] ███████░░░░░░░░░░░░░ 14/40 (35%)
    [convert_vs_preference_decision] call failed (inst=0 run=14): Ollama generation failed: <urlopen error [Errno 61] Connection refused>
    [convert_vs_preference_decision] call failed (inst=0 run=16): Ollama generation failed: <urlopen error [Errno 61] Connection refused>    [convert_vs_preference_decision] call failed (inst=0 run=15): Ollama generation failed: <urlopen error [Errno 61] Connection refused>

    convert_vs_preference_decision [gemma3:1b-it-qat] ████████░░░░░░░░░░░░ 16/40 (40%)
    [convert_vs_preference_decision] call failed (inst=0 run=17): Ollama generation failed: <urlopen error [Errno 61] Connection refused>
    convert_vs_preference_decision [gemma3:1b-it-qat] █████████░░░░░░░░░░░ 18/40 (45%)
    [convert_vs_preference_decision] call failed (inst=0 run=18): Ollama generation failed: <urlopen error [Errno 61] Connection refused>
    [convert_vs_preference_decision] call failed (inst=1 run=0): Ollama generation failed: <urlopen error [Errno 61] Connection refused>
    convert_vs_preference_decision [gemma3:1b-it-qat] ██████████░░░░░░░░░░ 20/40 (50%)
    [convert_vs_preference_decision] call failed (inst=1 run=1): Ollama generation failed: <urlopen error [Errno 61] Connection refused>
    [convert_vs_preference_decision] call failed (inst=1 run=2): Ollama generation failed: <urlopen error [Errno 61] Connection refused>
    [convert_vs_preference_decision] call failed (inst=0 run=19): Ollama generation failed: <urlopen error [Errno 61] Connection refused>
    convert_vs_preference_decision [gemma3:1b-it-qat] ███████████░░░░░░░░░ 22/40 (55%)
    [convert_vs_preference_decision] call failed (inst=1 run=3): Ollama generation failed: <urlopen error [Errno 61] Connection refused>
    convert_vs_preference_decision [gemma3:1b-it-qat] ████████████░░░░░░░░ 24/40 (60%)
    [convert_vs_preference_decision] call failed (inst=1 run=5): Ollama generation failed: <urlopen error [Errno 61] Connection refused>
    [convert_vs_preference_decision] call failed (inst=1 run=7): Ollama generation failed: <urlopen error [Errno 61] Connection refused>
    convert_vs_preference_decision [gemma3:1b-it-qat] █████████████░░░░░░░ 26/40 (65%)    [convert_vs_preference_decision] call failed (inst=1 run=4): Ollama generation failed: <urlopen error [Errno 61] Connection refused>
    [convert_vs_preference_decision] call failed (inst=1 run=6): Ollama generation failed: <urlopen error [Errno 61] Connection refused>

    convert_vs_preference_decision [gemma3:1b-it-qat] ██████████████░░░░░░ 28/40 (70%)
    [convert_vs_preference_decision] call failed (inst=1 run=8): Ollama generation failed: <urlopen error [Errno 61] Connection refused>
    [convert_vs_preference_decision] call failed (inst=1 run=11): Ollama generation failed: <urlopen error [Errno 61] Connection refused>
    convert_vs_preference_decision [gemma3:1b-it-qat] ███████████████░░░░░ 30/40 (75%)
    [convert_vs_preference_decision] call failed (inst=1 run=10): Ollama generation failed: <urlopen error [Errno 61] Connection refused>
    [convert_vs_preference_decision] call failed (inst=1 run=9): Ollama generation failed: <urlopen error [Errno 61] Connection refused>
    convert_vs_preference_decision [gemma3:1b-it-qat] ████████████████░░░░ 32/40 (80%)
    [convert_vs_preference_decision] call failed (inst=1 run=12): Ollama generation failed: <urlopen error [Errno 61] Connection refused>
    [convert_vs_preference_decision] call failed (inst=1 run=13): Ollama generation failed: <urlopen error [Errno 61] Connection refused>
    [convert_vs_preference_decision] call failed (inst=1 run=14): Ollama generation failed: <urlopen error [Errno 61] Connection refused>    convert_vs_preference_decision [gemma3:1b-it-qat] █████████████████░░░ 34/40 (85%)

    [convert_vs_preference_decision] call failed (inst=1 run=15): Ollama generation failed: <urlopen error [Errno 61] Connection refused>
    convert_vs_preference_decision [gemma3:1b-it-qat] ██████████████████░░ 36/40 (90%)
    [convert_vs_preference_decision] call failed (inst=1 run=16): Ollama generation failed: <urlopen error [Errno 61] Connection refused>
    [convert_vs_preference_decision] call failed (inst=1 run=18): Ollama generation failed: <urlopen error [Errno 61] Connection refused>
    convert_vs_preference_decision [gemma3:1b-it-qat] ███████████████████░ 38/40 (95%)
    [convert_vs_preference_decision] call failed (inst=1 run=17): Ollama generation failed: <urlopen error [Errno 61] Connection refused>
    [convert_vs_preference_decision] call failed (inst=1 run=19): Ollama generation failed: <urlopen error [Errno 61] Connection refused>
    convert_vs_preference_decision [gemma3:1b-it-qat] ████████████████████ 40/40 (100%)
      convert_vs_preference_decision: 40 empty responses dropped, refilling (attempt 2/3)
    [convert_vs_preference_decision] call failed (inst=0 run=3): Ollama generation failed: <urlopen error [Errno 61] Connection refused>
    [convert_vs_preference_decision] call failed (inst=0 run=1): Ollama generation failed: <urlopen error [Errno 61] Connection refused>    [convert_vs_preference_decision] call failed (inst=0 run=2): Ollama generation failed: <urlopen error [Errno 61] Connection refused>
    [convert_vs_preference_decision] call failed (inst=0 run=0): Ollama generation failed: <urlopen error [Errno 61] Connection refused>

    convert_vs_preference_decision [gemma3:1b-it-qat] █░░░░░░░░░░░░░░░░░░░ 2/40 (5%)
    convert_vs_preference_decision [gemma3:1b-it-qat] ██░░░░░░░░░░░░░░░░░░ 4/40 (10%)
    [convert_vs_preference_decision] call failed (inst=0 run=5): Ollama generation failed: <urlopen error [Errno 61] Connection refused>
    [convert_vs_preference_decision] call failed (inst=0 run=6): Ollama generation failed: <urlopen error [Errno 61] Connection refused>
    [convert_vs_preference_decision] call failed (inst=0 run=4): Ollama generation failed: <urlopen error [Errno 61] Connection refused>
    convert_vs_preference_decision [gemma3:1b-it-qat] ███░░░░░░░░░░░░░░░░░ 6/40 (15%)
    [convert_vs_preference_decision] call failed (inst=0 run=7): Ollama generation failed: <urlopen error [Errno 61] Connection refused>
    convert_vs_preference_decision [gemma3:1b-it-qat] ████░░░░░░░░░░░░░░░░ 8/40 (20%)
    [convert_vs_preference_decision] call failed (inst=0 run=8): Ollama generation failed: <urlopen error [Errno 61] Connection refused>
    [convert_vs_preference_decision] call failed (inst=0 run=9): Ollama generation failed: <urlopen error [Errno 61] Connection refused>
    convert_vs_preference_decision [gemma3:1b-it-qat] █████░░░░░░░░░░░░░░░ 10/40 (25%)    [convert_vs_preference_decision] call failed (inst=0 run=11): Ollama generation failed: <urlopen error [Errno 61] Connection refused>
    [convert_vs_preference_decision] call failed (inst=0 run=10): Ollama generation failed: <urlopen error [Errno 61] Connection refused>

    [convert_vs_preference_decision] call failed (inst=0 run=12): Ollama generation failed: <urlopen error [Errno 61] Connection refused>
    convert_vs_preference_decision [gemma3:1b-it-qat] ██████░░░░░░░░░░░░░░ 12/40 (30%)
    [convert_vs_preference_decision] call failed (inst=0 run=15): Ollama generation failed: <urlopen error [Errno 61] Connection refused>
    convert_vs_preference_decision [gemma3:1b-it-qat] ███████░░░░░░░░░░░░░ 14/40 (35%)
    [convert_vs_preference_decision] call failed (inst=0 run=13): Ollama generation failed: <urlopen error [Errno 61] Connection refused>
    [convert_vs_preference_decision] call failed (inst=0 run=14): Ollama generation failed: <urlopen error [Errno 61] Connection refused>    [convert_vs_preference_decision] call failed (inst=0 run=16): Ollama generation failed: <urlopen error [Errno 61] Connection refused>

    convert_vs_preference_decision [gemma3:1b-it-qat] ████████░░░░░░░░░░░░ 16/40 (40%)
    [convert_vs_preference_decision] call failed (inst=0 run=17): Ollama generation failed: <urlopen error [Errno 61] Connection refused>
    convert_vs_preference_decision [gemma3:1b-it-qat] █████████░░░░░░░░░░░ 18/40 (45%)
    [convert_vs_preference_decision] call failed (inst=0 run=18): Ollama generation failed: <urlopen error [Errno 61] Connection refused>
    [convert_vs_preference_decision] call failed (inst=1 run=0): Ollama generation failed: <urlopen error [Errno 61] Connection refused>
    [convert_vs_preference_decision] call failed (inst=0 run=19): Ollama generation failed: <urlopen error [Errno 61] Connection refused>    [convert_vs_preference_decision] call failed (inst=1 run=1): Ollama generation failed: <urlopen error [Errno 61] Connection refused>

    convert_vs_preference_decision [gemma3:1b-it-qat] ██████████░░░░░░░░░░ 20/40 (50%)
    convert_vs_preference_decision [gemma3:1b-it-qat] ███████████░░░░░░░░░ 22/40 (55%)
    [convert_vs_preference_decision] call failed (inst=1 run=2): Ollama generation failed: <urlopen error [Errno 61] Connection refused>
    [convert_vs_preference_decision] call failed (inst=1 run=5): Ollama generation failed: <urlopen error [Errno 61] Connection refused>
    convert_vs_preference_decision [gemma3:1b-it-qat] ████████████░░░░░░░░ 24/40 (60%)
    [convert_vs_preference_decision] call failed (inst=1 run=3): Ollama generation failed: <urlopen error [Errno 61] Connection refused>
    [convert_vs_preference_decision] call failed (inst=1 run=6): Ollama generation failed: <urlopen error [Errno 61] Connection refused>
    [convert_vs_preference_decision] call failed (inst=1 run=4): Ollama generation failed: <urlopen error [Errno 61] Connection refused>
    convert_vs_preference_decision [gemma3:1b-it-qat] █████████████░░░░░░░ 26/40 (65%)
    [convert_vs_preference_decision] call failed (inst=1 run=7): Ollama generation failed: <urlopen error [Errno 61] Connection refused>
    convert_vs_preference_decision [gemma3:1b-it-qat] ██████████████░░░░░░ 28/40 (70%)
    [convert_vs_preference_decision] call failed (inst=1 run=8): Ollama generation failed: <urlopen error [Errno 61] Connection refused>
    [convert_vs_preference_decision] call failed (inst=1 run=9): Ollama generation failed: <urlopen error [Errno 61] Connection refused>
    [convert_vs_preference_decision] call failed (inst=1 run=10): Ollama generation failed: <urlopen error [Errno 61] Connection refused>    convert_vs_preference_decision [gemma3:1b-it-qat] ███████████████░░░░░ 30/40 (75%)

    [convert_vs_preference_decision] call failed (inst=1 run=11): Ollama generation failed: <urlopen error [Errno 61] Connection refused>
    [convert_vs_preference_decision] call failed (inst=1 run=12): Ollama generation failed: <urlopen error [Errno 61] Connection refused>
    convert_vs_preference_decision [gemma3:1b-it-qat] ████████████████░░░░ 32/40 (80%)
    [convert_vs_preference_decision] call failed (inst=1 run=13): Ollama generation failed: <urlopen error [Errno 61] Connection refused>
    convert_vs_preference_decision [gemma3:1b-it-qat] █████████████████░░░ 34/40 (85%)
    [convert_vs_preference_decision] call failed (inst=1 run=16): Ollama generation failed: <urlopen error [Errno 61] Connection refused>
    [convert_vs_preference_decision] call failed (inst=1 run=14): Ollama generation failed: <urlopen error [Errno 61] Connection refused>    [convert_vs_preference_decision] call failed (inst=1 run=15): Ollama generation failed: <urlopen error [Errno 61] Connection refused>

    convert_vs_preference_decision [gemma3:1b-it-qat] ██████████████████░░ 36/40 (90%)
    [convert_vs_preference_decision] call failed (inst=1 run=17): Ollama generation failed: <urlopen error [Errno 61] Connection refused>
    convert_vs_preference_decision [gemma3:1b-it-qat] ███████████████████░ 38/40 (95%)
    [convert_vs_preference_decision] call failed (inst=1 run=18): Ollama generation failed: <urlopen error [Errno 61] Connection refused>
    [convert_vs_preference_decision] call failed (inst=1 run=19): Ollama generation failed: <urlopen error [Errno 61] Connection refused>
    convert_vs_preference_decision [gemma3:1b-it-qat] ████████████████████ 40/40 (100%)
      convert_vs_preference_decision: 40 empty responses dropped, refilling (attempt 3/3)
    [convert_vs_preference_decision] call failed (inst=0 run=0): Ollama generation failed: <urlopen error [Errno 61] Connection refused>
    [convert_vs_preference_decision] call failed (inst=0 run=1): Ollama generation failed: <urlopen error [Errno 61] Connection refused>    [convert_vs_preference_decision] call failed (inst=0 run=2): Ollama generation failed: <urlopen error [Errno 61] Connection refused>
    [convert_vs_preference_decision] call failed (inst=0 run=3): Ollama generation failed: <urlopen error [Errno 61] Connection refused>

    convert_vs_preference_decision [gemma3:1b-it-qat] █░░░░░░░░░░░░░░░░░░░ 2/40 (5%)
    convert_vs_preference_decision [gemma3:1b-it-qat] ██░░░░░░░░░░░░░░░░░░ 4/40 (10%)
    [convert_vs_preference_decision] call failed (inst=0 run=6): Ollama generation failed: <urlopen error [Errno 61] Connection refused>
    [convert_vs_preference_decision] call failed (inst=0 run=7): Ollama generation failed: <urlopen error [Errno 61] Connection refused>    [convert_vs_preference_decision] call failed (inst=0 run=5): Ollama generation failed: <urlopen error [Errno 61] Connection refused>
    [convert_vs_preference_decision] call failed (inst=0 run=4): Ollama generation failed: <urlopen error [Errno 61] Connection refused>

    convert_vs_preference_decision [gemma3:1b-it-qat] ███░░░░░░░░░░░░░░░░░ 6/40 (15%)
    convert_vs_preference_decision [gemma3:1b-it-qat] ████░░░░░░░░░░░░░░░░ 8/40 (20%)
    [convert_vs_preference_decision] call failed (inst=0 run=9): Ollama generation failed: <urlopen error [Errno 61] Connection refused>
    [convert_vs_preference_decision] call failed (inst=0 run=10): Ollama generation failed: <urlopen error [Errno 61] Connection refused>    [convert_vs_preference_decision] call failed (inst=0 run=8): Ollama generation failed: <urlopen error [Errno 61] Connection refused>    [convert_vs_preference_decision] call failed (inst=0 run=11): Ollama generation failed: <urlopen error [Errno 61] Connection refused>

    convert_vs_preference_decision [gemma3:1b-it-qat] █████░░░░░░░░░░░░░░░ 10/40 (25%)

    convert_vs_preference_decision [gemma3:1b-it-qat] ██████░░░░░░░░░░░░░░ 12/40 (30%)
    [convert_vs_preference_decision] call failed (inst=0 run=12): Ollama generation failed: <urlopen error [Errno 61] Connection refused>
    [convert_vs_preference_decision] call failed (inst=0 run=14): Ollama generation failed: <urlopen error [Errno 61] Connection refused>
    convert_vs_preference_decision [gemma3:1b-it-qat] ███████░░░░░░░░░░░░░ 14/40 (35%)
    [convert_vs_preference_decision] call failed (inst=0 run=15): Ollama generation failed: <urlopen error [Errno 61] Connection refused>    [convert_vs_preference_decision] call failed (inst=0 run=13): Ollama generation failed: <urlopen error [Errno 61] Connection refused>
    [convert_vs_preference_decision] call failed (inst=0 run=16): Ollama generation failed: <urlopen error [Errno 61] Connection refused>

    convert_vs_preference_decision [gemma3:1b-it-qat] ████████░░░░░░░░░░░░ 16/40 (40%)
    [convert_vs_preference_decision] call failed (inst=0 run=19): Ollama generation failed: <urlopen error [Errno 61] Connection refused>
    convert_vs_preference_decision [gemma3:1b-it-qat] █████████░░░░░░░░░░░ 18/40 (45%)
    [convert_vs_preference_decision] call failed (inst=0 run=18): Ollama generation failed: <urlopen error [Errno 61] Connection refused>
    [convert_vs_preference_decision] call failed (inst=0 run=17): Ollama generation failed: <urlopen error [Errno 61] Connection refused>    [convert_vs_preference_decision] call failed (inst=1 run=0): Ollama generation failed: <urlopen error [Errno 61] Connection refused>

    convert_vs_preference_decision [gemma3:1b-it-qat] ██████████░░░░░░░░░░ 20/40 (50%)
    [convert_vs_preference_decision] call failed (inst=1 run=1): Ollama generation failed: <urlopen error [Errno 61] Connection refused>
    convert_vs_preference_decision [gemma3:1b-it-qat] ███████████░░░░░░░░░ 22/40 (55%)
    [convert_vs_preference_decision] call failed (inst=1 run=2): Ollama generation failed: <urlopen error [Errno 61] Connection refused>
    [convert_vs_preference_decision] call failed (inst=1 run=4): Ollama generation failed: <urlopen error [Errno 61] Connection refused>
    [convert_vs_preference_decision] call failed (inst=1 run=5): Ollama generation failed: <urlopen error [Errno 61] Connection refused>    [convert_vs_preference_decision] call failed (inst=1 run=3): Ollama generation failed: <urlopen error [Errno 61] Connection refused>

    convert_vs_preference_decision [gemma3:1b-it-qat] ████████████░░░░░░░░ 24/40 (60%)
    convert_vs_preference_decision [gemma3:1b-it-qat] █████████████░░░░░░░ 26/40 (65%)
    [convert_vs_preference_decision] call failed (inst=1 run=7): Ollama generation failed: <urlopen error [Errno 61] Connection refused>
    [convert_vs_preference_decision] call failed (inst=1 run=6): Ollama generation failed: <urlopen error [Errno 61] Connection refused>
    [convert_vs_preference_decision] call failed (inst=1 run=8): Ollama generation failed: <urlopen error [Errno 61] Connection refused>
    [convert_vs_preference_decision] call failed (inst=1 run=9): Ollama generation failed: <urlopen error [Errno 61] Connection refused>
    convert_vs_preference_decision [gemma3:1b-it-qat] ██████████████░░░░░░ 28/40 (70%)
    convert_vs_preference_decision [gemma3:1b-it-qat] ███████████████░░░░░ 30/40 (75%)
    [convert_vs_preference_decision] call failed (inst=1 run=12): Ollama generation failed: <urlopen error [Errno 61] Connection refused>
    [convert_vs_preference_decision] call failed (inst=1 run=13): Ollama generation failed: <urlopen error [Errno 61] Connection refused>
    [convert_vs_preference_decision] call failed (inst=1 run=11): Ollama generation failed: <urlopen error [Errno 61] Connection refused>    [convert_vs_preference_decision] call failed (inst=1 run=10): Ollama generation failed: <urlopen error [Errno 61] Connection refused>

    convert_vs_preference_decision [gemma3:1b-it-qat] ████████████████░░░░ 32/40 (80%)
    convert_vs_preference_decision [gemma3:1b-it-qat] █████████████████░░░ 34/40 (85%)
    [convert_vs_preference_decision] call failed (inst=1 run=14): Ollama generation failed: <urlopen error [Errno 61] Connection refused>
    [convert_vs_preference_decision] call failed (inst=1 run=15): Ollama generation failed: <urlopen error [Errno 61] Connection refused>
    convert_vs_preference_decision [gemma3:1b-it-qat] ██████████████████░░ 36/40 (90%)
    [convert_vs_preference_decision] call failed (inst=1 run=16): Ollama generation failed: <urlopen error [Errno 61] Connection refused>    [convert_vs_preference_decision] call failed (inst=1 run=17): Ollama generation failed: <urlopen error [Errno 61] Connection refused>

    convert_vs_preference_decision [gemma3:1b-it-qat] ███████████████████░ 38/40 (95%)
    [convert_vs_preference_decision] call failed (inst=1 run=18): Ollama generation failed: <urlopen error [Errno 61] Connection refused>
    [convert_vs_preference_decision] call failed (inst=1 run=19): Ollama generation failed: <urlopen error [Errno 61] Connection refused>
    convert_vs_preference_decision [gemma3:1b-it-qat] ████████████████████ 40/40 (100%)
      convert_vs_preference_decision: 40 empty responses dropped, refilling (attempt 4/3)
      convert_vs_preference_decision: STILL SHORT after 3 refills -- this cell is incomplete and must not be reported as measured
      280 calls

  === deepseek-v4f (deepseek) ===
    option_pool_shuffle [deepseek-v4-flash] █░░░░░░░░░░░░░░░░░░░ 3/60 (5%)
    option_pool_shuffle [deepseek-v4-flash] ██░░░░░░░░░░░░░░░░░░ 6/60 (10%)
    option_pool_shuffle [deepseek-v4-flash] ███░░░░░░░░░░░░░░░░░ 9/60 (15%)
    option_pool_shuffle [deepseek-v4-flash] ████░░░░░░░░░░░░░░░░ 12/60 (20%)
    option_pool_shuffle [deepseek-v4-flash] █████░░░░░░░░░░░░░░░ 15/60 (25%)
    option_pool_shuffle [deepseek-v4-flash] ██████░░░░░░░░░░░░░░ 18/60 (30%)
    option_pool_shuffle [deepseek-v4-flash] ███████░░░░░░░░░░░░░ 21/60 (35%)
    option_pool_shuffle [deepseek-v4-flash] ████████░░░░░░░░░░░░ 24/60 (40%)
    option_pool_shuffle [deepseek-v4-flash] █████████░░░░░░░░░░░ 27/60 (45%)
    option_pool_shuffle [deepseek-v4-flash] ██████████░░░░░░░░░░ 30/60 (50%)
    option_pool_shuffle [deepseek-v4-flash] ███████████░░░░░░░░░ 33/60 (55%)
    option_pool_shuffle [deepseek-v4-flash] ████████████░░░░░░░░ 36/60 (60%)
    option_pool_shuffle [deepseek-v4-flash] █████████████░░░░░░░ 39/60 (65%)
    option_pool_shuffle [deepseek-v4-flash] ██████████████░░░░░░ 42/60 (70%)
    option_pool_shuffle [deepseek-v4-flash] ███████████████░░░░░ 45/60 (75%)
    option_pool_shuffle [deepseek-v4-flash] ████████████████░░░░ 48/60 (80%)
    option_pool_shuffle [deepseek-v4-flash] █████████████████░░░ 51/60 (85%)
    option_pool_shuffle [deepseek-v4-flash] ██████████████████░░ 54/60 (90%)
    option_pool_shuffle [deepseek-v4-flash] ███████████████████░ 57/60 (95%)
    option_pool_shuffle [deepseek-v4-flash] ████████████████████ 60/60 (100%)
    multi_round_stacked_dilution [deepseek-v4-flash] █░░░░░░░░░░░░░░░░░░░ 5/100 (5%)
    multi_round_stacked_dilution [deepseek-v4-flash] ██░░░░░░░░░░░░░░░░░░ 10/100 (10%)
    multi_round_stacked_dilution [deepseek-v4-flash] ███░░░░░░░░░░░░░░░░░ 15/100 (15%)
    multi_round_stacked_dilution [deepseek-v4-flash] ████░░░░░░░░░░░░░░░░ 20/100 (20%)
    multi_round_stacked_dilution [deepseek-v4-flash] █████░░░░░░░░░░░░░░░ 25/100 (25%)
    multi_round_stacked_dilution [deepseek-v4-flash] ██████░░░░░░░░░░░░░░ 30/100 (30%)
    multi_round_stacked_dilution [deepseek-v4-flash] ███████░░░░░░░░░░░░░ 35/100 (35%)
    multi_round_stacked_dilution [deepseek-v4-flash] ████████░░░░░░░░░░░░ 40/100 (40%)
    multi_round_stacked_dilution [deepseek-v4-flash] █████████░░░░░░░░░░░ 45/100 (45%)
    multi_round_stacked_dilution [deepseek-v4-flash] ██████████░░░░░░░░░░ 50/100 (50%)
    multi_round_stacked_dilution [deepseek-v4-flash] ███████████░░░░░░░░░ 55/100 (55%)
    multi_round_stacked_dilution [deepseek-v4-flash] ████████████░░░░░░░░ 60/100 (60%)
    multi_round_stacked_dilution [deepseek-v4-flash] █████████████░░░░░░░ 65/100 (65%)
    multi_round_stacked_dilution [deepseek-v4-flash] ██████████████░░░░░░ 70/100 (70%)
    multi_round_stacked_dilution [deepseek-v4-flash] ███████████████░░░░░ 75/100 (75%)
    multi_round_stacked_dilution [deepseek-v4-flash] ████████████████░░░░ 80/100 (80%)
    multi_round_stacked_dilution [deepseek-v4-flash] █████████████████░░░ 85/100 (85%)
    multi_round_stacked_dilution [deepseek-v4-flash] ██████████████████░░ 90/100 (90%)
    multi_round_stacked_dilution [deepseek-v4-flash] ███████████████████░ 95/100 (95%)
    multi_round_stacked_dilution [deepseek-v4-flash] ████████████████████ 100/100 (100%)
    liquidation_waterfall_payout [deepseek-v4-flash] █░░░░░░░░░░░░░░░░░░░ 4/80 (5%)
    liquidation_waterfall_payout [deepseek-v4-flash] ██░░░░░░░░░░░░░░░░░░ 8/80 (10%)
    liquidation_waterfall_payout [deepseek-v4-flash] ███░░░░░░░░░░░░░░░░░ 12/80 (15%)
    liquidation_waterfall_payout [deepseek-v4-flash] ████░░░░░░░░░░░░░░░░ 16/80 (20%)
    liquidation_waterfall_payout [deepseek-v4-flash] █████░░░░░░░░░░░░░░░ 20/80 (25%)
    liquidation_waterfall_payout [deepseek-v4-flash] ██████░░░░░░░░░░░░░░ 24/80 (30%)
    liquidation_waterfall_payout [deepseek-v4-flash] ███████░░░░░░░░░░░░░ 28/80 (35%)
    liquidation_waterfall_payout [deepseek-v4-flash] ████████░░░░░░░░░░░░ 32/80 (40%)
    liquidation_waterfall_payout [deepseek-v4-flash] █████████░░░░░░░░░░░ 36/80 (45%)
    liquidation_waterfall_payout [deepseek-v4-flash] ██████████░░░░░░░░░░ 40/80 (50%)
    liquidation_waterfall_payout [deepseek-v4-flash] ███████████░░░░░░░░░ 44/80 (55%)
    liquidation_waterfall_payout [deepseek-v4-flash] ████████████░░░░░░░░ 48/80 (60%)
    liquidation_waterfall_payout [deepseek-v4-flash] █████████████░░░░░░░ 52/80 (65%)
    liquidation_waterfall_payout [deepseek-v4-flash] ██████████████░░░░░░ 56/80 (70%)
    liquidation_waterfall_payout [deepseek-v4-flash] ███████████████░░░░░ 60/80 (75%)
    liquidation_waterfall_payout [deepseek-v4-flash] ████████████████░░░░ 64/80 (80%)
    liquidation_waterfall_payout [deepseek-v4-flash] █████████████████░░░ 68/80 (85%)
    liquidation_waterfall_payout [deepseek-v4-flash] ██████████████████░░ 72/80 (90%)
    liquidation_waterfall_payout [deepseek-v4-flash] ███████████████████░ 76/80 (95%)
    liquidation_waterfall_payout [deepseek-v4-flash] ████████████████████ 80/80 (100%)
    convert_vs_preference_decision [deepseek-v4-flash] █░░░░░░░░░░░░░░░░░░░ 2/40 (5%)
    convert_vs_preference_decision [deepseek-v4-flash] ██░░░░░░░░░░░░░░░░░░ 4/40 (10%)
    convert_vs_preference_decision [deepseek-v4-flash] ███░░░░░░░░░░░░░░░░░ 6/40 (15%)
    convert_vs_preference_decision [deepseek-v4-flash] ████░░░░░░░░░░░░░░░░ 8/40 (20%)
    convert_vs_preference_decision [deepseek-v4-flash] █████░░░░░░░░░░░░░░░ 10/40 (25%)
    convert_vs_preference_decision [deepseek-v4-flash] ██████░░░░░░░░░░░░░░ 12/40 (30%)
    convert_vs_preference_decision [deepseek-v4-flash] ███████░░░░░░░░░░░░░ 14/40 (35%)
    convert_vs_preference_decision [deepseek-v4-flash] ████████░░░░░░░░░░░░ 16/40 (40%)
    convert_vs_preference_decision [deepseek-v4-flash] █████████░░░░░░░░░░░ 18/40 (45%)
    convert_vs_preference_decision [deepseek-v4-flash] ██████████░░░░░░░░░░ 20/40 (50%)
    convert_vs_preference_decision [deepseek-v4-flash] ███████████░░░░░░░░░ 22/40 (55%)
    convert_vs_preference_decision [deepseek-v4-flash] ████████████░░░░░░░░ 24/40 (60%)
    convert_vs_preference_decision [deepseek-v4-flash] █████████████░░░░░░░ 26/40 (65%)
    convert_vs_preference_decision [deepseek-v4-flash] ██████████████░░░░░░ 28/40 (70%)
    convert_vs_preference_decision [deepseek-v4-flash] ███████████████░░░░░ 30/40 (75%)
    convert_vs_preference_decision [deepseek-v4-flash] ████████████████░░░░ 32/40 (80%)
    convert_vs_preference_decision [deepseek-v4-flash] █████████████████░░░ 34/40 (85%)
    convert_vs_preference_decision [deepseek-v4-flash] ██████████████████░░ 36/40 (90%)
    convert_vs_preference_decision [deepseek-v4-flash] ███████████████████░ 38/40 (95%)
    convert_vs_preference_decision [deepseek-v4-flash] ████████████████████ 40/40 (100%)
      280 calls

  === deepseek-v4p (deepseek) ===
    option_pool_shuffle [deepseek-v4-pro] █░░░░░░░░░░░░░░░░░░░ 3/60 (5%)
    option_pool_shuffle [deepseek-v4-pro] ██░░░░░░░░░░░░░░░░░░ 6/60 (10%)
    option_pool_shuffle [deepseek-v4-pro] ███░░░░░░░░░░░░░░░░░ 9/60 (15%)
    option_pool_shuffle [deepseek-v4-pro] ████░░░░░░░░░░░░░░░░ 12/60 (20%)
    option_pool_shuffle [deepseek-v4-pro] █████░░░░░░░░░░░░░░░ 15/60 (25%)
    option_pool_shuffle [deepseek-v4-pro] ██████░░░░░░░░░░░░░░ 18/60 (30%)
    option_pool_shuffle [deepseek-v4-pro] ███████░░░░░░░░░░░░░ 21/60 (35%)
    option_pool_shuffle [deepseek-v4-pro] ████████░░░░░░░░░░░░ 24/60 (40%)
    option_pool_shuffle [deepseek-v4-pro] █████████░░░░░░░░░░░ 27/60 (45%)
    option_pool_shuffle [deepseek-v4-pro] ██████████░░░░░░░░░░ 30/60 (50%)
    option_pool_shuffle [deepseek-v4-pro] ███████████░░░░░░░░░ 33/60 (55%)
    option_pool_shuffle [deepseek-v4-pro] ████████████░░░░░░░░ 36/60 (60%)
    option_pool_shuffle [deepseek-v4-pro] █████████████░░░░░░░ 39/60 (65%)
    option_pool_shuffle [deepseek-v4-pro] ██████████████░░░░░░ 42/60 (70%)
    option_pool_shuffle [deepseek-v4-pro] ███████████████░░░░░ 45/60 (75%)
    option_pool_shuffle [deepseek-v4-pro] ████████████████░░░░ 48/60 (80%)
    option_pool_shuffle [deepseek-v4-pro] █████████████████░░░ 51/60 (85%)
    option_pool_shuffle [deepseek-v4-pro] ██████████████████░░ 54/60 (90%)
    option_pool_shuffle [deepseek-v4-pro] ███████████████████░ 57/60 (95%)
    option_pool_shuffle [deepseek-v4-pro] ████████████████████ 60/60 (100%)
    multi_round_stacked_dilution [deepseek-v4-pro] █░░░░░░░░░░░░░░░░░░░ 5/100 (5%)
    multi_round_stacked_dilution [deepseek-v4-pro] ██░░░░░░░░░░░░░░░░░░ 10/100 (10%)
    multi_round_stacked_dilution [deepseek-v4-pro] ███░░░░░░░░░░░░░░░░░ 15/100 (15%)
    multi_round_stacked_dilution [deepseek-v4-pro] ████░░░░░░░░░░░░░░░░ 20/100 (20%)
    multi_round_stacked_dilution [deepseek-v4-pro] █████░░░░░░░░░░░░░░░ 25/100 (25%)
    multi_round_stacked_dilution [deepseek-v4-pro] ██████░░░░░░░░░░░░░░ 30/100 (30%)
    multi_round_stacked_dilution [deepseek-v4-pro] ███████░░░░░░░░░░░░░ 35/100 (35%)
    multi_round_stacked_dilution [deepseek-v4-pro] ████████░░░░░░░░░░░░ 40/100 (40%)
    multi_round_stacked_dilution [deepseek-v4-pro] █████████░░░░░░░░░░░ 45/100 (45%)
    multi_round_stacked_dilution [deepseek-v4-pro] ██████████░░░░░░░░░░ 50/100 (50%)
    multi_round_stacked_dilution [deepseek-v4-pro] ███████████░░░░░░░░░ 55/100 (55%)
    multi_round_stacked_dilution [deepseek-v4-pro] ████████████░░░░░░░░ 60/100 (60%)
    multi_round_stacked_dilution [deepseek-v4-pro] █████████████░░░░░░░ 65/100 (65%)
    multi_round_stacked_dilution [deepseek-v4-pro] ██████████████░░░░░░ 70/100 (70%)
    multi_round_stacked_dilution [deepseek-v4-pro] ███████████████░░░░░ 75/100 (75%)
    multi_round_stacked_dilution [deepseek-v4-pro] ████████████████░░░░ 80/100 (80%)
    multi_round_stacked_dilution [deepseek-v4-pro] █████████████████░░░ 85/100 (85%)
    multi_round_stacked_dilution [deepseek-v4-pro] ██████████████████░░ 90/100 (90%)
    multi_round_stacked_dilution [deepseek-v4-pro] ███████████████████░ 95/100 (95%)
    multi_round_stacked_dilution [deepseek-v4-pro] ████████████████████ 100/100 (100%)
    liquidation_waterfall_payout [deepseek-v4-pro] █░░░░░░░░░░░░░░░░░░░ 4/80 (5%)
    liquidation_waterfall_payout [deepseek-v4-pro] ██░░░░░░░░░░░░░░░░░░ 8/80 (10%)
    liquidation_waterfall_payout [deepseek-v4-pro] ███░░░░░░░░░░░░░░░░░ 12/80 (15%)
    liquidation_waterfall_payout [deepseek-v4-pro] ████░░░░░░░░░░░░░░░░ 16/80 (20%)
    liquidation_waterfall_payout [deepseek-v4-pro] █████░░░░░░░░░░░░░░░ 20/80 (25%)
    liquidation_waterfall_payout [deepseek-v4-pro] ██████░░░░░░░░░░░░░░ 24/80 (30%)
    liquidation_waterfall_payout [deepseek-v4-pro] ███████░░░░░░░░░░░░░ 28/80 (35%)
    liquidation_waterfall_payout [deepseek-v4-pro] ████████░░░░░░░░░░░░ 32/80 (40%)
    liquidation_waterfall_payout [deepseek-v4-pro] █████████░░░░░░░░░░░ 36/80 (45%)
    liquidation_waterfall_payout [deepseek-v4-pro] ██████████░░░░░░░░░░ 40/80 (50%)
    liquidation_waterfall_payout [deepseek-v4-pro] ███████████░░░░░░░░░ 44/80 (55%)
    liquidation_waterfall_payout [deepseek-v4-pro] ████████████░░░░░░░░ 48/80 (60%)
    liquidation_waterfall_payout [deepseek-v4-pro] █████████████░░░░░░░ 52/80 (65%)
    liquidation_waterfall_payout [deepseek-v4-pro] ██████████████░░░░░░ 56/80 (70%)
    liquidation_waterfall_payout [deepseek-v4-pro] ███████████████░░░░░ 60/80 (75%)
    liquidation_waterfall_payout [deepseek-v4-pro] ████████████████░░░░ 64/80 (80%)
    liquidation_waterfall_payout [deepseek-v4-pro] █████████████████░░░ 68/80 (85%)
    liquidation_waterfall_payout [deepseek-v4-pro] ██████████████████░░ 72/80 (90%)
    liquidation_waterfall_payout [deepseek-v4-pro] ███████████████████░ 76/80 (95%)
    liquidation_waterfall_payout [deepseek-v4-pro] ████████████████████ 80/80 (100%)
    convert_vs_preference_decision [deepseek-v4-pro] █░░░░░░░░░░░░░░░░░░░ 2/40 (5%)
    convert_vs_preference_decision [deepseek-v4-pro] ██░░░░░░░░░░░░░░░░░░ 4/40 (10%)
    convert_vs_preference_decision [deepseek-v4-pro] ███░░░░░░░░░░░░░░░░░ 6/40 (15%)
    convert_vs_preference_decision [deepseek-v4-pro] ████░░░░░░░░░░░░░░░░ 8/40 (20%)
    convert_vs_preference_decision [deepseek-v4-pro] █████░░░░░░░░░░░░░░░ 10/40 (25%)
    convert_vs_preference_decision [deepseek-v4-pro] ██████░░░░░░░░░░░░░░ 12/40 (30%)
    convert_vs_preference_decision [deepseek-v4-pro] ███████░░░░░░░░░░░░░ 14/40 (35%)
    convert_vs_preference_decision [deepseek-v4-pro] ████████░░░░░░░░░░░░ 16/40 (40%)
    convert_vs_preference_decision [deepseek-v4-pro] █████████░░░░░░░░░░░ 18/40 (45%)
    convert_vs_preference_decision [deepseek-v4-pro] ██████████░░░░░░░░░░ 20/40 (50%)
    convert_vs_preference_decision [deepseek-v4-pro] ███████████░░░░░░░░░ 22/40 (55%)
    convert_vs_preference_decision [deepseek-v4-pro] ████████████░░░░░░░░ 24/40 (60%)
    convert_vs_preference_decision [deepseek-v4-pro] █████████████░░░░░░░ 26/40 (65%)
    convert_vs_preference_decision [deepseek-v4-pro] ██████████████░░░░░░ 28/40 (70%)
    convert_vs_preference_decision [deepseek-v4-pro] ███████████████░░░░░ 30/40 (75%)
    convert_vs_preference_decision [deepseek-v4-pro] ████████████████░░░░ 32/40 (80%)
    convert_vs_preference_decision [deepseek-v4-pro] █████████████████░░░ 34/40 (85%)
    convert_vs_preference_decision [deepseek-v4-pro] ██████████████████░░ 36/40 (90%)
    convert_vs_preference_decision [deepseek-v4-pro] ███████████████████░ 38/40 (95%)
    convert_vs_preference_decision [deepseek-v4-pro] ████████████████████ 40/40 (100%)
      280 calls

  === haiku-4.5-direct (anthropic) ===
    option_pool_shuffle [claude-haiku-4-5-20251001] █░░░░░░░░░░░░░░░░░░░ 3/60 (5%)
    option_pool_shuffle [claude-haiku-4-5-20251001] ██░░░░░░░░░░░░░░░░░░ 6/60 (10%)
    option_pool_shuffle [claude-haiku-4-5-20251001] ███░░░░░░░░░░░░░░░░░ 9/60 (15%)
    option_pool_shuffle [claude-haiku-4-5-20251001] ████░░░░░░░░░░░░░░░░ 12/60 (20%)
    option_pool_shuffle [claude-haiku-4-5-20251001] █████░░░░░░░░░░░░░░░ 15/60 (25%)
    option_pool_shuffle [claude-haiku-4-5-20251001] ██████░░░░░░░░░░░░░░ 18/60 (30%)
    option_pool_shuffle [claude-haiku-4-5-20251001] ███████░░░░░░░░░░░░░ 21/60 (35%)
    option_pool_shuffle [claude-haiku-4-5-20251001] ████████░░░░░░░░░░░░ 24/60 (40%)
    option_pool_shuffle [claude-haiku-4-5-20251001] █████████░░░░░░░░░░░ 27/60 (45%)
    option_pool_shuffle [claude-haiku-4-5-20251001] ██████████░░░░░░░░░░ 30/60 (50%)
    option_pool_shuffle [claude-haiku-4-5-20251001] ███████████░░░░░░░░░ 33/60 (55%)
    option_pool_shuffle [claude-haiku-4-5-20251001] ████████████░░░░░░░░ 36/60 (60%)
    option_pool_shuffle [claude-haiku-4-5-20251001] █████████████░░░░░░░ 39/60 (65%)
    option_pool_shuffle [claude-haiku-4-5-20251001] ██████████████░░░░░░ 42/60 (70%)
    option_pool_shuffle [claude-haiku-4-5-20251001] ███████████████░░░░░ 45/60 (75%)
    option_pool_shuffle [claude-haiku-4-5-20251001] ████████████████░░░░ 48/60 (80%)
    option_pool_shuffle [claude-haiku-4-5-20251001] █████████████████░░░ 51/60 (85%)
    option_pool_shuffle [claude-haiku-4-5-20251001] ██████████████████░░ 54/60 (90%)
    option_pool_shuffle [claude-haiku-4-5-20251001] ███████████████████░ 57/60 (95%)
    option_pool_shuffle [claude-haiku-4-5-20251001] ████████████████████ 60/60 (100%)
    multi_round_stacked_dilution [claude-haiku-4-5-20251001] █░░░░░░░░░░░░░░░░░░░ 5/100 (5%)
    multi_round_stacked_dilution [claude-haiku-4-5-20251001] ██░░░░░░░░░░░░░░░░░░ 10/100 (10%)
    multi_round_stacked_dilution [claude-haiku-4-5-20251001] ███░░░░░░░░░░░░░░░░░ 15/100 (15%)
    multi_round_stacked_dilution [claude-haiku-4-5-20251001] ████░░░░░░░░░░░░░░░░ 20/100 (20%)
    multi_round_stacked_dilution [claude-haiku-4-5-20251001] █████░░░░░░░░░░░░░░░ 25/100 (25%)
    multi_round_stacked_dilution [claude-haiku-4-5-20251001] ██████░░░░░░░░░░░░░░ 30/100 (30%)
    multi_round_stacked_dilution [claude-haiku-4-5-20251001] ███████░░░░░░░░░░░░░ 35/100 (35%)
    multi_round_stacked_dilution [claude-haiku-4-5-20251001] ████████░░░░░░░░░░░░ 40/100 (40%)
    multi_round_stacked_dilution [claude-haiku-4-5-20251001] █████████░░░░░░░░░░░ 45/100 (45%)
    multi_round_stacked_dilution [claude-haiku-4-5-20251001] ██████████░░░░░░░░░░ 50/100 (50%)
    multi_round_stacked_dilution [claude-haiku-4-5-20251001] ███████████░░░░░░░░░ 55/100 (55%)
    multi_round_stacked_dilution [claude-haiku-4-5-20251001] ████████████░░░░░░░░ 60/100 (60%)
    multi_round_stacked_dilution [claude-haiku-4-5-20251001] █████████████░░░░░░░ 65/100 (65%)
    multi_round_stacked_dilution [claude-haiku-4-5-20251001] ██████████████░░░░░░ 70/100 (70%)
    multi_round_stacked_dilution [claude-haiku-4-5-20251001] ███████████████░░░░░ 75/100 (75%)
    multi_round_stacked_dilution [claude-haiku-4-5-20251001] ████████████████░░░░ 80/100 (80%)
    multi_round_stacked_dilution [claude-haiku-4-5-20251001] █████████████████░░░ 85/100 (85%)
    multi_round_stacked_dilution [claude-haiku-4-5-20251001] ██████████████████░░ 90/100 (90%)
    multi_round_stacked_dilution [claude-haiku-4-5-20251001] ███████████████████░ 95/100 (95%)
    multi_round_stacked_dilution [claude-haiku-4-5-20251001] ████████████████████ 100/100 (100%)
    liquidation_waterfall_payout [claude-haiku-4-5-20251001] █░░░░░░░░░░░░░░░░░░░ 4/80 (5%)
    liquidation_waterfall_payout [claude-haiku-4-5-20251001] ██░░░░░░░░░░░░░░░░░░ 8/80 (10%)
    liquidation_waterfall_payout [claude-haiku-4-5-20251001] ███░░░░░░░░░░░░░░░░░ 12/80 (15%)
    liquidation_waterfall_payout [claude-haiku-4-5-20251001] ████░░░░░░░░░░░░░░░░ 16/80 (20%)
    liquidation_waterfall_payout [claude-haiku-4-5-20251001] █████░░░░░░░░░░░░░░░ 20/80 (25%)
    liquidation_waterfall_payout [claude-haiku-4-5-20251001] ██████░░░░░░░░░░░░░░ 24/80 (30%)
    liquidation_waterfall_payout [claude-haiku-4-5-20251001] ███████░░░░░░░░░░░░░ 28/80 (35%)
    liquidation_waterfall_payout [claude-haiku-4-5-20251001] ████████░░░░░░░░░░░░ 32/80 (40%)
    liquidation_waterfall_payout [claude-haiku-4-5-20251001] █████████░░░░░░░░░░░ 36/80 (45%)
    liquidation_waterfall_payout [claude-haiku-4-5-20251001] ██████████░░░░░░░░░░ 40/80 (50%)
    liquidation_waterfall_payout [claude-haiku-4-5-20251001] ███████████░░░░░░░░░ 44/80 (55%)
    liquidation_waterfall_payout [claude-haiku-4-5-20251001] ████████████░░░░░░░░ 48/80 (60%)
    liquidation_waterfall_payout [claude-haiku-4-5-20251001] █████████████░░░░░░░ 52/80 (65%)
    liquidation_waterfall_payout [claude-haiku-4-5-20251001] ██████████████░░░░░░ 56/80 (70%)
    liquidation_waterfall_payout [claude-haiku-4-5-20251001] ███████████████░░░░░ 60/80 (75%)
    liquidation_waterfall_payout [claude-haiku-4-5-20251001] ████████████████░░░░ 64/80 (80%)
    liquidation_waterfall_payout [claude-haiku-4-5-20251001] █████████████████░░░ 68/80 (85%)
    liquidation_waterfall_payout [claude-haiku-4-5-20251001] ██████████████████░░ 72/80 (90%)
    liquidation_waterfall_payout [claude-haiku-4-5-20251001] ███████████████████░ 76/80 (95%)
    liquidation_waterfall_payout [claude-haiku-4-5-20251001] ████████████████████ 80/80 (100%)
    convert_vs_preference_decision [claude-haiku-4-5-20251001] █░░░░░░░░░░░░░░░░░░░ 2/40 (5%)
    convert_vs_preference_decision [claude-haiku-4-5-20251001] ██░░░░░░░░░░░░░░░░░░ 4/40 (10%)
    convert_vs_preference_decision [claude-haiku-4-5-20251001] ███░░░░░░░░░░░░░░░░░ 6/40 (15%)
    convert_vs_preference_decision [claude-haiku-4-5-20251001] ████░░░░░░░░░░░░░░░░ 8/40 (20%)
    convert_vs_preference_decision [claude-haiku-4-5-20251001] █████░░░░░░░░░░░░░░░ 10/40 (25%)
    convert_vs_preference_decision [claude-haiku-4-5-20251001] ██████░░░░░░░░░░░░░░ 12/40 (30%)
    convert_vs_preference_decision [claude-haiku-4-5-20251001] ███████░░░░░░░░░░░░░ 14/40 (35%)
    convert_vs_preference_decision [claude-haiku-4-5-20251001] ████████░░░░░░░░░░░░ 16/40 (40%)
    convert_vs_preference_decision [claude-haiku-4-5-20251001] █████████░░░░░░░░░░░ 18/40 (45%)
    convert_vs_preference_decision [claude-haiku-4-5-20251001] ██████████░░░░░░░░░░ 20/40 (50%)
    convert_vs_preference_decision [claude-haiku-4-5-20251001] ███████████░░░░░░░░░ 22/40 (55%)
    convert_vs_preference_decision [claude-haiku-4-5-20251001] ████████████░░░░░░░░ 24/40 (60%)
    convert_vs_preference_decision [claude-haiku-4-5-20251001] █████████████░░░░░░░ 26/40 (65%)
    convert_vs_preference_decision [claude-haiku-4-5-20251001] ██████████████░░░░░░ 28/40 (70%)
    convert_vs_preference_decision [claude-haiku-4-5-20251001] ███████████████░░░░░ 30/40 (75%)
    convert_vs_preference_decision [claude-haiku-4-5-20251001] ████████████████░░░░ 32/40 (80%)
    convert_vs_preference_decision [claude-haiku-4-5-20251001] █████████████████░░░ 34/40 (85%)
    convert_vs_preference_decision [claude-haiku-4-5-20251001] ██████████████████░░ 36/40 (90%)
    convert_vs_preference_decision [claude-haiku-4-5-20251001] ███████████████████░ 38/40 (95%)
    convert_vs_preference_decision [claude-haiku-4-5-20251001] ████████████████████ 40/40 (100%)
      280 calls

  === gemma4-31b-or (openrouter) ===
    option_pool_shuffle [google/gemma-4-31b-it] █░░░░░░░░░░░░░░░░░░░ 3/60 (5%)
    option_pool_shuffle [google/gemma-4-31b-it] ██░░░░░░░░░░░░░░░░░░ 6/60 (10%)
    option_pool_shuffle [google/gemma-4-31b-it] ███░░░░░░░░░░░░░░░░░ 9/60 (15%)
    option_pool_shuffle [google/gemma-4-31b-it] ████░░░░░░░░░░░░░░░░ 12/60 (20%)
    option_pool_shuffle [google/gemma-4-31b-it] █████░░░░░░░░░░░░░░░ 15/60 (25%)
    option_pool_shuffle [google/gemma-4-31b-it] ██████░░░░░░░░░░░░░░ 18/60 (30%)
    option_pool_shuffle [google/gemma-4-31b-it] ███████░░░░░░░░░░░░░ 21/60 (35%)
    option_pool_shuffle [google/gemma-4-31b-it] ████████░░░░░░░░░░░░ 24/60 (40%)
    option_pool_shuffle [google/gemma-4-31b-it] █████████░░░░░░░░░░░ 27/60 (45%)
    option_pool_shuffle [google/gemma-4-31b-it] ██████████░░░░░░░░░░ 30/60 (50%)
    option_pool_shuffle [google/gemma-4-31b-it] ███████████░░░░░░░░░ 33/60 (55%)
    option_pool_shuffle [google/gemma-4-31b-it] ████████████░░░░░░░░ 36/60 (60%)
    option_pool_shuffle [google/gemma-4-31b-it] █████████████░░░░░░░ 39/60 (65%)
    option_pool_shuffle [google/gemma-4-31b-it] ██████████████░░░░░░ 42/60 (70%)
    option_pool_shuffle [google/gemma-4-31b-it] ███████████████░░░░░ 45/60 (75%)
    option_pool_shuffle [google/gemma-4-31b-it] ████████████████░░░░ 48/60 (80%)
    option_pool_shuffle [google/gemma-4-31b-it] █████████████████░░░ 51/60 (85%)
    option_pool_shuffle [google/gemma-4-31b-it] ██████████████████░░ 54/60 (90%)
    option_pool_shuffle [google/gemma-4-31b-it] ███████████████████░ 57/60 (95%)
    option_pool_shuffle [google/gemma-4-31b-it] ████████████████████ 60/60 (100%)
    multi_round_stacked_dilution [google/gemma-4-31b-it] █░░░░░░░░░░░░░░░░░░░ 5/100 (5%)
    multi_round_stacked_dilution [google/gemma-4-31b-it] ██░░░░░░░░░░░░░░░░░░ 10/100 (10%)
    multi_round_stacked_dilution [google/gemma-4-31b-it] ███░░░░░░░░░░░░░░░░░ 15/100 (15%)
    multi_round_stacked_dilution [google/gemma-4-31b-it] ████░░░░░░░░░░░░░░░░ 20/100 (20%)
    multi_round_stacked_dilution [google/gemma-4-31b-it] █████░░░░░░░░░░░░░░░ 25/100 (25%)
    multi_round_stacked_dilution [google/gemma-4-31b-it] ██████░░░░░░░░░░░░░░ 30/100 (30%)
    multi_round_stacked_dilution [google/gemma-4-31b-it] ███████░░░░░░░░░░░░░ 35/100 (35%)
    multi_round_stacked_dilution [google/gemma-4-31b-it] ████████░░░░░░░░░░░░ 40/100 (40%)
    multi_round_stacked_dilution [google/gemma-4-31b-it] █████████░░░░░░░░░░░ 45/100 (45%)
    multi_round_stacked_dilution [google/gemma-4-31b-it] ██████████░░░░░░░░░░ 50/100 (50%)
    multi_round_stacked_dilution [google/gemma-4-31b-it] ███████████░░░░░░░░░ 55/100 (55%)
    multi_round_stacked_dilution [google/gemma-4-31b-it] ████████████░░░░░░░░ 60/100 (60%)
    multi_round_stacked_dilution [google/gemma-4-31b-it] █████████████░░░░░░░ 65/100 (65%)
    multi_round_stacked_dilution [google/gemma-4-31b-it] ██████████████░░░░░░ 70/100 (70%)
    multi_round_stacked_dilution [google/gemma-4-31b-it] ███████████████░░░░░ 75/100 (75%)
    multi_round_stacked_dilution [google/gemma-4-31b-it] ████████████████░░░░ 80/100 (80%)
    multi_round_stacked_dilution [google/gemma-4-31b-it] █████████████████░░░ 85/100 (85%)
    multi_round_stacked_dilution [google/gemma-4-31b-it] ██████████████████░░ 90/100 (90%)
    multi_round_stacked_dilution [google/gemma-4-31b-it] ███████████████████░ 95/100 (95%)
    multi_round_stacked_dilution [google/gemma-4-31b-it] ████████████████████ 100/100 (100%)
    liquidation_waterfall_payout [google/gemma-4-31b-it] █░░░░░░░░░░░░░░░░░░░ 4/80 (5%)
    liquidation_waterfall_payout [google/gemma-4-31b-it] ██░░░░░░░░░░░░░░░░░░ 8/80 (10%)
    liquidation_waterfall_payout [google/gemma-4-31b-it] ███░░░░░░░░░░░░░░░░░ 12/80 (15%)
    liquidation_waterfall_payout [google/gemma-4-31b-it] ████░░░░░░░░░░░░░░░░ 16/80 (20%)
    liquidation_waterfall_payout [google/gemma-4-31b-it] █████░░░░░░░░░░░░░░░ 20/80 (25%)
    liquidation_waterfall_payout [google/gemma-4-31b-it] ██████░░░░░░░░░░░░░░ 24/80 (30%)
    liquidation_waterfall_payout [google/gemma-4-31b-it] ███████░░░░░░░░░░░░░ 28/80 (35%)
    liquidation_waterfall_payout [google/gemma-4-31b-it] ████████░░░░░░░░░░░░ 32/80 (40%)
    liquidation_waterfall_payout [google/gemma-4-31b-it] █████████░░░░░░░░░░░ 36/80 (45%)
    liquidation_waterfall_payout [google/gemma-4-31b-it] ██████████░░░░░░░░░░ 40/80 (50%)
    liquidation_waterfall_payout [google/gemma-4-31b-it] ███████████░░░░░░░░░ 44/80 (55%)
    liquidation_waterfall_payout [google/gemma-4-31b-it] ████████████░░░░░░░░ 48/80 (60%)
    liquidation_waterfall_payout [google/gemma-4-31b-it] █████████████░░░░░░░ 52/80 (65%)
    liquidation_waterfall_payout [google/gemma-4-31b-it] ██████████████░░░░░░ 56/80 (70%)
    liquidation_waterfall_payout [google/gemma-4-31b-it] ███████████████░░░░░ 60/80 (75%)
    liquidation_waterfall_payout [google/gemma-4-31b-it] ████████████████░░░░ 64/80 (80%)
    liquidation_waterfall_payout [google/gemma-4-31b-it] █████████████████░░░ 68/80 (85%)
    liquidation_waterfall_payout [google/gemma-4-31b-it] ██████████████████░░ 72/80 (90%)
    liquidation_waterfall_payout [google/gemma-4-31b-it] ███████████████████░ 76/80 (95%)
    liquidation_waterfall_payout [google/gemma-4-31b-it] ████████████████████ 80/80 (100%)
      liquidation_waterfall_payout: 11 empty responses dropped, refilling (attempt 1/3)
    liquidation_waterfall_payout [google/gemma-4-31b-it] ██████████████████░░ 72/80 (90%)
    liquidation_waterfall_payout [google/gemma-4-31b-it] ███████████████████░ 76/80 (95%)
    liquidation_waterfall_payout [google/gemma-4-31b-it] ████████████████████ 80/80 (100%)
      liquidation_waterfall_payout: 1 empty responses dropped, refilling (attempt 2/3)
    liquidation_waterfall_payout [google/gemma-4-31b-it] ████████████████████ 80/80 (100%)
    convert_vs_preference_decision [google/gemma-4-31b-it] █░░░░░░░░░░░░░░░░░░░ 2/40 (5%)
    convert_vs_preference_decision [google/gemma-4-31b-it] ██░░░░░░░░░░░░░░░░░░ 4/40 (10%)
    convert_vs_preference_decision [google/gemma-4-31b-it] ███░░░░░░░░░░░░░░░░░ 6/40 (15%)
    convert_vs_preference_decision [google/gemma-4-31b-it] ████░░░░░░░░░░░░░░░░ 8/40 (20%)
    convert_vs_preference_decision [google/gemma-4-31b-it] █████░░░░░░░░░░░░░░░ 10/40 (25%)
    convert_vs_preference_decision [google/gemma-4-31b-it] ██████░░░░░░░░░░░░░░ 12/40 (30%)
    convert_vs_preference_decision [google/gemma-4-31b-it] ███████░░░░░░░░░░░░░ 14/40 (35%)
    convert_vs_preference_decision [google/gemma-4-31b-it] ████████░░░░░░░░░░░░ 16/40 (40%)
    convert_vs_preference_decision [google/gemma-4-31b-it] █████████░░░░░░░░░░░ 18/40 (45%)
    convert_vs_preference_decision [google/gemma-4-31b-it] ██████████░░░░░░░░░░ 20/40 (50%)
    convert_vs_preference_decision [google/gemma-4-31b-it] ███████████░░░░░░░░░ 22/40 (55%)
    convert_vs_preference_decision [google/gemma-4-31b-it] ████████████░░░░░░░░ 24/40 (60%)
    convert_vs_preference_decision [google/gemma-4-31b-it] █████████████░░░░░░░ 26/40 (65%)
    convert_vs_preference_decision [google/gemma-4-31b-it] ██████████████░░░░░░ 28/40 (70%)
    convert_vs_preference_decision [google/gemma-4-31b-it] ███████████████░░░░░ 30/40 (75%)
    convert_vs_preference_decision [google/gemma-4-31b-it] ████████████████░░░░ 32/40 (80%)
    convert_vs_preference_decision [google/gemma-4-31b-it] █████████████████░░░ 34/40 (85%)
    convert_vs_preference_decision [google/gemma-4-31b-it] ██████████████████░░ 36/40 (90%)
    convert_vs_preference_decision [google/gemma-4-31b-it] ███████████████████░ 38/40 (95%)
    convert_vs_preference_decision [google/gemma-4-31b-it] ████████████████████ 40/40 (100%)
      280 calls

  === mistral-large-or (openrouter) ===
    option_pool_shuffle [mistralai/mistral-large-2512] █░░░░░░░░░░░░░░░░░░░ 3/60 (5%)
    option_pool_shuffle [mistralai/mistral-large-2512] ██░░░░░░░░░░░░░░░░░░ 6/60 (10%)
    option_pool_shuffle [mistralai/mistral-large-2512] ███░░░░░░░░░░░░░░░░░ 9/60 (15%)
    option_pool_shuffle [mistralai/mistral-large-2512] ████░░░░░░░░░░░░░░░░ 12/60 (20%)
    option_pool_shuffle [mistralai/mistral-large-2512] █████░░░░░░░░░░░░░░░ 15/60 (25%)
    option_pool_shuffle [mistralai/mistral-large-2512] ██████░░░░░░░░░░░░░░ 18/60 (30%)
    option_pool_shuffle [mistralai/mistral-large-2512] ███████░░░░░░░░░░░░░ 21/60 (35%)
    option_pool_shuffle [mistralai/mistral-large-2512] ████████░░░░░░░░░░░░ 24/60 (40%)
    option_pool_shuffle [mistralai/mistral-large-2512] █████████░░░░░░░░░░░ 27/60 (45%)
    option_pool_shuffle [mistralai/mistral-large-2512] ██████████░░░░░░░░░░ 30/60 (50%)
    option_pool_shuffle [mistralai/mistral-large-2512] ███████████░░░░░░░░░ 33/60 (55%)
    option_pool_shuffle [mistralai/mistral-large-2512] ████████████░░░░░░░░ 36/60 (60%)
    option_pool_shuffle [mistralai/mistral-large-2512] █████████████░░░░░░░ 39/60 (65%)
    option_pool_shuffle [mistralai/mistral-large-2512] ██████████████░░░░░░ 42/60 (70%)
    option_pool_shuffle [mistralai/mistral-large-2512] ███████████████░░░░░ 45/60 (75%)
    option_pool_shuffle [mistralai/mistral-large-2512] ████████████████░░░░ 48/60 (80%)
    option_pool_shuffle [mistralai/mistral-large-2512] █████████████████░░░ 51/60 (85%)
    option_pool_shuffle [mistralai/mistral-large-2512] ██████████████████░░ 54/60 (90%)
    option_pool_shuffle [mistralai/mistral-large-2512] ███████████████████░ 57/60 (95%)
    option_pool_shuffle [mistralai/mistral-large-2512] ████████████████████ 60/60 (100%)
    multi_round_stacked_dilution [mistralai/mistral-large-2512] █░░░░░░░░░░░░░░░░░░░ 5/100 (5%)
    multi_round_stacked_dilution [mistralai/mistral-large-2512] ██░░░░░░░░░░░░░░░░░░ 10/100 (10%)
    multi_round_stacked_dilution [mistralai/mistral-large-2512] ███░░░░░░░░░░░░░░░░░ 15/100 (15%)
    multi_round_stacked_dilution [mistralai/mistral-large-2512] ████░░░░░░░░░░░░░░░░ 20/100 (20%)
    multi_round_stacked_dilution [mistralai/mistral-large-2512] █████░░░░░░░░░░░░░░░ 25/100 (25%)
    multi_round_stacked_dilution [mistralai/mistral-large-2512] ██████░░░░░░░░░░░░░░ 30/100 (30%)
    multi_round_stacked_dilution [mistralai/mistral-large-2512] ███████░░░░░░░░░░░░░ 35/100 (35%)
    multi_round_stacked_dilution [mistralai/mistral-large-2512] ████████░░░░░░░░░░░░ 40/100 (40%)
    multi_round_stacked_dilution [mistralai/mistral-large-2512] █████████░░░░░░░░░░░ 45/100 (45%)
    multi_round_stacked_dilution [mistralai/mistral-large-2512] ██████████░░░░░░░░░░ 50/100 (50%)
    multi_round_stacked_dilution [mistralai/mistral-large-2512] ███████████░░░░░░░░░ 55/100 (55%)
    multi_round_stacked_dilution [mistralai/mistral-large-2512] ████████████░░░░░░░░ 60/100 (60%)
    multi_round_stacked_dilution [mistralai/mistral-large-2512] █████████████░░░░░░░ 65/100 (65%)
    multi_round_stacked_dilution [mistralai/mistral-large-2512] ██████████████░░░░░░ 70/100 (70%)
    multi_round_stacked_dilution [mistralai/mistral-large-2512] ███████████████░░░░░ 75/100 (75%)
    multi_round_stacked_dilution [mistralai/mistral-large-2512] ████████████████░░░░ 80/100 (80%)
    multi_round_stacked_dilution [mistralai/mistral-large-2512] █████████████████░░░ 85/100 (85%)
    multi_round_stacked_dilution [mistralai/mistral-large-2512] ██████████████████░░ 90/100 (90%)
    multi_round_stacked_dilution [mistralai/mistral-large-2512] ███████████████████░ 95/100 (95%)
    multi_round_stacked_dilution [mistralai/mistral-large-2512] ████████████████████ 100/100 (100%)
    liquidation_waterfall_payout [mistralai/mistral-large-2512] █░░░░░░░░░░░░░░░░░░░ 4/80 (5%)
    liquidation_waterfall_payout [mistralai/mistral-large-2512] ██░░░░░░░░░░░░░░░░░░ 8/80 (10%)
    liquidation_waterfall_payout [mistralai/mistral-large-2512] ███░░░░░░░░░░░░░░░░░ 12/80 (15%)
    liquidation_waterfall_payout [mistralai/mistral-large-2512] ████░░░░░░░░░░░░░░░░ 16/80 (20%)
    liquidation_waterfall_payout [mistralai/mistral-large-2512] █████░░░░░░░░░░░░░░░ 20/80 (25%)
    liquidation_waterfall_payout [mistralai/mistral-large-2512] ██████░░░░░░░░░░░░░░ 24/80 (30%)
    liquidation_waterfall_payout [mistralai/mistral-large-2512] ███████░░░░░░░░░░░░░ 28/80 (35%)
    liquidation_waterfall_payout [mistralai/mistral-large-2512] ████████░░░░░░░░░░░░ 32/80 (40%)
    liquidation_waterfall_payout [mistralai/mistral-large-2512] █████████░░░░░░░░░░░ 36/80 (45%)
    liquidation_waterfall_payout [mistralai/mistral-large-2512] ██████████░░░░░░░░░░ 40/80 (50%)
    liquidation_waterfall_payout [mistralai/mistral-large-2512] ███████████░░░░░░░░░ 44/80 (55%)
    liquidation_waterfall_payout [mistralai/mistral-large-2512] ████████████░░░░░░░░ 48/80 (60%)
    liquidation_waterfall_payout [mistralai/mistral-large-2512] █████████████░░░░░░░ 52/80 (65%)
    liquidation_waterfall_payout [mistralai/mistral-large-2512] ██████████████░░░░░░ 56/80 (70%)
    liquidation_waterfall_payout [mistralai/mistral-large-2512] ███████████████░░░░░ 60/80 (75%)
    liquidation_waterfall_payout [mistralai/mistral-large-2512] ████████████████░░░░ 64/80 (80%)
    liquidation_waterfall_payout [mistralai/mistral-large-2512] █████████████████░░░ 68/80 (85%)
    liquidation_waterfall_payout [mistralai/mistral-large-2512] ██████████████████░░ 72/80 (90%)
    liquidation_waterfall_payout [mistralai/mistral-large-2512] ███████████████████░ 76/80 (95%)
    liquidation_waterfall_payout [mistralai/mistral-large-2512] ████████████████████ 80/80 (100%)
    convert_vs_preference_decision [mistralai/mistral-large-2512] █░░░░░░░░░░░░░░░░░░░ 2/40 (5%)
    convert_vs_preference_decision [mistralai/mistral-large-2512] ██░░░░░░░░░░░░░░░░░░ 4/40 (10%)
    convert_vs_preference_decision [mistralai/mistral-large-2512] ███░░░░░░░░░░░░░░░░░ 6/40 (15%)
    convert_vs_preference_decision [mistralai/mistral-large-2512] ████░░░░░░░░░░░░░░░░ 8/40 (20%)
    convert_vs_preference_decision [mistralai/mistral-large-2512] █████░░░░░░░░░░░░░░░ 10/40 (25%)
    convert_vs_preference_decision [mistralai/mistral-large-2512] ██████░░░░░░░░░░░░░░ 12/40 (30%)
    convert_vs_preference_decision [mistralai/mistral-large-2512] ███████░░░░░░░░░░░░░ 14/40 (35%)
    convert_vs_preference_decision [mistralai/mistral-large-2512] ████████░░░░░░░░░░░░ 16/40 (40%)
    convert_vs_preference_decision [mistralai/mistral-large-2512] █████████░░░░░░░░░░░ 18/40 (45%)
    convert_vs_preference_decision [mistralai/mistral-large-2512] ██████████░░░░░░░░░░ 20/40 (50%)
    convert_vs_preference_decision [mistralai/mistral-large-2512] ███████████░░░░░░░░░ 22/40 (55%)
    convert_vs_preference_decision [mistralai/mistral-large-2512] ████████████░░░░░░░░ 24/40 (60%)
    convert_vs_preference_decision [mistralai/mistral-large-2512] █████████████░░░░░░░ 26/40 (65%)
    convert_vs_preference_decision [mistralai/mistral-large-2512] ██████████████░░░░░░ 28/40 (70%)
    convert_vs_preference_decision [mistralai/mistral-large-2512] ███████████████░░░░░ 30/40 (75%)
    convert_vs_preference_decision [mistralai/mistral-large-2512] ████████████████░░░░ 32/40 (80%)
    convert_vs_preference_decision [mistralai/mistral-large-2512] █████████████████░░░ 34/40 (85%)
    convert_vs_preference_decision [mistralai/mistral-large-2512] ██████████████████░░ 36/40 (90%)
    convert_vs_preference_decision [mistralai/mistral-large-2512] ███████████████████░ 38/40 (95%)
    convert_vs_preference_decision [mistralai/mistral-large-2512] ████████████████████ 40/40 (100%)
      280 calls

  === minimax-m2.5-or (openrouter) ===
    option_pool_shuffle [minimax/minimax-m2.5] █░░░░░░░░░░░░░░░░░░░ 3/60 (5%)
    option_pool_shuffle [minimax/minimax-m2.5] ██░░░░░░░░░░░░░░░░░░ 6/60 (10%)
    option_pool_shuffle [minimax/minimax-m2.5] ███░░░░░░░░░░░░░░░░░ 9/60 (15%)
    option_pool_shuffle [minimax/minimax-m2.5] ████░░░░░░░░░░░░░░░░ 12/60 (20%)
    option_pool_shuffle [minimax/minimax-m2.5] █████░░░░░░░░░░░░░░░ 15/60 (25%)
    option_pool_shuffle [minimax/minimax-m2.5] ██████░░░░░░░░░░░░░░ 18/60 (30%)
    option_pool_shuffle [minimax/minimax-m2.5] ███████░░░░░░░░░░░░░ 21/60 (35%)
    option_pool_shuffle [minimax/minimax-m2.5] ████████░░░░░░░░░░░░ 24/60 (40%)
    option_pool_shuffle [minimax/minimax-m2.5] █████████░░░░░░░░░░░ 27/60 (45%)
    option_pool_shuffle [minimax/minimax-m2.5] ██████████░░░░░░░░░░ 30/60 (50%)
    option_pool_shuffle [minimax/minimax-m2.5] ███████████░░░░░░░░░ 33/60 (55%)
  14 repaired items across 4 leaves: convert_vs_preference_decision, liquidation_waterfall_payout, multi_round_stacked_dilution, option_pool_shuffle

  === gemma3-1b (ollama) ===
    option_pool_shuffle [gemma3:1b] █░░░░░░░░░░░░░░░░░░░ 3/60 (5%)
    option_pool_shuffle [gemma3:1b] ██░░░░░░░░░░░░░░░░░░ 6/60 (10%)
    option_pool_shuffle [gemma3:1b] ███░░░░░░░░░░░░░░░░░ 9/60 (15%)
    option_pool_shuffle [gemma3:1b] ████░░░░░░░░░░░░░░░░ 12/60 (20%)
    option_pool_shuffle [gemma3:1b] █████░░░░░░░░░░░░░░░ 15/60 (25%)
    option_pool_shuffle [gemma3:1b] ██████░░░░░░░░░░░░░░ 18/60 (30%)
    option_pool_shuffle [gemma3:1b] ███████░░░░░░░░░░░░░ 21/60 (35%)
    option_pool_shuffle [gemma3:1b] ████████░░░░░░░░░░░░ 24/60 (40%)
    option_pool_shuffle [gemma3:1b] █████████░░░░░░░░░░░ 27/60 (45%)
    option_pool_shuffle [gemma3:1b] ██████████░░░░░░░░░░ 30/60 (50%)
    option_pool_shuffle [gemma3:1b] ███████████░░░░░░░░░ 33/60 (55%)
    option_pool_shuffle [gemma3:1b] ████████████░░░░░░░░ 36/60 (60%)
    option_pool_shuffle [gemma3:1b] █████████████░░░░░░░ 39/60 (65%)
    option_pool_shuffle [gemma3:1b] ██████████████░░░░░░ 42/60 (70%)
    option_pool_shuffle [gemma3:1b] ███████████████░░░░░ 45/60 (75%)
    option_pool_shuffle [gemma3:1b] ████████████████░░░░ 48/60 (80%)
    option_pool_shuffle [gemma3:1b] █████████████████░░░ 51/60 (85%)
    option_pool_shuffle [gemma3:1b] ██████████████████░░ 54/60 (90%)
    option_pool_shuffle [gemma3:1b] ███████████████████░ 57/60 (95%)
    option_pool_shuffle [gemma3:1b] ████████████████████ 60/60 (100%)
    multi_round_stacked_dilution [gemma3:1b] █░░░░░░░░░░░░░░░░░░░ 5/100 (5%)
    multi_round_stacked_dilution [gemma3:1b] ██░░░░░░░░░░░░░░░░░░ 10/100 (10%)
    multi_round_stacked_dilution [gemma3:1b] ███░░░░░░░░░░░░░░░░░ 15/100 (15%)
    multi_round_stacked_dilution [gemma3:1b] ████░░░░░░░░░░░░░░░░ 20/100 (20%)
    multi_round_stacked_dilution [gemma3:1b] █████░░░░░░░░░░░░░░░ 25/100 (25%)
    multi_round_stacked_dilution [gemma3:1b] ██████░░░░░░░░░░░░░░ 30/100 (30%)
    multi_round_stacked_dilution [gemma3:1b] ███████░░░░░░░░░░░░░ 35/100 (35%)
    multi_round_stacked_dilution [gemma3:1b] ████████░░░░░░░░░░░░ 40/100 (40%)
    multi_round_stacked_dilution [gemma3:1b] █████████░░░░░░░░░░░ 45/100 (45%)
    multi_round_stacked_dilution [gemma3:1b] ██████████░░░░░░░░░░ 50/100 (50%)
    multi_round_stacked_dilution [gemma3:1b] ███████████░░░░░░░░░ 55/100 (55%)
    multi_round_stacked_dilution [gemma3:1b] ████████████░░░░░░░░ 60/100 (60%)
    multi_round_stacked_dilution [gemma3:1b] █████████████░░░░░░░ 65/100 (65%)
    multi_round_stacked_dilution [gemma3:1b] ██████████████░░░░░░ 70/100 (70%)
    multi_round_stacked_dilution [gemma3:1b] ███████████████░░░░░ 75/100 (75%)
    multi_round_stacked_dilution [gemma3:1b] ████████████████░░░░ 80/100 (80%)
    multi_round_stacked_dilution [gemma3:1b] █████████████████░░░ 85/100 (85%)
    multi_round_stacked_dilution [gemma3:1b] ██████████████████░░ 90/100 (90%)
    multi_round_stacked_dilution [gemma3:1b] ███████████████████░ 95/100 (95%)
    multi_round_stacked_dilution [gemma3:1b] ████████████████████ 100/100 (100%)
    liquidation_waterfall_payout [gemma3:1b] █░░░░░░░░░░░░░░░░░░░ 4/80 (5%)
    liquidation_waterfall_payout [gemma3:1b] ██░░░░░░░░░░░░░░░░░░ 8/80 (10%)
    liquidation_waterfall_payout [gemma3:1b] ███░░░░░░░░░░░░░░░░░ 12/80 (15%)
    liquidation_waterfall_payout [gemma3:1b] ████░░░░░░░░░░░░░░░░ 16/80 (20%)
    liquidation_waterfall_payout [gemma3:1b] █████░░░░░░░░░░░░░░░ 20/80 (25%)
    liquidation_waterfall_payout [gemma3:1b] ██████░░░░░░░░░░░░░░ 24/80 (30%)
    liquidation_waterfall_payout [gemma3:1b] ███████░░░░░░░░░░░░░ 28/80 (35%)
    liquidation_waterfall_payout [gemma3:1b] ████████░░░░░░░░░░░░ 32/80 (40%)
    liquidation_waterfall_payout [gemma3:1b] █████████░░░░░░░░░░░ 36/80 (45%)
    liquidation_waterfall_payout [gemma3:1b] ██████████░░░░░░░░░░ 40/80 (50%)
    liquidation_waterfall_payout [gemma3:1b] ███████████░░░░░░░░░ 44/80 (55%)
    liquidation_waterfall_payout [gemma3:1b] ████████████░░░░░░░░ 48/80 (60%)
    liquidation_waterfall_payout [gemma3:1b] █████████████░░░░░░░ 52/80 (65%)
    liquidation_waterfall_payout [gemma3:1b] ██████████████░░░░░░ 56/80 (70%)
    liquidation_waterfall_payout [gemma3:1b] ███████████████░░░░░ 60/80 (75%)
    liquidation_waterfall_payout [gemma3:1b] ████████████████░░░░ 64/80 (80%)
    liquidation_waterfall_payout [gemma3:1b] █████████████████░░░ 68/80 (85%)
    liquidation_waterfall_payout [gemma3:1b] ██████████████████░░ 72/80 (90%)
    liquidation_waterfall_payout [gemma3:1b] ███████████████████░ 76/80 (95%)
    liquidation_waterfall_payout [gemma3:1b] ████████████████████ 80/80 (100%)
      liquidation_waterfall_payout: 1 empty responses dropped, refilling (attempt 1/3)
    liquidation_waterfall_payout [gemma3:1b] ████████████████████ 80/80 (100%)
    convert_vs_preference_decision [gemma3:1b] █░░░░░░░░░░░░░░░░░░░ 2/40 (5%)
    convert_vs_preference_decision [gemma3:1b] ██░░░░░░░░░░░░░░░░░░ 4/40 (10%)
    convert_vs_preference_decision [gemma3:1b] ███░░░░░░░░░░░░░░░░░ 6/40 (15%)
    convert_vs_preference_decision [gemma3:1b] ████░░░░░░░░░░░░░░░░ 8/40 (20%)
    convert_vs_preference_decision [gemma3:1b] █████░░░░░░░░░░░░░░░ 10/40 (25%)
    convert_vs_preference_decision [gemma3:1b] ██████░░░░░░░░░░░░░░ 12/40 (30%)
    convert_vs_preference_decision [gemma3:1b] ███████░░░░░░░░░░░░░ 14/40 (35%)
    convert_vs_preference_decision [gemma3:1b] ████████░░░░░░░░░░░░ 16/40 (40%)
    convert_vs_preference_decision [gemma3:1b] █████████░░░░░░░░░░░ 18/40 (45%)
    convert_vs_preference_decision [gemma3:1b] ██████████░░░░░░░░░░ 20/40 (50%)
    convert_vs_preference_decision [gemma3:1b] ███████████░░░░░░░░░ 22/40 (55%)
    convert_vs_preference_decision [gemma3:1b] ████████████░░░░░░░░ 24/40 (60%)
    convert_vs_preference_decision [gemma3:1b] █████████████░░░░░░░ 26/40 (65%)
    convert_vs_preference_decision [gemma3:1b] ██████████████░░░░░░ 28/40 (70%)
    convert_vs_preference_decision [gemma3:1b] ███████████████░░░░░ 30/40 (75%)
    convert_vs_preference_decision [gemma3:1b] ████████████████░░░░ 32/40 (80%)
    convert_vs_preference_decision [gemma3:1b] █████████████████░░░ 34/40 (85%)
    convert_vs_preference_decision [gemma3:1b] ██████████████████░░ 36/40 (90%)
    convert_vs_preference_decision [gemma3:1b] ███████████████████░ 38/40 (95%)
    convert_vs_preference_decision [gemma3:1b] ████████████████████ 40/40 (100%)
      280 calls

  === gemma3-1b-qat (ollama) ===
    option_pool_shuffle [gemma3:1b-it-qat] █░░░░░░░░░░░░░░░░░░░ 3/60 (5%)
    option_pool_shuffle [gemma3:1b-it-qat] ██░░░░░░░░░░░░░░░░░░ 6/60 (10%)
    option_pool_shuffle [gemma3:1b-it-qat] ███░░░░░░░░░░░░░░░░░ 9/60 (15%)
    option_pool_shuffle [gemma3:1b-it-qat] ████░░░░░░░░░░░░░░░░ 12/60 (20%)
    option_pool_shuffle [gemma3:1b-it-qat] █████░░░░░░░░░░░░░░░ 15/60 (25%)
    option_pool_shuffle [gemma3:1b-it-qat] ██████░░░░░░░░░░░░░░ 18/60 (30%)
    option_pool_shuffle [gemma3:1b-it-qat] ███████░░░░░░░░░░░░░ 21/60 (35%)
    option_pool_shuffle [gemma3:1b-it-qat] ████████░░░░░░░░░░░░ 24/60 (40%)
    option_pool_shuffle [gemma3:1b-it-qat] █████████░░░░░░░░░░░ 27/60 (45%)
    option_pool_shuffle [gemma3:1b-it-qat] ██████████░░░░░░░░░░ 30/60 (50%)
    option_pool_shuffle [gemma3:1b-it-qat] ███████████░░░░░░░░░ 33/60 (55%)
    option_pool_shuffle [gemma3:1b-it-qat] ████████████░░░░░░░░ 36/60 (60%)
    option_pool_shuffle [gemma3:1b-it-qat] █████████████░░░░░░░ 39/60 (65%)
    option_pool_shuffle [gemma3:1b-it-qat] ██████████████░░░░░░ 42/60 (70%)
    option_pool_shuffle [gemma3:1b-it-qat] ███████████████░░░░░ 45/60 (75%)
    option_pool_shuffle [gemma3:1b-it-qat] ████████████████░░░░ 48/60 (80%)
    option_pool_shuffle [gemma3:1b-it-qat] █████████████████░░░ 51/60 (85%)
    option_pool_shuffle [gemma3:1b-it-qat] ██████████████████░░ 54/60 (90%)
    option_pool_shuffle [gemma3:1b-it-qat] ███████████████████░ 57/60 (95%)
    option_pool_shuffle [gemma3:1b-it-qat] ████████████████████ 60/60 (100%)
    multi_round_stacked_dilution [gemma3:1b-it-qat] █░░░░░░░░░░░░░░░░░░░ 5/100 (5%)
    multi_round_stacked_dilution [gemma3:1b-it-qat] ██░░░░░░░░░░░░░░░░░░ 10/100 (10%)
    multi_round_stacked_dilution [gemma3:1b-it-qat] ███░░░░░░░░░░░░░░░░░ 15/100 (15%)
    multi_round_stacked_dilution [gemma3:1b-it-qat] ████░░░░░░░░░░░░░░░░ 20/100 (20%)
    multi_round_stacked_dilution [gemma3:1b-it-qat] █████░░░░░░░░░░░░░░░ 25/100 (25%)
    multi_round_stacked_dilution [gemma3:1b-it-qat] ██████░░░░░░░░░░░░░░ 30/100 (30%)
    multi_round_stacked_dilution [gemma3:1b-it-qat] ███████░░░░░░░░░░░░░ 35/100 (35%)
    multi_round_stacked_dilution [gemma3:1b-it-qat] ████████░░░░░░░░░░░░ 40/100 (40%)
    multi_round_stacked_dilution [gemma3:1b-it-qat] █████████░░░░░░░░░░░ 45/100 (45%)
    multi_round_stacked_dilution [gemma3:1b-it-qat] ██████████░░░░░░░░░░ 50/100 (50%)
    multi_round_stacked_dilution [gemma3:1b-it-qat] ███████████░░░░░░░░░ 55/100 (55%)
    multi_round_stacked_dilution [gemma3:1b-it-qat] ████████████░░░░░░░░ 60/100 (60%)
    multi_round_stacked_dilution [gemma3:1b-it-qat] █████████████░░░░░░░ 65/100 (65%)
    multi_round_stacked_dilution [gemma3:1b-it-qat] ██████████████░░░░░░ 70/100 (70%)
    multi_round_stacked_dilution [gemma3:1b-it-qat] ███████████████░░░░░ 75/100 (75%)
    multi_round_stacked_dilution [gemma3:1b-it-qat] ████████████████░░░░ 80/100 (80%)
    multi_round_stacked_dilution [gemma3:1b-it-qat] █████████████████░░░ 85/100 (85%)
    multi_round_stacked_dilution [gemma3:1b-it-qat] ██████████████████░░ 90/100 (90%)
    multi_round_stacked_dilution [gemma3:1b-it-qat] ███████████████████░ 95/100 (95%)
    multi_round_stacked_dilution [gemma3:1b-it-qat] ████████████████████ 100/100 (100%)
    liquidation_waterfall_payout [gemma3:1b-it-qat] █░░░░░░░░░░░░░░░░░░░ 4/80 (5%)
    liquidation_waterfall_payout [gemma3:1b-it-qat] ██░░░░░░░░░░░░░░░░░░ 8/80 (10%)
    liquidation_waterfall_payout [gemma3:1b-it-qat] ███░░░░░░░░░░░░░░░░░ 12/80 (15%)
    liquidation_waterfall_payout [gemma3:1b-it-qat] ████░░░░░░░░░░░░░░░░ 16/80 (20%)
    liquidation_waterfall_payout [gemma3:1b-it-qat] █████░░░░░░░░░░░░░░░ 20/80 (25%)
    liquidation_waterfall_payout [gemma3:1b-it-qat] ██████░░░░░░░░░░░░░░ 24/80 (30%)
    liquidation_waterfall_payout [gemma3:1b-it-qat] ███████░░░░░░░░░░░░░ 28/80 (35%)
    liquidation_waterfall_payout [gemma3:1b-it-qat] ████████░░░░░░░░░░░░ 32/80 (40%)
    liquidation_waterfall_payout [gemma3:1b-it-qat] █████████░░░░░░░░░░░ 36/80 (45%)
    liquidation_waterfall_payout [gemma3:1b-it-qat] ██████████░░░░░░░░░░ 40/80 (50%)
    liquidation_waterfall_payout [gemma3:1b-it-qat] ███████████░░░░░░░░░ 44/80 (55%)
    liquidation_waterfall_payout [gemma3:1b-it-qat] ████████████░░░░░░░░ 48/80 (60%)
    liquidation_waterfall_payout [gemma3:1b-it-qat] █████████████░░░░░░░ 52/80 (65%)
    liquidation_waterfall_payout [gemma3:1b-it-qat] ██████████████░░░░░░ 56/80 (70%)
    liquidation_waterfall_payout [gemma3:1b-it-qat] ███████████████░░░░░ 60/80 (75%)
    liquidation_waterfall_payout [gemma3:1b-it-qat] ████████████████░░░░ 64/80 (80%)
    liquidation_waterfall_payout [gemma3:1b-it-qat] █████████████████░░░ 68/80 (85%)
    liquidation_waterfall_payout [gemma3:1b-it-qat] ██████████████████░░ 72/80 (90%)
    liquidation_waterfall_payout [gemma3:1b-it-qat] ███████████████████░ 76/80 (95%)
    liquidation_waterfall_payout [gemma3:1b-it-qat] ████████████████████ 80/80 (100%)
    convert_vs_preference_decision [gemma3:1b-it-qat] █░░░░░░░░░░░░░░░░░░░ 2/40 (5%)
    convert_vs_preference_decision [gemma3:1b-it-qat] ██░░░░░░░░░░░░░░░░░░ 4/40 (10%)
    convert_vs_preference_decision [gemma3:1b-it-qat] ███░░░░░░░░░░░░░░░░░ 6/40 (15%)
    convert_vs_preference_decision [gemma3:1b-it-qat] ████░░░░░░░░░░░░░░░░ 8/40 (20%)
    convert_vs_preference_decision [gemma3:1b-it-qat] █████░░░░░░░░░░░░░░░ 10/40 (25%)
    convert_vs_preference_decision [gemma3:1b-it-qat] ██████░░░░░░░░░░░░░░ 12/40 (30%)
    convert_vs_preference_decision [gemma3:1b-it-qat] ███████░░░░░░░░░░░░░ 14/40 (35%)
    convert_vs_preference_decision [gemma3:1b-it-qat] ████████░░░░░░░░░░░░ 16/40 (40%)
    convert_vs_preference_decision [gemma3:1b-it-qat] █████████░░░░░░░░░░░ 18/40 (45%)
    convert_vs_preference_decision [gemma3:1b-it-qat] ██████████░░░░░░░░░░ 20/40 (50%)
    convert_vs_preference_decision [gemma3:1b-it-qat] ███████████░░░░░░░░░ 22/40 (55%)
    convert_vs_preference_decision [gemma3:1b-it-qat] ████████████░░░░░░░░ 24/40 (60%)
    convert_vs_preference_decision [gemma3:1b-it-qat] █████████████░░░░░░░ 26/40 (65%)
    convert_vs_preference_decision [gemma3:1b-it-qat] ██████████████░░░░░░ 28/40 (70%)
    convert_vs_preference_decision [gemma3:1b-it-qat] ███████████████░░░░░ 30/40 (75%)
    convert_vs_preference_decision [gemma3:1b-it-qat] ████████████████░░░░ 32/40 (80%)
    convert_vs_preference_decision [gemma3:1b-it-qat] █████████████████░░░ 34/40 (85%)
    convert_vs_preference_decision [gemma3:1b-it-qat] ██████████████████░░ 36/40 (90%)
    convert_vs_preference_decision [gemma3:1b-it-qat] ███████████████████░ 38/40 (95%)
    convert_vs_preference_decision [gemma3:1b-it-qat] ████████████████████ 40/40 (100%)
      280 calls

  === deepseek-v4f (deepseek) ===
      280 calls

  === deepseek-v4p (deepseek) ===
      280 calls

  === haiku-4.5-direct (anthropic) ===
      280 calls

  === gemma4-31b-or (openrouter) ===
      280 calls

  === mistral-large-or (openrouter) ===
      280 calls

  === minimax-m2.5-or (openrouter) ===
    option_pool_shuffle [minimax/minimax-m2.5] ████████████░░░░░░░░ 36/60 (60%)
    option_pool_shuffle [minimax/minimax-m2.5] █████████████░░░░░░░ 39/60 (65%)
    option_pool_shuffle [minimax/minimax-m2.5] ██████████████░░░░░░ 42/60 (70%)
    option_pool_shuffle [minimax/minimax-m2.5] ███████████████░░░░░ 45/60 (75%)
    option_pool_shuffle [minimax/minimax-m2.5] ████████████████░░░░ 48/60 (80%)
    option_pool_shuffle [minimax/minimax-m2.5] █████████████████░░░ 51/60 (85%)
    option_pool_shuffle [minimax/minimax-m2.5] ██████████████████░░ 54/60 (90%)
    option_pool_shuffle [minimax/minimax-m2.5] ███████████████████░ 57/60 (95%)
    option_pool_shuffle [minimax/minimax-m2.5] ████████████████████ 60/60 (100%)
      option_pool_shuffle: 4 empty responses dropped, refilling (attempt 1/3)
    option_pool_shuffle [minimax/minimax-m2.5] ███████████████████░ 57/60 (95%)
    option_pool_shuffle [minimax/minimax-m2.5] ████████████████████ 60/60 (100%)
    multi_round_stacked_dilution [minimax/minimax-m2.5] █░░░░░░░░░░░░░░░░░░░ 5/100 (5%)
    multi_round_stacked_dilution [minimax/minimax-m2.5] ██░░░░░░░░░░░░░░░░░░ 10/100 (10%)
    multi_round_stacked_dilution [minimax/minimax-m2.5] ███░░░░░░░░░░░░░░░░░ 15/100 (15%)
    multi_round_stacked_dilution [minimax/minimax-m2.5] ████░░░░░░░░░░░░░░░░ 20/100 (20%)
    multi_round_stacked_dilution [minimax/minimax-m2.5] █████░░░░░░░░░░░░░░░ 25/100 (25%)
    multi_round_stacked_dilution [minimax/minimax-m2.5] ██████░░░░░░░░░░░░░░ 30/100 (30%)
    multi_round_stacked_dilution [minimax/minimax-m2.5] ███████░░░░░░░░░░░░░ 35/100 (35%)
    multi_round_stacked_dilution [minimax/minimax-m2.5] ████████░░░░░░░░░░░░ 40/100 (40%)
    multi_round_stacked_dilution [minimax/minimax-m2.5] █████████░░░░░░░░░░░ 45/100 (45%)
    multi_round_stacked_dilution [minimax/minimax-m2.5] ██████████░░░░░░░░░░ 50/100 (50%)
    multi_round_stacked_dilution [minimax/minimax-m2.5] ███████████░░░░░░░░░ 55/100 (55%)
    multi_round_stacked_dilution [minimax/minimax-m2.5] ████████████░░░░░░░░ 60/100 (60%)
    multi_round_stacked_dilution [minimax/minimax-m2.5] █████████████░░░░░░░ 65/100 (65%)
    multi_round_stacked_dilution [minimax/minimax-m2.5] ██████████████░░░░░░ 70/100 (70%)
    multi_round_stacked_dilution [minimax/minimax-m2.5] ███████████████░░░░░ 75/100 (75%)
    multi_round_stacked_dilution [minimax/minimax-m2.5] ████████████████░░░░ 80/100 (80%)
    multi_round_stacked_dilution [minimax/minimax-m2.5] █████████████████░░░ 85/100 (85%)
    multi_round_stacked_dilution [minimax/minimax-m2.5] ██████████████████░░ 90/100 (90%)
    multi_round_stacked_dilution [minimax/minimax-m2.5] ███████████████████░ 95/100 (95%)
    multi_round_stacked_dilution [minimax/minimax-m2.5] ████████████████████ 100/100 (100%)
    convert_vs_preference_decision [minimax/minimax-m2.5] █░░░░░░░░░░░░░░░░░░░ 2/40 (5%)
    convert_vs_preference_decision [minimax/minimax-m2.5] ██░░░░░░░░░░░░░░░░░░ 4/40 (10%)
    convert_vs_preference_decision [minimax/minimax-m2.5] ███░░░░░░░░░░░░░░░░░ 6/40 (15%)
    convert_vs_preference_decision [minimax/minimax-m2.5] ████░░░░░░░░░░░░░░░░ 8/40 (20%)
    convert_vs_preference_decision [minimax/minimax-m2.5] █████░░░░░░░░░░░░░░░ 10/40 (25%)
    convert_vs_preference_decision [minimax/minimax-m2.5] ██████░░░░░░░░░░░░░░ 12/40 (30%)
    convert_vs_preference_decision [minimax/minimax-m2.5] ███████░░░░░░░░░░░░░ 14/40 (35%)
    convert_vs_preference_decision [minimax/minimax-m2.5] ████████░░░░░░░░░░░░ 16/40 (40%)
    convert_vs_preference_decision [minimax/minimax-m2.5] █████████░░░░░░░░░░░ 18/40 (45%)
    convert_vs_preference_decision [minimax/minimax-m2.5] ██████████░░░░░░░░░░ 20/40 (50%)
    convert_vs_preference_decision [minimax/minimax-m2.5] ███████████░░░░░░░░░ 22/40 (55%)
    convert_vs_preference_decision [minimax/minimax-m2.5] ████████████░░░░░░░░ 24/40 (60%)
    convert_vs_preference_decision [minimax/minimax-m2.5] █████████████░░░░░░░ 26/40 (65%)
    convert_vs_preference_decision [minimax/minimax-m2.5] ██████████████░░░░░░ 28/40 (70%)
    convert_vs_preference_decision [minimax/minimax-m2.5] ███████████████░░░░░ 30/40 (75%)
    convert_vs_preference_decision [minimax/minimax-m2.5] ████████████████░░░░ 32/40 (80%)
    convert_vs_preference_decision [minimax/minimax-m2.5] █████████████████░░░ 34/40 (85%)
    convert_vs_preference_decision [minimax/minimax-m2.5] ██████████████████░░ 36/40 (90%)
    convert_vs_preference_decision [minimax/minimax-m2.5] ███████████████████░ 38/40 (95%)
    convert_vs_preference_decision [minimax/minimax-m2.5] ████████████████████ 40/40 (100%)
      200 calls

  === llama3.3-70b-or (openrouter) ===
    option_pool_shuffle [meta-llama/llama-3.3-70b-instruct] █░░░░░░░░░░░░░░░░░░░ 3/60 (5%)
    option_pool_shuffle [meta-llama/llama-3.3-70b-instruct] ██░░░░░░░░░░░░░░░░░░ 6/60 (10%)
    option_pool_shuffle [meta-llama/llama-3.3-70b-instruct] ███░░░░░░░░░░░░░░░░░ 9/60 (15%)
    option_pool_shuffle [meta-llama/llama-3.3-70b-instruct] ████░░░░░░░░░░░░░░░░ 12/60 (20%)
    option_pool_shuffle [meta-llama/llama-3.3-70b-instruct] █████░░░░░░░░░░░░░░░ 15/60 (25%)
    option_pool_shuffle [meta-llama/llama-3.3-70b-instruct] ██████░░░░░░░░░░░░░░ 18/60 (30%)
    option_pool_shuffle [meta-llama/llama-3.3-70b-instruct] ███████░░░░░░░░░░░░░ 21/60 (35%)
    option_pool_shuffle [meta-llama/llama-3.3-70b-instruct] ████████░░░░░░░░░░░░ 24/60 (40%)
    option_pool_shuffle [meta-llama/llama-3.3-70b-instruct] █████████░░░░░░░░░░░ 27/60 (45%)
    option_pool_shuffle [meta-llama/llama-3.3-70b-instruct] ██████████░░░░░░░░░░ 30/60 (50%)
    option_pool_shuffle [meta-llama/llama-3.3-70b-instruct] ███████████░░░░░░░░░ 33/60 (55%)
    option_pool_shuffle [meta-llama/llama-3.3-70b-instruct] ████████████░░░░░░░░ 36/60 (60%)
    option_pool_shuffle [meta-llama/llama-3.3-70b-instruct] █████████████░░░░░░░ 39/60 (65%)
    option_pool_shuffle [meta-llama/llama-3.3-70b-instruct] ██████████████░░░░░░ 42/60 (70%)
    option_pool_shuffle [meta-llama/llama-3.3-70b-instruct] ███████████████░░░░░ 45/60 (75%)
    option_pool_shuffle [meta-llama/llama-3.3-70b-instruct] ████████████████░░░░ 48/60 (80%)
    option_pool_shuffle [meta-llama/llama-3.3-70b-instruct] █████████████████░░░ 51/60 (85%)
    option_pool_shuffle [meta-llama/llama-3.3-70b-instruct] ██████████████████░░ 54/60 (90%)
    option_pool_shuffle [meta-llama/llama-3.3-70b-instruct] ███████████████████░ 57/60 (95%)
    option_pool_shuffle [meta-llama/llama-3.3-70b-instruct] ████████████████████ 60/60 (100%)
    multi_round_stacked_dilution [meta-llama/llama-3.3-70b-instruct] █░░░░░░░░░░░░░░░░░░░ 5/100 (5%)
    multi_round_stacked_dilution [meta-llama/llama-3.3-70b-instruct] ██░░░░░░░░░░░░░░░░░░ 10/100 (10%)
    multi_round_stacked_dilution [meta-llama/llama-3.3-70b-instruct] ███░░░░░░░░░░░░░░░░░ 15/100 (15%)
    multi_round_stacked_dilution [meta-llama/llama-3.3-70b-instruct] ████░░░░░░░░░░░░░░░░ 20/100 (20%)
    multi_round_stacked_dilution [meta-llama/llama-3.3-70b-instruct] █████░░░░░░░░░░░░░░░ 25/100 (25%)
    multi_round_stacked_dilution [meta-llama/llama-3.3-70b-instruct] ██████░░░░░░░░░░░░░░ 30/100 (30%)
    multi_round_stacked_dilution [meta-llama/llama-3.3-70b-instruct] ███████░░░░░░░░░░░░░ 35/100 (35%)
    multi_round_stacked_dilution [meta-llama/llama-3.3-70b-instruct] ████████░░░░░░░░░░░░ 40/100 (40%)
    multi_round_stacked_dilution [meta-llama/llama-3.3-70b-instruct] █████████░░░░░░░░░░░ 45/100 (45%)
    multi_round_stacked_dilution [meta-llama/llama-3.3-70b-instruct] ██████████░░░░░░░░░░ 50/100 (50%)
    multi_round_stacked_dilution [meta-llama/llama-3.3-70b-instruct] ███████████░░░░░░░░░ 55/100 (55%)
    multi_round_stacked_dilution [meta-llama/llama-3.3-70b-instruct] ████████████░░░░░░░░ 60/100 (60%)
    multi_round_stacked_dilution [meta-llama/llama-3.3-70b-instruct] █████████████░░░░░░░ 65/100 (65%)
    multi_round_stacked_dilution [meta-llama/llama-3.3-70b-instruct] ██████████████░░░░░░ 70/100 (70%)
    multi_round_stacked_dilution [meta-llama/llama-3.3-70b-instruct] ███████████████░░░░░ 75/100 (75%)
    multi_round_stacked_dilution [meta-llama/llama-3.3-70b-instruct] ████████████████░░░░ 80/100 (80%)
    multi_round_stacked_dilution [meta-llama/llama-3.3-70b-instruct] █████████████████░░░ 85/100 (85%)
    multi_round_stacked_dilution [meta-llama/llama-3.3-70b-instruct] ██████████████████░░ 90/100 (90%)
    multi_round_stacked_dilution [meta-llama/llama-3.3-70b-instruct] ███████████████████░ 95/100 (95%)
    multi_round_stacked_dilution [meta-llama/llama-3.3-70b-instruct] ████████████████████ 100/100 (100%)
    convert_vs_preference_decision [meta-llama/llama-3.3-70b-instruct] █░░░░░░░░░░░░░░░░░░░ 2/40 (5%)
    convert_vs_preference_decision [meta-llama/llama-3.3-70b-instruct] ██░░░░░░░░░░░░░░░░░░ 4/40 (10%)
    convert_vs_preference_decision [meta-llama/llama-3.3-70b-instruct] ███░░░░░░░░░░░░░░░░░ 6/40 (15%)
    convert_vs_preference_decision [meta-llama/llama-3.3-70b-instruct] ████░░░░░░░░░░░░░░░░ 8/40 (20%)
    convert_vs_preference_decision [meta-llama/llama-3.3-70b-instruct] █████░░░░░░░░░░░░░░░ 10/40 (25%)
    convert_vs_preference_decision [meta-llama/llama-3.3-70b-instruct] ██████░░░░░░░░░░░░░░ 12/40 (30%)
    convert_vs_preference_decision [meta-llama/llama-3.3-70b-instruct] ███████░░░░░░░░░░░░░ 14/40 (35%)
    convert_vs_preference_decision [meta-llama/llama-3.3-70b-instruct] ████████░░░░░░░░░░░░ 16/40 (40%)
    convert_vs_preference_decision [meta-llama/llama-3.3-70b-instruct] █████████░░░░░░░░░░░ 18/40 (45%)
    convert_vs_preference_decision [meta-llama/llama-3.3-70b-instruct] ██████████░░░░░░░░░░ 20/40 (50%)
    convert_vs_preference_decision [meta-llama/llama-3.3-70b-instruct] ███████████░░░░░░░░░ 22/40 (55%)
    convert_vs_preference_decision [meta-llama/llama-3.3-70b-instruct] ████████████░░░░░░░░ 24/40 (60%)
    convert_vs_preference_decision [meta-llama/llama-3.3-70b-instruct] █████████████░░░░░░░ 26/40 (65%)
    convert_vs_preference_decision [meta-llama/llama-3.3-70b-instruct] ██████████████░░░░░░ 28/40 (70%)
    convert_vs_preference_decision [meta-llama/llama-3.3-70b-instruct] ███████████████░░░░░ 30/40 (75%)
    convert_vs_preference_decision [meta-llama/llama-3.3-70b-instruct] ████████████████░░░░ 32/40 (80%)
    convert_vs_preference_decision [meta-llama/llama-3.3-70b-instruct] █████████████████░░░ 34/40 (85%)
    convert_vs_preference_decision [meta-llama/llama-3.3-70b-instruct] ██████████████████░░ 36/40 (90%)
    convert_vs_preference_decision [meta-llama/llama-3.3-70b-instruct] ███████████████████░ 38/40 (95%)
    convert_vs_preference_decision [meta-llama/llama-3.3-70b-instruct] ████████████████████ 40/40 (100%)
      200 calls

  === gemini3-flash-or (openrouter) ===
    option_pool_shuffle [google/gemini-3-flash-preview] █░░░░░░░░░░░░░░░░░░░ 3/60 (5%)
    option_pool_shuffle [google/gemini-3-flash-preview] ██░░░░░░░░░░░░░░░░░░ 6/60 (10%)
    option_pool_shuffle [google/gemini-3-flash-preview] ███░░░░░░░░░░░░░░░░░ 9/60 (15%)
    option_pool_shuffle [google/gemini-3-flash-preview] ████░░░░░░░░░░░░░░░░ 12/60 (20%)
    option_pool_shuffle [google/gemini-3-flash-preview] █████░░░░░░░░░░░░░░░ 15/60 (25%)
    option_pool_shuffle [google/gemini-3-flash-preview] ██████░░░░░░░░░░░░░░ 18/60 (30%)
    option_pool_shuffle [google/gemini-3-flash-preview] ███████░░░░░░░░░░░░░ 21/60 (35%)
    option_pool_shuffle [google/gemini-3-flash-preview] ████████░░░░░░░░░░░░ 24/60 (40%)
    option_pool_shuffle [google/gemini-3-flash-preview] █████████░░░░░░░░░░░ 27/60 (45%)
    option_pool_shuffle [google/gemini-3-flash-preview] ██████████░░░░░░░░░░ 30/60 (50%)
    option_pool_shuffle [google/gemini-3-flash-preview] ███████████░░░░░░░░░ 33/60 (55%)
    option_pool_shuffle [google/gemini-3-flash-preview] ████████████░░░░░░░░ 36/60 (60%)
    option_pool_shuffle [google/gemini-3-flash-preview] █████████████░░░░░░░ 39/60 (65%)
    option_pool_shuffle [google/gemini-3-flash-preview] ██████████████░░░░░░ 42/60 (70%)
    option_pool_shuffle [google/gemini-3-flash-preview] ███████████████░░░░░ 45/60 (75%)
    option_pool_shuffle [google/gemini-3-flash-preview] ████████████████░░░░ 48/60 (80%)
    option_pool_shuffle [google/gemini-3-flash-preview] █████████████████░░░ 51/60 (85%)
    option_pool_shuffle [google/gemini-3-flash-preview] ██████████████████░░ 54/60 (90%)
    option_pool_shuffle [google/gemini-3-flash-preview] ███████████████████░ 57/60 (95%)
    option_pool_shuffle [google/gemini-3-flash-preview] ████████████████████ 60/60 (100%)
    multi_round_stacked_dilution [google/gemini-3-flash-preview] █░░░░░░░░░░░░░░░░░░░ 5/100 (5%)
    multi_round_stacked_dilution [google/gemini-3-flash-preview] ██░░░░░░░░░░░░░░░░░░ 10/100 (10%)
    multi_round_stacked_dilution [google/gemini-3-flash-preview] ███░░░░░░░░░░░░░░░░░ 15/100 (15%)
    multi_round_stacked_dilution [google/gemini-3-flash-preview] ████░░░░░░░░░░░░░░░░ 20/100 (20%)
    multi_round_stacked_dilution [google/gemini-3-flash-preview] █████░░░░░░░░░░░░░░░ 25/100 (25%)
    multi_round_stacked_dilution [google/gemini-3-flash-preview] ██████░░░░░░░░░░░░░░ 30/100 (30%)
    multi_round_stacked_dilution [google/gemini-3-flash-preview] ███████░░░░░░░░░░░░░ 35/100 (35%)
    multi_round_stacked_dilution [google/gemini-3-flash-preview] ████████░░░░░░░░░░░░ 40/100 (40%)
    multi_round_stacked_dilution [google/gemini-3-flash-preview] █████████░░░░░░░░░░░ 45/100 (45%)
    multi_round_stacked_dilution [google/gemini-3-flash-preview] ██████████░░░░░░░░░░ 50/100 (50%)
    multi_round_stacked_dilution [google/gemini-3-flash-preview] ███████████░░░░░░░░░ 55/100 (55%)
    multi_round_stacked_dilution [google/gemini-3-flash-preview] ████████████░░░░░░░░ 60/100 (60%)
    multi_round_stacked_dilution [google/gemini-3-flash-preview] █████████████░░░░░░░ 65/100 (65%)
    multi_round_stacked_dilution [google/gemini-3-flash-preview] ██████████████░░░░░░ 70/100 (70%)
    multi_round_stacked_dilution [google/gemini-3-flash-preview] ███████████████░░░░░ 75/100 (75%)
    multi_round_stacked_dilution [google/gemini-3-flash-preview] ████████████████░░░░ 80/100 (80%)
    multi_round_stacked_dilution [google/gemini-3-flash-preview] █████████████████░░░ 85/100 (85%)
    multi_round_stacked_dilution [google/gemini-3-flash-preview] ██████████████████░░ 90/100 (90%)
    multi_round_stacked_dilution [google/gemini-3-flash-preview] ███████████████████░ 95/100 (95%)
    multi_round_stacked_dilution [google/gemini-3-flash-preview] ████████████████████ 100/100 (100%)
    convert_vs_preference_decision [google/gemini-3-flash-preview] █░░░░░░░░░░░░░░░░░░░ 2/40 (5%)
    convert_vs_preference_decision [google/gemini-3-flash-preview] ██░░░░░░░░░░░░░░░░░░ 4/40 (10%)
    convert_vs_preference_decision [google/gemini-3-flash-preview] ███░░░░░░░░░░░░░░░░░ 6/40 (15%)
    convert_vs_preference_decision [google/gemini-3-flash-preview] ████░░░░░░░░░░░░░░░░ 8/40 (20%)
    convert_vs_preference_decision [google/gemini-3-flash-preview] █████░░░░░░░░░░░░░░░ 10/40 (25%)
    convert_vs_preference_decision [google/gemini-3-flash-preview] ██████░░░░░░░░░░░░░░ 12/40 (30%)
    convert_vs_preference_decision [google/gemini-3-flash-preview] ███████░░░░░░░░░░░░░ 14/40 (35%)
    convert_vs_preference_decision [google/gemini-3-flash-preview] ████████░░░░░░░░░░░░ 16/40 (40%)
    convert_vs_preference_decision [google/gemini-3-flash-preview] █████████░░░░░░░░░░░ 18/40 (45%)
    convert_vs_preference_decision [google/gemini-3-flash-preview] ██████████░░░░░░░░░░ 20/40 (50%)
    convert_vs_preference_decision [google/gemini-3-flash-preview] ███████████░░░░░░░░░ 22/40 (55%)
    convert_vs_preference_decision [google/gemini-3-flash-preview] ████████████░░░░░░░░ 24/40 (60%)
    convert_vs_preference_decision [google/gemini-3-flash-preview] █████████████░░░░░░░ 26/40 (65%)
    convert_vs_preference_decision [google/gemini-3-flash-preview] ██████████████░░░░░░ 28/40 (70%)
    convert_vs_preference_decision [google/gemini-3-flash-preview] ███████████████░░░░░ 30/40 (75%)
    convert_vs_preference_decision [google/gemini-3-flash-preview] ████████████████░░░░ 32/40 (80%)
    convert_vs_preference_decision [google/gemini-3-flash-preview] █████████████████░░░ 34/40 (85%)
    convert_vs_preference_decision [google/gemini-3-flash-preview] ██████████████████░░ 36/40 (90%)
    convert_vs_preference_decision [google/gemini-3-flash-preview] ███████████████████░ 38/40 (95%)
    convert_vs_preference_decision [google/gemini-3-flash-preview] ████████████████████ 40/40 (100%)
      200 calls

  === gpt-oss-120b-or (openrouter) ===
    option_pool_shuffle [openai/gpt-oss-120b] ███░░░░░░░░░░░░░░░░░ 9/60 (15%)
    option_pool_shuffle [openai/gpt-oss-120b] ████░░░░░░░░░░░░░░░░ 12/60 (20%)
    option_pool_shuffle [openai/gpt-oss-120b] █████░░░░░░░░░░░░░░░ 15/60 (25%)
    option_pool_shuffle [openai/gpt-oss-120b] ██████░░░░░░░░░░░░░░ 18/60 (30%)
    option_pool_shuffle [openai/gpt-oss-120b] ███████░░░░░░░░░░░░░ 21/60 (35%)
    option_pool_shuffle [openai/gpt-oss-120b] ████████░░░░░░░░░░░░ 24/60 (40%)
    option_pool_shuffle [openai/gpt-oss-120b] █████████░░░░░░░░░░░ 27/60 (45%)
    option_pool_shuffle [openai/gpt-oss-120b] ██████████░░░░░░░░░░ 30/60 (50%)
    option_pool_shuffle [openai/gpt-oss-120b] ███████████░░░░░░░░░ 33/60 (55%)
    option_pool_shuffle [openai/gpt-oss-120b] ████████████░░░░░░░░ 36/60 (60%)
    option_pool_shuffle [openai/gpt-oss-120b] █████████████░░░░░░░ 39/60 (65%)
    option_pool_shuffle [openai/gpt-oss-120b] ██████████████░░░░░░ 42/60 (70%)
    option_pool_shuffle [openai/gpt-oss-120b] ███████████████░░░░░ 45/60 (75%)
    option_pool_shuffle [openai/gpt-oss-120b] ████████████████░░░░ 48/60 (80%)
    option_pool_shuffle [openai/gpt-oss-120b] █████████████████░░░ 51/60 (85%)
    option_pool_shuffle [openai/gpt-oss-120b] ██████████████████░░ 54/60 (90%)
    option_pool_shuffle [openai/gpt-oss-120b] ███████████████████░ 57/60 (95%)
    option_pool_shuffle [openai/gpt-oss-120b] ████████████████████ 60/60 (100%)
    multi_round_stacked_dilution [openai/gpt-oss-120b] ███░░░░░░░░░░░░░░░░░ 15/100 (15%)
    multi_round_stacked_dilution [openai/gpt-oss-120b] ████░░░░░░░░░░░░░░░░ 20/100 (20%)
    multi_round_stacked_dilution [openai/gpt-oss-120b] █████░░░░░░░░░░░░░░░ 25/100 (25%)
    multi_round_stacked_dilution [openai/gpt-oss-120b] ██████░░░░░░░░░░░░░░ 30/100 (30%)
    multi_round_stacked_dilution [openai/gpt-oss-120b] ███████░░░░░░░░░░░░░ 35/100 (35%)
    multi_round_stacked_dilution [openai/gpt-oss-120b] ████████░░░░░░░░░░░░ 40/100 (40%)
    multi_round_stacked_dilution [openai/gpt-oss-120b] █████████░░░░░░░░░░░ 45/100 (45%)
    multi_round_stacked_dilution [openai/gpt-oss-120b] ██████████░░░░░░░░░░ 50/100 (50%)
    multi_round_stacked_dilution [openai/gpt-oss-120b] ███████████░░░░░░░░░ 55/100 (55%)
    multi_round_stacked_dilution [openai/gpt-oss-120b] ████████████░░░░░░░░ 60/100 (60%)
    multi_round_stacked_dilution [openai/gpt-oss-120b] █████████████░░░░░░░ 65/100 (65%)
    multi_round_stacked_dilution [openai/gpt-oss-120b] ██████████████░░░░░░ 70/100 (70%)
    multi_round_stacked_dilution [openai/gpt-oss-120b] ███████████████░░░░░ 75/100 (75%)
    multi_round_stacked_dilution [openai/gpt-oss-120b] ████████████████░░░░ 80/100 (80%)
    multi_round_stacked_dilution [openai/gpt-oss-120b] █████████████████░░░ 85/100 (85%)
    multi_round_stacked_dilution [openai/gpt-oss-120b] ██████████████████░░ 90/100 (90%)
    multi_round_stacked_dilution [openai/gpt-oss-120b] ███████████████████░ 95/100 (95%)
    multi_round_stacked_dilution [openai/gpt-oss-120b] ████████████████████ 100/100 (100%)
    convert_vs_preference_decision [openai/gpt-oss-120b] ███░░░░░░░░░░░░░░░░░ 6/40 (15%)
    convert_vs_preference_decision [openai/gpt-oss-120b] ████░░░░░░░░░░░░░░░░ 8/40 (20%)
    convert_vs_preference_decision [openai/gpt-oss-120b] █████░░░░░░░░░░░░░░░ 10/40 (25%)
    convert_vs_preference_decision [openai/gpt-oss-120b] ██████░░░░░░░░░░░░░░ 12/40 (30%)
    convert_vs_preference_decision [openai/gpt-oss-120b] ███████░░░░░░░░░░░░░ 14/40 (35%)
    convert_vs_preference_decision [openai/gpt-oss-120b] ████████░░░░░░░░░░░░ 16/40 (40%)
    convert_vs_preference_decision [openai/gpt-oss-120b] █████████░░░░░░░░░░░ 18/40 (45%)
    convert_vs_preference_decision [openai/gpt-oss-120b] ██████████░░░░░░░░░░ 20/40 (50%)
    convert_vs_preference_decision [openai/gpt-oss-120b] ███████████░░░░░░░░░ 22/40 (55%)
    convert_vs_preference_decision [openai/gpt-oss-120b] ████████████░░░░░░░░ 24/40 (60%)
    convert_vs_preference_decision [openai/gpt-oss-120b] █████████████░░░░░░░ 26/40 (65%)
    convert_vs_preference_decision [openai/gpt-oss-120b] ██████████████░░░░░░ 28/40 (70%)
    convert_vs_preference_decision [openai/gpt-oss-120b] ███████████████░░░░░ 30/40 (75%)
    convert_vs_preference_decision [openai/gpt-oss-120b] ████████████████░░░░ 32/40 (80%)
    convert_vs_preference_decision [openai/gpt-oss-120b] █████████████████░░░ 34/40 (85%)
    convert_vs_preference_decision [openai/gpt-oss-120b] ██████████████████░░ 36/40 (90%)
    convert_vs_preference_decision [openai/gpt-oss-120b] ███████████████████░ 38/40 (95%)
    convert_vs_preference_decision [openai/gpt-oss-120b] ████████████████████ 40/40 (100%)
      convert_vs_preference_decision: 1 empty responses dropped, refilling (attempt 1/3)
    convert_vs_preference_decision [openai/gpt-oss-120b] ████████████████████ 40/40 (100%)
      200 calls

  === gpt5-mini-or (openrouter) ===
    convert_vs_preference_decision [openai/gpt-5-mini] ████████████████████ 40/40 (100%)
      200 calls

  2960 calls across 12 configurations
